(1698232894.363802) can0 153#208010FF00FFB05E 0
(1698232894.363804) can0 160#00E7FF0A00000012 0
(1698232894.363806) can0 164#00080A02 0
(1698232894.363807) can0 220#9F837B0000040F59 0
(1698232894.364776) can0 54B#0010000000870100 0
(1698232894.364778) can0 130#027E037D00000421 0
(1698232894.364779) can0 140#C27E006320000400 0
(1698232894.365794) can0 389#0000000000000000 0
(1698232894.365795) can0 38D#0000080000000008 0
(1698232894.366816) can0 420#E01418C8FC4F6A00 0
(1698232894.366818) can0 421#000000FFE37F0038 0
(1698232894.367815) can0 4F1#003A6690 0
(1698232894.367816) can0 340#130000048000A811 0
(1698232894.371834) can0 371#001E00008EDE0710 0
(1698232894.372858) can0 251#E002DD20001FC77B 0
(1698232894.372860) can0 2B0#98FF0407FD 0
(1698232894.372861) can0 372#290025007E1F0000 0
(1698232894.372862) can0 153#208010FF00FFC06E 0
(1698232894.373858) can0 160#00E9FF0A0000001C 0
(1698232894.373859) can0 164#00080C04 0
(1698232894.373860) can0 220#A0237B0000000F64 0
(1698232894.373861) can0 394#D9630000D9231581 0
(1698232894.373862) can0 470#1544405555441400 0
(1698232894.374839) can0 130#F87D257D00000597 0
(1698232894.374841) can0 140#EC7E006320000573 0
(1698232894.374843) can0 47F#200000000000 0
(1698232894.374844) can0 490#00000820000000 0
(1698232894.377693) can0 386#38C52D8531052AC5 0
(1698232894.378689) can0 340#130000049000B811 0
(1698232894.378691) can0 387#8B3D3E6E007A0600 0
(1698232894.381809) can0 381#80E83800006F1405 0
(1698232894.382816) can0 251#DD02DEDC001D877B 0
(1698232894.382818) can0 2B0#96FF04072E 0
(1698232894.382819) can0 371#001E00008EDE0710 0
(1698232894.382820) can0 153#208010FF00FFD07E 0
(1698232894.383816) can0 160#00E9FF0A0000001C 0
(1698232894.383818) can0 164#00080E06 0
(1698232894.383819) can0 220#A4C37B0000FB0E72 0
(1698232894.383820) can0 372#29002500761F0000 0
(1698232894.383821) can0 436#00000000 0
(1698232894.384837) can0 130#F47D177D000006F0 0
(1698232894.384838) can0 140#337F006320000688 0
(1698232894.384839) can0 595#0000BCFFF40E0000 0
(1698232894.385856) can0 389#0000000000000000 0
(1698232894.385858) can0 38D#00000800000000F9 0
(1698232894.386860) can0 420#F01418C8FC4F6A00 0
(1698232894.386862) can0 421#000000FFE37F0029 0
(1698232894.387859) can0 4F1#003A66A0 0
(1698232894.388877) can0 340#13000004A000C811 0
(1698232894.388878) can0 485#00000000 0
(1698232894.391758) can0 371#001E00008EDE0710 0
(1698232894.392789) can0 251#D402DF6D0016277B 0
(1698232894.392791) can0 2B0#95FF03077F 0
(1698232894.392792) can0 372#29002500741F0000 0
(1698232894.392793) can0 153#208010FF00FFE08E 0
(1698232894.393795) can0 160#00E9FF0A0000001C 0
(1698232894.393796) can0 164#00081018 0
(1698232894.393797) can0 220#A3E37C0000F90E80 0
(1698232894.393798) can0 394#E7830000E7231581 0
(1698232894.394827) can0 470#1544405555481400 0
(1698232894.394829) can0 130#F27DF07C000007D5 0
(1698232894.394830) can0 140#447F006320000713 0
(1698232894.394831) can0 47F#200000000000 0
(1698232894.394832) can0 596#000000008E00FE64 0
(1698232894.397351) can0 53E#000000002000 0
(1698232894.398411) can0 386#36052CC5384528C5 0
(1698232894.398413) can0 387#9547487800A30700 0
(1698232894.399410) can0 340#13000004B000D811 0
(1698232894.401839) can0 592#40EF020000FD7E58 0
(1698232894.402887) can0 251#CD02E0610010277B 0
(1698232894.402889) can0 2B0#93FF040790 0
(1698232894.402890) can0 371#001E00008EDE0710 0
(1698232894.402891) can0 153#208010FF00FF00AE 0
(1698232894.403891) can0 160#00E7FF0A00000012 0
(1698232894.403893) can0 164#0008121A 0
(1698232894.403894) can0 220#9E437D0000F80E9D 0
(1698232894.403894) can0 372#290025007A1F0000 0
(1698232894.403895) can0 381#808038000070AD05 0
(1698232894.404842) can0 130#E67DFB7C00000877 0
(1698232894.404844) can0 140#207F006320000870 0
(1698232894.405916) can0 389#0000000000000000 0
(1698232894.405918) can0 38D#00000800000000EA 0
(1698232894.406906) can0 420#001418C8FC4F6A00 0
(1698232894.406908) can0 421#000000FFE37F001A 0
(1698232894.406909) can0 50A#0A10000000000000 0
(1698232894.407883) can0 4F1#203A66B0 0
(1698232894.407884) can0 340#13000004C000E811 0
(1698232894.411888) can0 371#001E00008EDE0710 0
(1698232894.412913) can0 251#D302E1AD0015677B 0
(1698232894.412915) can0 2B0#93FF0307F1 0
(1698232894.412916) can0 372#290025007E1F0000 0
(1698232894.412917) can0 153#208010FF00FF10BE 0
(1698232894.413909) can0 160#00EAFF0A0000001F 0
(1698232894.413911) can0 164#0008141C 0
(1698232894.413912) can0 220#9FA37C0000F20EA7 0
(1698232894.413913) can0 394#E5A30000E5231781 0
(1698232894.413914) can0 470#14444015404C1400 0
(1698232894.414943) can0 130#DC7DF57C000009C2 0
(1698232894.414946) can0 140#F97E006320000962 0
(1698232894.414947) can0 47F#200000000000 0
(1698232894.417681) can0 386#3A452DC532852BC5 0
(1698232894.418691) can0 387#A052538300D00800 0
(1698232894.418692) can0 340#13000004D000F811 0
(1698232894.421875) can0 381#809838000071C605 0
(1698232894.422841) can0 251#D102E26B0014277B 0
(1698232894.422843) can0 2B0#90FF0307F2 0
(1698232894.422844) can0 371#001E00008EDE0710 0
(1698232894.422845) can0 153#208010FF00FF20CE 0
(1698232894.423831) can0 160#00E9FF0A0000001C 0
(1698232894.423833) can0 164#0008161E 0
(1698232894.423834) can0 220#9E037C0000ED0EB1 0
(1698232894.423835) can0 372#290025007C1F0000 0
(1698232894.423835) can0 130#D67DF97C00000A4F 0
(1698232894.424826) can0 140#E97E006320000AFC 0
(1698232894.424827) can0 490#00000820000000 0
(1698232894.424828) can0 495#00000D10F5B02EA7 0
(1698232894.425848) can0 389#0000000000000000 0
(1698232894.425849) can0 38D#00000800000000DB 0
(1698232894.426847) can0 420#101418C8FC4F6A00 0
(1698232894.426848) can0 421#000000FFE37F000B 0
(1698232894.426849) can0 4F1#C03966C0 0
(1698232894.427846) can0 340#13000004E0000811 0
(1698232894.431721) can0 371#001E00008EDE0710 0
(1698232894.432745) can0 251#D902E3F90019A77B 0
(1698232894.432746) can0 2B0#90FF0307E3 0
(1698232894.432747) can0 372#290025007A1F0000 0
(1698232894.432749) can0 412#0000000000000000 0
(1698232894.433817) can0 153#208010FF00FF30DE 0
(1698232894.433819) can0 160#00ECFF0A00000019 0
(1698232894.433820) can0 164#00081810 0
(1698232894.433821) can0 220#9FC37B0000EA0ECC 0
(1698232894.433822) can0 394#DEC30000DE231581 0
(1698232894.434837) can0 436#00000000 0
(1698232894.434839) can0 130#CC7D0B7D00000B59 0
(1698232894.434840) can0 140#FE7E006320000BD6 0
(1698232894.434841) can0 470#1100005555100000 0
(1698232894.435837) can0 47F#200000000000 0
(1698232894.435839) can0 4C9#0000000001000000 0
(1698232894.435840) can0 500#01 0
(1698232894.435841) can0 520#0000000000000000 0
(1698232894.435842) can0 5BE#080000FF00000000 0
(1698232894.436836) can0 5C1#5F01061063010009 0
(1698232894.436838) can0 5FF#600000C800C80000 0
(1698232894.437856) can0 340#13000004F0001811 0
(1698232894.437857) can0 386#368529C52F8526C5 0
(1698232894.438876) can0 387#AA5C5D8D00F90900 0
(1698232894.438878) can0 485#00000000 0
(1698232894.441782) can0 371#001E00008EDE0710 0
(1698232894.442821) can0 251#DB02E4AE001B577B 0
(1698232894.442822) can0 2B0#8BFF040744 0
(1698232894.442822) can0 372#29002500761F0000 0
(1698232894.442822) can0 153#208010FF00FF40EE 0
(1698232894.443851) can0 160#00EBFF0A0000001E 0
(1698232894.443851) can0 164#00081A12 0
(1698232894.443852) can0 220#A1237C0000E50EDA 0
(1698232894.443852) can0 381#80E0380000720F05 0
(1698232894.443852) can0 410#E012211880020020 0
(1698232894.444825) can0 130#C27DE87C00000C55 0
(1698232894.444826) can0 140#157F006320000CE6 0
(1698232894.444826) can0 50B#0000970000000000 0
(1698232894.445922) can0 389#0000000000000000 0
(1698232894.445923) can0 38D#00000800000000CC 0
(1698232894.446918) can0 420#201418C8FC4F6A00 0
(1698232894.446919) can0 421#000000FFE37F00FC 0
(1698232894.447940) can0 4F1#E03966D0 0
(1698232894.447941) can0 50C#0000000008000090 0
(1698232894.449736) can0 340#1300000400002811 0
(1698232894.451854) can0 2B0#89FF040775 0
(1698232894.452871) can0 251#DA02E5CD001A777B 0
(1698232894.452872) can0 371#001E00008EDE0710 0
(1698232894.452872) can0 372#29002500741F0000 0
(1698232894.452872) can0 153#208010FF00FF50FE 0
(1698232894.453870) can0 160#00E9FF0A0000001C 0
(1698232894.453871) can0 164#00081C14 0
(1698232894.453871) can0 220#9D837C0000E00EE3 0
(1698232894.453871) can0 394#E4E30000E4231581 0
(1698232894.454888) can0 130#BA7DC97C00000D39 0
(1698232894.454888) can0 140#207F006320000D19 0
(1698232894.454889) can0 470#0544405155541400 0
(1698232894.454889) can0 47F#200000000000 0
(1698232894.454890) can0 507#00000001 0
(1698232894.455888) can0 50E#0000002000000000 0
(1698232894.455889) can0 541#0304418080080005 0
(1698232894.455889) can0 553#0001000201008000 0
(1698232894.456912) can0 593#441118181617 0
(1698232894.457950) can0 386#32C529C532452AC5 0
(1698232894.458907) can0 340#1300000410003811 0
(1698232894.458907) can0 387#B466679700220A00 0
(1698232894.461956) can0 381#80D8380000730805 0
(1698232894.462950) can0 251#DA02E6AF001B577B 0
(1698232894.462951) can0 2B0#86FF0407B6 0
(1698232894.462951) can0 371#001E00008EDE0710 0
(1698232894.462952) can0 153#208010FF00FF600E 0
(1698232894.463949) can0 160#00E9FF0A0000001C 0
(1698232894.463950) can0 164#00081E16 0
(1698232894.463950) can0 220#9AA37C0000DC0EFA 0
(1698232894.463951) can0 372#29002500761F0000 0
(1698232894.463951) can0 130#B27DA37C00000E31 0
(1698232894.464928) can0 140#157F006320000EDC 0
(1698232894.464929) can0 54B#0010000000870100 0
(1698232894.464929) can0 559#0000000000000000 0
(1698232894.465946) can0 389#0000000000000000 0
(1698232894.465947) can0 38D#00000800000000BD 0
(1698232894.466965) can0 420#301418C8FC4F6A00 0
(1698232894.466966) can0 421#000000FFE37F00ED 0
(1698232894.466967) can0 4F1#E03966E0 0
(1698232894.467951) can0 340#1300000420004811 0
(1698232894.471855) can0 371#001E00000EDF0710 0
(1698232894.472878) can0 251#CF02E74C0012077B 0
(1698232894.472880) can0 2B0#85FF040797 0
(1698232894.472881) can0 372#290025007C1F0000 0
(1698232894.472882) can0 153#208010FF00FF701E 0
(1698232894.473881) can0 160#00E7FF0A00000012 0
(1698232894.473882) can0 164#00080008 0
(1698232894.473883) can0 220#95837C0000D80E03 0
(1698232894.473883) can0 394#E4030000E4231381 0
(1698232894.473884) can0 470#1544405555581400 0
(1698232894.474892) can0 130#AE7DA67C00000FF1 0
(1698232894.474893) can0 140#F97E006320000F2C 0
(1698232894.474894) can0 47F#200000000000 0
(1698232894.474895) can0 490#00000820000000 0
(1698232894.475852) can0 544#0000000000000000 0
(1698232894.477721) can0 386#38052B0530852885 0
(1698232894.478742) can0 387#BF7072A2004E0B00 0
(1698232894.478743) can0 340#1300000430005811 0
(1698232894.481884) can0 381#80B038000074E105 0
(1698232894.482894) can0 251#D502E8B80017677B 0
(1698232894.482896) can0 2B0#82FF050708 0
(1698232894.482897) can0 371#001E00000EDF0710 0
(1698232894.482898) can0 153#208010FF00FF802E 0
(1698232894.483913) can0 160#00E9FF0A0000001C 0
(1698232894.483915) can0 164#0008020A 0
(1698232894.483916) can0 220#95037C0000D60E11 0
(1698232894.483917) can0 372#290025007E1F0000 0
(1698232894.483918) can0 130#A87DDF7C00000034 0
(1698232894.484894) can0 140#C87E00632000001C 0
(1698232894.484895) can0 436#00000000 0
(1698232894.484897) can0 595#0000BEFFF40E0000 0
(1698232894.485931) can0 389#0000000000000000 0
(1698232894.485932) can0 38D#00000800000000AE 0
(1698232894.486884) can0 420#401418C8FC4F6A00 0
(1698232894.486886) can0 421#000000FFE37F00DE 0
(1698232894.486887) can0 4F1#C03966F0 0
(1698232894.487916) can0 340#1300000440006811 0
(1698232894.488956) can0 485#00000000 0
(1698232894.491827) can0 371#001E00000EDF0710 0
(1698232894.492837) can0 251#D702E9BC0018677B 0
(1698232894.492839) can0 2B0#7FFF050739 0
(1698232894.492840) can0 372#290025007C1F0000 0
(1698232894.492841) can0 153#208010FF00FF903E 0
(1698232894.493843) can0 160#00E7FF0A00000012 0
(1698232894.493845) can0 164#0008040C 0
(1698232894.493846) can0 220#9C437B0000D30E22 0
(1698232894.493847) can0 394#DA230000DA231781 0
(1698232894.493848) can0 130#9E7DD27C00000184 0
(1698232894.494838) can0 140#C47E0063200001BA 0
(1698232894.494840) can0 470#15444055559C1400 0
(1698232894.494841) can0 47F#200000000000 0
(1698232894.494842) can0 596#000000008E00FE64 0
(1698232894.497673) can0 386#32452705338527C5 0
(1698232894.498710) can0 387#C97B7CAC00780C00 0
(1698232894.499773) can0 340#1300000450007811 0
(1698232894.501796) can0 381#80D8380000750A05 0
(1698232894.502757) can0 251#DA02EAB2001A577B 0
(1698232894.502760) can0 2B0#7DFF05072A 0
(1698232894.502761) can0 53E#000000002000 0
(1698232894.502762) can0 592#40EF020000FD7F98 0
(1698232894.503816) can0 153#208010FF00FFA04E 0
(1698232894.503817) can0 160#00E8FF0A0000001D 0
(1698232894.503818) can0 164#0008060E 0
(1698232894.503819) can0 220#9B237B0000CE0E3C 0
(1698232894.503820) can0 371#001E00000EDF0710 0
(1698232894.504816) can0 130#907D8D7C000002AF 0
(1698232894.504818) can0 140#257F006320000296 0
(1698232894.504819) can0 372#29002500761F0000 0
(1698232894.505798) can0 389#0000000000000000 0
(1698232894.505800) can0 38D#0000080000000080 0
(1698232894.506795) can0 420#501418C8FC4F6A00 0
(1698232894.506797) can0 421#000000FFE37F00B0 0
(1698232894.506798) can0 4A2#0100 0
(1698232894.506799) can0 4F1#C0396600 0
(1698232894.507859) can0 340#1300000460008811 0
(1698232894.511848) can0 371#001E00000EDF0710 0
(1698232894.512833) can0 251#CC02EBE9000FA77A 0
(1698232894.512834) can0 2B0#7DFF04072B 0
(1698232894.512835) can0 372#29002500721F0000 0
(1698232894.512836) can0 153#208010FF00FFB05E 0
(1698232894.513868) can0 160#00E9FF0A0000001C 0
(1698232894.513870) can0 164#00080800 0
(1698232894.513872) can0 220#92C37C0000C70E4F 0
(1698232894.513872) can0 394#E6430000E6231B81 0
(1698232894.513874) can0 470#1444401540201400 0
(1698232894.514887) can0 130#7C7D6F7C000003B0 0
(1698232894.514888) can0 140#687F0063200003B3 0
(1698232894.514890) can0 47F#200000000000 0
(1698232894.517725) can0 386#328527052D0524C5 0
(1698232894.518743) can0 387#D48586B600A20D00 0
(1698232894.518745) can0 340#1300000470009811 0
(1698232894.521867) can0 371#001E00000EDF0710 0
(1698232894.522874) can0 251#BB02EC5C0002377A 0
(1698232894.522875) can0 2B0#7BFF04073C 0
(1698232894.522877) can0 372#29002500801F0000 0
(1698232894.522878) can0 153#208010FF00FFC06E 0
(1698232894.523854) can0 160#00E9FF0A0000001C 0
(1698232894.523855) can0 164#00080A02 0
(1698232894.523857) can0 220#8EC37D0000BD0E50 0
(1698232894.523858) can0 381#8018380000764B05 0
(1698232894.523859) can0 130#747D817C0000045A 0
(1698232894.524851) can0 140#307F006320000455 0
(1698232894.524852) can0 490#00000820000000 0
(1698232894.524853) can0 495#00000D10F5B02EA7 0
(1698232894.525866) can0 389#0000000000000000 0
(1698232894.525867) can0 38D#0000080000000071 0
(1698232894.526872) can0 420#601418C8FC4F6A00 0
(1698232894.526874) can0 421#000000FFE37F00A1 0
(1698232894.526875) can0 4F1#E0396610 0
(1698232894.527871) can0 340#130000048000A811 0
(1698232894.531790) can0 371#001E00000EDF0710 0
(1698232894.532812) can0 251#B902EDAA0001877A 0
(1698232894.532813) can0 2B0#79FF04070D 0
(1698232894.532814) can0 372#29002500881F0000 0
(1698232894.532815) can0 436#00000000 0
(1698232894.533846) can0 153#208010FF00FFD07E 0
(1698232894.533848) can0 160#00E9FF0A0000001C 0
(1698232894.533849) can0 164#00080C04 0
(1698232894.533850) can0 220#90E37C0000B90E6F 0
(1698232894.533851) can0 394#E7630000E7231781 0
(1698232894.534870) can0 130#747D927C00000517 0
(1698232894.534872) can0 140#D67E0063200005CD 0
(1698232894.534873) can0 470#1100005555240000 0
(1698232894.534874) can0 47F#200000000000 0
(1698232894.534875) can0 500#01 0
(1698232894.535828) can0 520#0000000000000000 0
(1698232894.535830) can0 5C1#5F01061063010009 0
(1698232894.535831) can0 5FF#600000C800C80000 0
(1698232894.537745) can0 386#34C5250530052085 0
(1698232894.538745) can0 340#130000049000B811 0
(1698232894.538747) can0 387#DE8F91C000CC0E00 0
(1698232894.538748) can0 485#00000000 0
(1698232894.541846) can0 381#8028380000775C05 0
(1698232894.542870) can0 251#BF02EED60006A77A 0
(1698232894.542871) can0 2B0#76FF0507DE 0
(1698232894.542872) can0 371#001E00000EDF0710 0
(1698232894.542874) can0 153#208010FF00FFE08E 0
(1698232894.543881) can0 160#00E9FF0A0000001C 0
(1698232894.543883) can0 164#00080E06 0
(1698232894.543884) can0 220#93837B0000B90E71 0
(1698232894.543885) can0 372#29002500821F0000 0
(1698232894.543886) can0 130#727D8D7C00000671 0
(1698232894.544852) can0 140#D87E0063200006EB 0
(1698232894.544854) can0 50B#0000970000000000 0
(1698232894.545879) can0 389#0000000000000000 0
(1698232894.545880) can0 38D#0000080000000062 0
(1698232894.546878) can0 420#701418C8FC4F6A00 0
(1698232894.546880) can0 421#000000FFE37F0092 0
(1698232894.546881) can0 4F1#E0396620 0
(1698232894.547828) can0 50C#00000000080000A0 0
(1698232894.547830) can0 52A#2F00000006001D00 0
(1698232894.549727) can0 340#13000004A000C811 0
(1698232894.551795) can0 2B0#74FF0507EF 0
(1698232894.552774) can0 251#CA02EF4B000E077B 0
(1698232894.552775) can0 371#001E00000EDF0710 0
(1698232894.552776) can0 372#290025007C1F0000 0
(1698232894.552777) can0 153#208010FF00FF00AE 0
(1698232894.553817) can0 160#00E9FF0A0000001C 0
(1698232894.553819) can0 164#00081018 0
(1698232894.553821) can0 220#92837B0000B80E8F 0
(1698232894.553822) can0 394#DC830000DC231D81 0
(1698232894.554814) can0 130#6C7D827C000007A8 0
(1698232894.554815) can0 140#387F0063200007A0 0
(1698232894.554816) can0 470#0544405155681400 0
(1698232894.554817) can0 47F#200000000000 0
(1698232894.554818) can0 507#00000001 0
(1698232894.555831) can0 541#0304418080080005 0
(1698232894.557126) can0 340#13000004B000D811 0
(1698232894.558177) can0 386#300523452DC52085 0
(1698232894.558179) can0 387#E8999BCB00E70000 0
(1698232894.561916) can0 381#807838000078AD05 0
(1698232894.562932) can0 251#CB02F0FD000FB77A 0
(1698232894.562934) can0 2B0#73FF040770 0
(1698232894.562935) can0 371#001E00000EDF0710 0
(1698232894.562936) can0 153#208010FF00FF10BE 0
(1698232894.563913) can0 160#00EAFF0A0000001F 0
(1698232894.563915) can0 164#0008121A 0
(1698232894.563916) can0 220#91037D0000B50E9D 0
(1698232894.563917) can0 372#290025007A1F0000 0
(1698232894.563918) can0 130#587D647C000008B0 0
(1698232894.564938) can0 140#687F00632000087C 0
(1698232894.564939) can0 54B#0010000000870100 0
(1698232894.565968) can0 389#0000000000000000 0
(1698232894.565970) can0 38D#0000080000000053 0
(1698232894.566970) can0 420#801418C8FC4F6A00 0
(1698232894.566972) can0 421#000000FFE37F0083 0
(1698232894.566974) can0 4F1#C0396630 0
(1698232894.567958) can0 52A#2E00000006001D00 0
(1698232894.567959) can0 340#13000004C000E811 0
(1698232894.571787) can0 371#001E00000EDF0710 0
(1698232894.572811) can0 251#C302F18F0008577A 0
(1698232894.572813) can0 2B0#70FF040751 0
(1698232894.572814) can0 372#290025007E1F0000 0
(1698232894.572815) can0 153#208010FF00FF20CE 0
(1698232894.573831) can0 160#00E7FF0A00000012 0
(1698232894.573833) can0 164#0008141C 0
(1698232894.573834) can0 220#8DC37D0000AB0EAF 0
(1698232894.573835) can0 394#EEA30000EE231581 0
(1698232894.573836) can0 470#1544405555AC1400 0
(1698232894.574831) can0 130#487D537C00000930 0
(1698232894.574833) can0 140#0F7F00632000095E 0
(1698232894.574834) can0 47F#200000000000 0
(1698232894.574835) can0 490#00000820000000 0
(1698232894.577685) can0 386#3245284531851C85 0
(1698232894.578707) can0 387#F3A4A5D500120100 0
(1698232894.579709) can0 340#13000004D000F811 0
(1698232894.581813) can0 381#80E8370000791D05 0
(1698232894.582818) can0 251#B302F2E200FCC679 0
(1698232894.582820) can0 2B0#6EFF040792 0
(1698232894.582821) can0 371#001E00000EDF0710 0
(1698232894.582822) can0 153#208010FF00FF30DE 0
(1698232894.583834) can0 160#00E8FF0A0000001D 0
(1698232894.583836) can0 164#0008161E 0
(1698232894.583838) can0 220#8B637C0000A30EB2 0
(1698232894.583839) can0 372#29002500861F0000 0
(1698232894.583840) can0 436#00000000 0
(1698232894.584832) can0 130#407D507C00000A7B 0
(1698232894.584833) can0 140#A47E006320000AC4 0
(1698232894.584834) can0 595#0000BDFFF40E0000 0
(1698232894.585860) can0 389#0000000000000000 0
(1698232894.585862) can0 38D#0000080000000044 0
(1698232894.586851) can0 420#901418C8FC4F6A00 0
(1698232894.586853) can0 421#000000FFE37F0074 0
(1698232894.586854) can0 4F1#E0396640 0
(1698232894.587851) can0 340#13000004E0000811 0
(1698232894.587853) can0 485#00000000 0
(1698232894.591725) can0 2B0#6CFF0407A3 0
(1698232894.592728) can0 251#B602F36900FE467A 0
(1698232894.592729) can0 371#001E00000EDF0710 0
(1698232894.592731) can0 372#29002500861F0000 0
(1698232894.592731) can0 470#1544405555B01400 0
(1698232894.593786) can0 153#208010FF00FF40EE 0
(1698232894.593788) can0 160#00E9FF0A0000001C 0
(1698232894.593789) can0 164#00081810 0
(1698232894.593790) can0 220#8AA37A00009F0ECD 0
(1698232894.594788) can0 394#D5C30000D5231781 0
(1698232894.594789) can0 130#367D3C7C00000B21 0
(1698232894.594790) can0 140#AF7E006320000BEC 0
(1698232894.594791) can0 47F#200000000000 0
(1698232894.594792) can0 596#000000008E00FE64 0
(1698232894.597842) can0 386#308523452CC52185 0
(1698232894.598842) can0 387#FDAEB0DF003C0200 0
(1698232894.599740) can0 340#13000004F0001811 0
(1698232894.601985) can0 381#80183800007A4F05 0
(1698232894.602985) can0 251#BC02F4760003477A 0
(1698232894.602987) can0 2B0#6AFF0407B4 0
(1698232894.602988) can0 592#40EF010000FD80D8 0
(1698232894.602989) can0 153#208010FF00FF50FE 0
(1698232894.603911) can0 160#00E9FF0A0000001C 0
(1698232894.603913) can0 164#00081A12 0
(1698232894.603914) can0 220#88E37A00009A0ED4 0
(1698232894.603915) can0 371#001E00000EDF0710 0
(1698232894.603916) can0 372#29002500781F0000 0
(1698232894.604872) can0 130#2A7D317C00000CD8 0
(1698232894.604874) can0 140#0F7F006320000C37 0
(1698232894.606020) can0 389#0000000000000000 0
(1698232894.606022) can0 38D#0000080000000035 0
(1698232894.607031) can0 420#A01418C8FC4F6A00 0
(1698232894.607032) can0 421#000000FFE37F0065 0
(1698232894.607033) can0 50A#0A10000000000000 0
(1698232894.607034) can0 4F1#80396650 0
(1698232894.607928) can0 52A#2E00000006001D00 0
(1698232894.608921) can0 340#1300000400002811 0
(1698232894.608923) can0 53E#000000002000 0
(1698232894.612003) can0 2B0#68FF050795 0
(1698232894.612789) can0 251#C402F5D50009977A 0
(1698232894.612791) can0 371#001E00000EDF0710 0
(1698232894.612792) can0 372#29002500741F0000 0
(1698232894.612793) can0 153#208010FF00FF600E 0
(1698232894.613829) can0 160#00E7FF0A00000012 0
(1698232894.613831) can0 164#00081C14 0
(1698232894.613832) can0 220#86637C0000940EEE 0
(1698232894.613833) can0 394#E3E30000E3231781 0
(1698232894.614811) can0 470#1444401540741400 0
(1698232894.614812) can0 130#1C7D227C00000D90 0
(1698232894.614813) can0 140#467F006320000D7B 0
(1698232894.614814) can0 47F#200000000000 0
(1698232894.617537) can0 340#1300000410003811 0
(1698232894.618555) can0 386#2EC520452D852285 0
(1698232894.618557) can0 387#08B8BAE900660300 0
(1698232894.621887) can0 371#001E00000EDF0710 0
(1698232894.622795) can0 251#C902F6CF000D877A 0
(1698232894.622797) can0 2B0#65FF050776 0
(1698232894.622798) can0 372#29002500781F0000 0
(1698232894.622799) can0 153#208010FF00FF701E 0
(1698232894.623792) can0 160#00E9FF0A0000001C 0
(1698232894.623793) can0 164#00081E16 0
(1698232894.623794) can0 220#84437D00008D0EF6 0
(1698232894.623796) can0 381#80683800007BA005 0
(1698232894.623797) can0 490#00000820000000 0
(1698232894.624805) can0 130#0C7DF07B00000E7C 0
(1698232894.624807) can0 140#1D7F006320000E0E 0
(1698232894.624808) can0 495#00000D10F5B02EA7 0
(1698232894.625810) can0 389#0000000000000000 0
(1698232894.625811) can0 38D#0000080000000026 0
(1698232894.626830) can0 420#B01418C8FC4F6A00 0
(1698232894.626831) can0 421#000000FFE37F0056 0
(1698232894.626832) can0 4F1#80396660 0
(1698232894.627829) can0 340#1300000420004811 0
(1698232894.628847) can0 4A7#0100 0
(1698232894.631727) can0 2B0#63FF050707 0
(1698232894.632724) can0 251#C702F7AD000C677A 0
(1698232894.632725) can0 371#001E00000EE00710 0
(1698232894.632726) can0 372#290025007E1F0000 0
(1698232894.632727) can0 153#208010FF00FF802E 0
(1698232894.633795) can0 160#00E9FF0A0000001C 0
(1698232894.633797) can0 164#00080008 0
(1698232894.633798) can0 220#7EA37C0000850E09 0
(1698232894.633799) can0 394#E5030000E5231181 0
(1698232894.634796) can0 412#0000000000000000 0
(1698232894.634798) can0 130#047DE27B00000F89 0
(1698232894.634799) can0 140#E17E006320000F47 0
(1698232894.634800) can0 436#00000000 0
(1698232894.634801) can0 47F#200000000000 0
(1698232894.635815) can0 470#1100005555780000 0
(1698232894.635816) can0 500#01 0
(1698232894.635817) can0 4C9#0000000001000000 0
(1698232894.635818) can0 520#0000000000000000 0
(1698232894.636814) can0 5C1#5F01061063010009 0
(1698232894.636816) can0 5FF#600000C800C80000 0
(1698232894.637813) can0 386#310521852B051DC5 0
(1698232894.638835) can0 387#13C2C4F300900400 0
(1698232894.638837) can0 340#1300000430005811 0
(1698232894.638838) can0 485#00000000 0
(1698232894.641793) can0 371#001E00008EE00710 0
(1698232894.642816) can0 251#C102F8530007177A 0
(1698232894.642817) can0 2B0#63FF0407E8 0
(1698232894.642819) can0 372#29002500881F0000 0
(1698232894.642820) can0 153#208010FF00FF903E 0
(1698232894.643837) can0 160#00E9FF0A0000001C 0
(1698232894.643839) can0 164#0008020A 0
(1698232894.643840) can0 220#7CA37B0000810E10 0
(1698232894.643841) can0 381#80383800007C7105 0
(1698232894.643842) can0 410#E012211880020020 0
(1698232894.644837) can0 130#FC7CE47B0000006E 0
(1698232894.644838) can0 140#CF7E006320000092 0
(1698232894.644839) can0 50B#0000970000000000 0
(1698232894.645856) can0 389#0000000000000000 0
(1698232894.645857) can0 38D#0000080000000017 0
(1698232894.646856) can0 420#C01418C8FC4F6A00 0
(1698232894.646857) can0 421#000000FFE37F0047 0
(1698232894.646858) can0 4F1#A0396670 0
(1698232894.647878) can0 50C#00000000080000B0 0
(1698232894.647880) can0 52A#2E00000006001D00 0
(1698232894.649267) can0 340#1300000440006811 0
(1698232894.651776) can0 2B0#61FF0407D9 0
(1698232894.652789) can0 251#BC02F97B0003477A 0
(1698232894.652791) can0 371#001E00008EE00710 0
(1698232894.652792) can0 372#29002500801F0000 0
(1698232894.652793) can0 153#208010FF00FFA04E 0
(1698232894.653849) can0 160#00E9FF0A0000001C 0
(1698232894.653851) can0 164#0008040C 0
(1698232894.653852) can0 220#7C637B00007D0E2C 0
(1698232894.653853) can0 394#DB230000DB231581 0
(1698232894.654855) can0 470#0544405155FC1400 0
(1698232894.654857) can0 130#F07CD47B000001E7 0
(1698232894.654858) can0 140#C77E00632000015D 0
(1698232894.654859) can0 47F#200000000000 0
(1698232894.654860) can0 507#00000001 0
(1698232894.655861) can0 50E#0000002000000000 0
(1698232894.655863) can0 541#0304418080080005 0
(1698232894.655864) can0 553#0001000201008000 0
(1698232894.656845) can0 593#441118181617 0
(1698232894.657869) can0 340#1300000450007811 0
(1698232894.657870) can0 386#30451F852A051CC5 0
(1698232894.658887) can0 387#1DCDCEFD00BA0500 0
(1698232894.661877) can0 381#80403800007D7A05 0
(1698232894.662889) can0 251#C302FAA90009677A 0
(1698232894.662891) can0 2B0#5FFF04073A 0
(1698232894.662892) can0 371#001E00000EE10710 0
(1698232894.662893) can0 153#208010FF00FFB05E 0
(1698232894.663930) can0 160#00E7FF0A00000012 0
(1698232894.663932) can0 164#0008060E 0
(1698232894.663933) can0 220#7A437B0000770E34 0
(1698232894.663934) can0 372#290025007E1F0000 0
(1698232894.664953) can0 54B#0010000000870100 0
(1698232894.664954) can0 130#E47CC97B00000256 0
(1698232894.664955) can0 140#EB7E0063200002AE 0
(1698232894.664956) can0 559#0000000000000000 0
(1698232894.665952) can0 389#0000000000000000 0
(1698232894.665954) can0 38D#0000080000000008 0
(1698232894.666931) can0 420#D01418C8FC4F6A00 0
(1698232894.666933) can0 421#000000FFE37F0038 0
(1698232894.666935) can0 4F1#A0396680 0
(1698232894.667968) can0 340#1300000460008811 0
(1698232894.671849) can0 371#001E00000EE10710 0
(1698232894.672812) can0 251#C202FB880008477A 0
(1698232894.672814) can0 2B0#5DFF04070B 0
(1698232894.672816) can0 372#290025007E1F0000 0
(1698232894.672817) can0 153#208010FF00FFC06E 0
(1698232894.673869) can0 160#00E9FF0A0000001C 0
(1698232894.673871) can0 164#00080800 0
(1698232894.673872) can0 220#79C37B0000710E4F 0
(1698232894.673873) can0 394#DE430000DE231D81 0
(1698232894.673874) can0 470#1544405555401400 0
(1698232894.674865) can0 130#DA7CC37B0000033F 0
(1698232894.674867) can0 140#237F006320000358 0
(1698232894.674868) can0 47F#200000000000 0
(1698232894.674869) can0 490#00000820000000 0
(1698232894.675832) can0 544#0000000000000000 0
(1698232894.677706) can0 386#30851E852CC52085 0
(1698232894.678705) can0 387#27D7D90900E60600 0
(1698232894.679706) can0 340#1300000470009811 0
(1698232894.681938) can0 381#80483800007E8305 0
(1698232894.682953) can0 251#C402FCAC0009677A 0
(1698232894.682955) can0 2B0#5AFF05071C 0
(1698232894.682956) can0 371#001E00000EE10710 0
(1698232894.682957) can0 153#208010FF00FFD07E 0
(1698232894.683915) can0 160#00E8FF0A0000001D 0
(1698232894.683916) can0 164#00080A02 0
(1698232894.683918) can0 220#78A37C00006C0E58 0
(1698232894.683919) can0 372#29002500821F0000 0
(1698232894.683920) can0 436#00000000 0
(1698232894.684948) can0 130#D07CCB7B00000473 0
(1698232894.684950) can0 140#367F006320000486 0
(1698232894.684951) can0 595#0000C2FFF30E0000 0
(1698232894.685933) can0 389#0000000000000000 0
(1698232894.685935) can0 38D#00000800000000F9 0
(1698232894.686942) can0 420#E01418C8FC4F6A00 0
(1698232894.686943) can0 421#000000FFE37F0029 0
(1698232894.686944) can0 4F1#80396690 0
(1698232894.687956) can0 340#130000048000A811 0
(1698232894.687957) can0 485#00000000 0
(1698232894.691801) can0 371#001E00000EE10710 0
(1698232894.692772) can0 251#BF02FD340006F779 0
(1698232894.692774) can0 2B0#5BFF04070D 0
(1698232894.692776) can0 372#29002500861F0000 0
(1698232894.692777) can0 470#1544405555441400 0
(1698232894.693819) can0 153#208010FF00FFE08E 0
(1698232894.693821) can0 160#00E9FF0A0000001C 0
(1698232894.693822) can0 164#00080C04 0
(1698232894.693823) can0 220#79037D0000670E67 0
(1698232894.693824) can0 394#E8630000E8231581 0
(1698232894.694848) can0 130#C87CB97B00000561 0
(1698232894.694850) can0 140#2A7F006320000599 0
(1698232894.694851) can0 47F#200000000000 0
(1698232894.694852) can0 596#000000008E00FE64 0
(1698232894.697709) can0 386#2EC51E8529851BC5 0
(1698232894.698726) can0 387#32E1E31300100700 0
(1698232894.699727) can0 340#130000049000B811 0
(1698232894.701898) can0 381#80E83700007F2305 0
(1698232894.702917) can0 251#B402FEBF00FC9679 0
(1698232894.702918) can0 2B0#59FF04071E 0
(1698232894.702919) can0 371#001E00000EE10710 0
(1698232894.702920) can0 153#208010FF00FF00AE 0
(1698232894.703934) can0 160#00E9FF0A0000001C 0
(1698232894.703935) can0 164#00080E06 0
(1698232894.703936) can0 220#77C37C0000630E7E 0
(1698232894.703937) can0 372#29002500861F0000 0
(1698232894.703938) can0 592#40EF010000FD8118 0
(1698232894.704945) can0 130#BC7CB87B0000064D 0
(1698232894.704947) can0 140#0C7F006320000602 0
(1698232894.705954) can0 389#0000000000000000 0
(1698232894.705956) can0 38D#00000800000000EA 0
(1698232894.706994) can0 420#F01418C8FC4F6A00 0
(1698232894.706996) can0 421#000000FFE37F001A 0
(1698232894.706997) can0 4F1#803966A0 0
(1698232894.707996) can0 340#13000004A000C811 0
(1698232894.711863) can0 371#001E00000EE10710 0
(1698232894.712866) can0 251#B002FFC900F9A679 0
(1698232894.712868) can0 2B0#57FF0407EF 0
(1698232894.712869) can0 372#29002500861F0000 0
(1698232894.712870) can0 153#208010FF00FF10BE 0
(1698232894.713993) can0 160#00EAFF0A0000001F 0
(1698232894.713995) can0 164#00081018 0
(1698232894.713996) can0 220#77437C00005D0E88 0
(1698232894.713998) can0 394#E2830000E2231F81 0
(1698232894.713999) can0 130#B07CDF7B000007BE 0
(1698232894.715004) can0 140#FE7E00632000074A 0
(1698232894.715006) can0 470#1444401540081400 0
(1698232894.715007) can0 47F#200000000000 0
(1698232894.715910) can0 53E#000000002000 0
(1698232894.717130) can0 340#13000004B000D811 0
(1698232894.718177) can0 386#2C051BC52A051CC5 0
(1698232894.718179) can0 387#3CEBED1D00390800 0
(1698232894.721852) can0 371#001E00008EE10710 0
(1698232894.722870) can0 251#B702003800FF067A 0
(1698232894.722872) can0 2B0#54FF050730 0
(1698232894.722873) can0 372#290025008C1F0000 0
(1698232894.722874) can0 153#208010FF00FF20CE 0
(1698232894.723891) can0 160#00E9FF0A0000001C 0
(1698232894.723892) can0 164#0008121A 0
(1698232894.723893) can0 220#7C237C0000570E99 0
(1698232894.723894) can0 381#80F0370000802C05 0
(1698232894.723895) can0 130#AA7CFD7B000008C1 0
(1698232894.724846) can0 140#127F00632000081C 0
(1698232894.724847) can0 490#00000820000000 0
(1698232894.724848) can0 495#00000D10F5B02EA7 0
(1698232894.725899) can0 389#0000000000000000 0
(1698232894.725901) can0 38D#00000800000000DB 0
(1698232894.726910) can0 420#001418C8FC4F6A00 0
(1698232894.726911) can0 421#000000FFE37F000B 0
(1698232894.726913) can0 4F1#A03966B0 0
(1698232894.728112) can0 340#13000004C000E811 0
(1698232894.731890) can0 2B0#52FF050741 0
(1698232894.732853) can0 251#BE0201660004277A 0
(1698232894.732855) can0 371#001E00008EE10710 0
(1698232894.732857) can0 372#290025008C1F0000 0
(1698232894.732858) can0 153#208010FF00FF30DE 0
(1698232894.734000) can0 160#00E9FF0A0000001C 0
(1698232894.734002) can0 164#0008141C 0
(1698232894.734003) can0 220#80637C0000540EA8 0
(1698232894.734004) can0 394#E3A30000E3231B81 0
(1698232894.734934) can0 130#A87CFE7B000009D8 0
(1698232894.734936) can0 140#357F0063200009E0 0
(1698232894.734936) can0 436#00000000 0
(1698232894.734937) can0 47F#200000000000 0
(1698232894.734938) can0 470#11000055554C0000 0
(1698232894.735933) can0 500#01 0
(1698232894.735935) can0 520#0000000000000000 0
(1698232894.735936) can0 5C1#5F01061063010009 0
(1698232894.735937) can0 5FF#600000C800C80000 0
(1698232894.737719) can0 386#2F451BC5280518C5 0
(1698232894.738743) can0 387#46F5F82700630900 0
(1698232894.738744) can0 340#13000004D000F811 0
(1698232894.739706) can0 485#00000000 0
(1698232894.741894) can0 371#001E00008EE10710 0
(1698232894.742917) can0 251#BB0202010002C779 0
(1698232894.742918) can0 2B0#52FF040762 0
(1698232894.742920) can0 372#290025008A1F0000 0
(1698232894.742921) can0 153#208010FF00FF40EE 0
(1698232894.743870) can0 160#00E9FF0A0000001C 0
(1698232894.743872) can0 164#0008161E 0
(1698232894.743873) can0 220#80037D0000530EB8 0
(1698232894.743874) can0 381#8018380000815605 0
(1698232894.743875) can0 130#A27C147C00000ABD 0
(1698232894.744919) can0 140#407F006320000AFB 0
(1698232894.744921) can0 50B#0000970000000000 0
(1698232894.745939) can0 389#0000000000000000 0
(1698232894.745941) can0 38D#00000800000000CC 0
(1698232894.746952) can0 420#101418C8FC4F6A00 0
(1698232894.746954) can0 421#000000FFE37F00FC 0
(1698232894.746955) can0 4F1#803966C0 0
(1698232894.747937) can0 50C#00000000080000C0 0
(1698232894.747938) can0 52A#2E00000006001D00 0
(1698232894.747939) can0 5B0#4D7E0300 0
(1698232894.748948) can0 340#13000004E0000811 0
(1698232894.751815) can0 2B0#50FF040753 0
(1698232894.752832) can0 251#B902030E0000D779 0
(1698232894.752833) can0 371#001E00008EE10710 0
(1698232894.752834) can0 372#290025008C1F0000 0
(1698232894.752835) can0 153#208010FF00FF50FE 0
(1698232894.753872) can0 160#00E9FF0A0000001C 0
(1698232894.753874) can0 164#00081810 0
(1698232894.753875) can0 220#83237D0000500EC8 0
(1698232894.753876) can0 394#E9C30000E9231D81 0
(1698232894.754889) can0 130#9A7C167C00000B70 0
(1698232894.754890) can0 140#127F006320000B3B 0
(1698232894.754891) can0 470#0544405155501400 0
(1698232894.754892) can0 47F#200000000000 0
(1698232894.754893) can0 507#00000001 0
(1698232894.755885) can0 541#0304418080080005 0
(1698232894.757706) can0 386#2D851DC5280516C5 0
(1698232894.758760) can0 387#50000331008E0A00 0
(1698232894.759758) can0 340#13000004F0001811 0
(1698232894.761882) can0 371#001E00000EE20710 0
(1698232894.762893) can0 251#AF02046C00F84679 0
(1698232894.762895) can0 2B0#4EFF0407D4 0
(1698232894.762896) can0 372#290025008E1F0000 0
(1698232894.762897) can0 153#208010FF00FF600E 0
(1698232894.763894) can0 160#00E8FF0A0000001D 0
(1698232894.763895) can0 164#00081A12 0
(1698232894.763896) can0 220#83637C00004C0ED5 0
(1698232894.763897) can0 381#80C8370000820605 0
(1698232894.763898) can0 130#947CFD7B00000C62 0
(1698232894.764919) can0 140#D57E006320000CDF 0
(1698232894.764921) can0 54B#0010000000870100 0
(1698232894.765914) can0 389#0000000000000000 0
(1698232894.765915) can0 38D#00000800000000BD 0
(1698232894.766982) can0 420#201418C8FC4F6A00 0
(1698232894.766984) can0 421#000000FFE37F00ED 0
(1698232894.766985) can0 4F1#603966D0 0
(1698232894.768165) can0 340#1300000400002811 0
(1698232894.771830) can0 371#001E00000EE20710 0
(1698232894.772848) can0 251#A802057100F35679 0
(1698232894.772850) can0 2B0#4AFF050795 0
(1698232894.772852) can0 372#290025008C1F0000 0
(1698232894.772853) can0 470#1544405555541400 0
(1698232894.773869) can0 153#208010FF00FF701E 0
(1698232894.773871) can0 160#00E9FF0A0000001C 0
(1698232894.773872) can0 164#00081C14 0
(1698232894.773873) can0 220#80637B0000490EEC 0
(1698232894.773874) can0 130#887CE57B00000DE4 0
(1698232894.774867) can0 140#F77E006320000D17 0
(1698232894.774868) can0 394#DBE30000DB231981 0
(1698232894.774869) can0 47F#200000000000 0
(1698232894.774870) can0 490#00000820000000 0
(1698232894.777741) can0 5E3#0000000000000000 0
(1698232894.778730) can0 386#28C519C524851B85 0
(1698232894.778732) can0 340#1300000410003811 0
(1698232894.778733) can0 387#5B0B0D3B00B90B00 0
(1698232894.781928) can0 381#80B837000083F705 0
(1698232894.782953) can0 251#AD0206CB00F7A679 0
(1698232894.782955) can0 2B0#45FF060766 0
(1698232894.782956) can0 371#001E00000EE20710 0
(1698232894.782957) can0 153#208010FF00FF802E 0
(1698232894.783915) can0 160#00E9FF0A0000001C 0
(1698232894.783916) can0 164#00081E16 0
(1698232894.783917) can0 220#7D037C0000430EF4 0
(1698232894.783918) can0 372#290025008A1F0000 0
(1698232894.783919) can0 130#7E7CE87B00000E11 0
(1698232894.784917) can0 140#437F006320000E68 0
(1698232894.784918) can0 436#00000000 0
(1698232894.784920) can0 595#0000C3FFF30E0000 0
(1698232894.785934) can0 389#0000000000000000 0
(1698232894.785936) can0 38D#00000800000000AE 0
(1698232894.786935) can0 420#301418C8FC4F6A00 0
(1698232894.786936) can0 421#000000FFE37F00DE 0
(1698232894.786937) can0 4F1#603966E0 0
(1698232894.787946) can0 340#1300000420004811 0
(1698232894.787947) can0 485#00000000 0
(1698232894.791886) can0 371#001E00000EE20710 0
(1698232894.792904) can0 251#AF0207B000F98679 0
(1698232894.792906) can0 2B0#43FF050727 0
(1698232894.792907) can0 372#29002500881F0000 0
(1698232894.792908) can0 153#208010FF00FF903E 0
(1698232894.793914) can0 160#00EAFF0A0000001F 0
(1698232894.793916) can0 164#00080008 0
(1698232894.793917) can0 220#7D237D00003E0E00 0
(1698232894.793918) can0 394#E9030000E9231981 0
(1698232894.793919) can0 130#747CDD7B00000F94 0
(1698232894.794914) can0 140#4E7F006320000F93 0
(1698232894.794916) can0 470#1544405555581400 0
(1698232894.794918) can0 47F#200000000000 0
(1698232894.794919) can0 596#000000008E00FE64 0
(1698232894.797747) can0 386#2A05180525851585 0
(1698232894.798743) can0 387#6515174600E30C00 0
(1698232894.800037) can0 340#1300000430005811 0
(1698232894.801915) can0 592#40EF010000FD8158 0
(1698232894.802907) can0 251#B30208F800FCC679 0
(1698232894.802910) can0 2B0#3FFF060758 0
(1698232894.802911) can0 371#001E00000EE20710 0
(1698232894.802912) can0 153#208010FF00FFA04E 0
(1698232894.803906) can0 160#00E9FF0A0000001C 0
(1698232894.803908) can0 164#0008020A 0
(1698232894.803909) can0 220#7C637D0000390E1A 0
(1698232894.803910) can0 372#290025008A1F0000 0
(1698232894.803911) can0 130#6C7CB87B000000C5 0
(1698232894.804893) can0 140#0A7F00632000009F 0
(1698232894.804895) can0 381#80D8370000841805 0
(1698232894.806065) can0 389#0000000000000000 0
(1698232894.806067) can0 38D#0000080000000080 0
(1698232894.806952) can0 420#401418C8FC4F6A00 0
(1698232894.806953) can0 421#000000FFE37F00B0 0
(1698232894.806954) can0 50A#0A10000000000000 0
(1698232894.806955) can0 4F1#403966F0 0
(1698232894.807947) can0 340#1300000440006811 0
(1698232894.812082) can0 371#001E00000EE20710 0
(1698232894.812991) can0 251#B30209B900FC8679 0
(1698232894.812993) can0 2B0#3BFF060709 0
(1698232894.812995) can0 372#290025008C1F0000 0
(1698232894.812996) can0 153#208010FF00FFB05E 0
(1698232894.813970) can0 160#00EAFF0A0000001F 0
(1698232894.813972) can0 164#0008040C 0
(1698232894.813973) can0 220#77437C0000350E20 0
(1698232894.813974) can0 394#E2230000E2231581 0
(1698232894.813975) can0 130#687C8D7B00000141 0
(1698232894.814909) can0 140#BF7E006320000187 0
(1698232894.814911) can0 470#14444005405C1400 0
(1698232894.814912) can0 47F#200000000000 0
(1698232894.817320) can0 340#1300000450007811 0
(1698232894.818414) can0 386#27451505250516C5 0
(1698232894.818416) can0 387#6F1F2250000D0D00 0
(1698232894.819396) can0 53E#000000002000 0
(1698232894.822080) can0 371#001E00000EE20710 0
(1698232894.822799) can0 251#AE020A6100F83679 0
(1698232894.822801) can0 2B0#35FF08073A 0
(1698232894.822803) can0 372#29002500901F0000 0
(1698232894.822805) can0 153#208010FF00FFC06E 0
(1698232894.823816) can0 160#00E9FF0A0000001C 0
(1698232894.823817) can0 164#0008060E 0
(1698232894.823818) can0 220#71237B0000330E39 0
(1698232894.823819) can0 381#80C8370000850905 0
(1698232894.823820) can0 130#627C617B000002B1 0
(1698232894.824806) can0 140#CF7E0063200002A8 0
(1698232894.824807) can0 490#00000820000000 0
(1698232894.824808) can0 495#00000D10F5B02EA7 0
(1698232894.825832) can0 389#0000000000000000 0
(1698232894.825833) can0 38D#0000080000000071 0
(1698232894.826831) can0 420#501418C8FC4F6A00 0
(1698232894.826832) can0 421#000000FFE37F00A1 0
(1698232894.826833) can0 4F1#40396600 0
(1698232894.828429) can0 340#1300000460008811 0
(1698232894.831786) can0 371#001E00000EE20710 0
(1698232894.832808) can0 251#A6020B1300F2F678 0
(1698232894.832809) can0 2B0#32FF0707AB 0
(1698232894.832810) can0 372#29002500881F0000 0
(1698232894.832812) can0 153#208010FF00FFD07E 0
(1698232894.833808) can0 160#00E9FF0A0000001C 0
(1698232894.833809) can0 164#00080800 0
(1698232894.833810) can0 220#6C637B0000300E41 0
(1698232894.833811) can0 394#DB430000DB231381 0
(1698232894.833812) can0 130#5A7C507B000003ED 0
(1698232894.834808) can0 140#1A7F006320000301 0
(1698232894.834809) can0 412#0000000000000000 0
(1698232894.834810) can0 47F#200000000000 0
(1698232894.834811) can0 436#00000000 0
(1698232894.834812) can0 500#01 0
(1698232894.835832) can0 470#1100005555200000 0
(1698232894.835833) can0 4C9#0000000001000000 0
(1698232894.835834) can0 520#0000000000000000 0
(1698232894.835835) can0 5C1#5F01061063010009 0
(1698232894.836826) can0 5FF#600000C800C80000 0
(1698232894.837848) can0 386#27851405234516C5 0
(1698232894.838848) can0 340#1300000470009811 0
(1698232894.838849) can0 387#7A292C5A00370E00 0
(1698232894.838850) can0 485#00000000 0
(1698232894.841831) can0 381#808837000086CA05 0
(1698232894.842828) can0 251#A5020C2300F10679 0
(1698232894.842829) can0 2B0#2EFF07070C 0
(1698232894.842830) can0 371#001E00008EE20710 0
(1698232894.842831) can0 153#208010FF00FFE08E 0
(1698232894.843856) can0 160#00E8FF0A0000001D 0
(1698232894.843857) can0 164#00080A02 0
(1698232894.843858) can0 220#6B837C00002C0E5D 0
(1698232894.843859) can0 372#29002500881F0000 0
(1698232894.843860) can0 130#4A7C427B0000043D 0
(1698232894.844853) can0 140#2D7F00632000040A 0
(1698232894.844854) can0 410#E012211880020020 0
(1698232894.844855) can0 50B#0000970000000000 0
(1698232894.845852) can0 389#0000000000000000 0
(1698232894.845853) can0 38D#0000080000000062 0
(1698232894.846874) can0 420#601418C8FC4F6A00 0
(1698232894.846875) can0 421#000000FFE37F0092 0
(1698232894.846876) can0 4F1#60396610 0
(1698232894.846877) can0 50C#00000000080000D0 0
(1698232894.849060) can0 340#130000048000A811 0
(1698232894.851728) can0 371#001E00000EE30710 0
(1698232894.852751) can0 251#A4020DF100F0D678 0
(1698232894.852752) can0 2B0#29FF08079D 0
(1698232894.852754) can0 372#290025008E1F0000 0
(1698232894.852755) can0 470#0544405155641400 0
(1698232894.853821) can0 153#208010FF00FF00AE 0
(1698232894.853823) can0 160#00E9FF0A0000001C 0
(1698232894.853824) can0 164#00080C04 0
(1698232894.853825) can0 220#69E37C0000240E63 0
(1698232894.853826) can0 130#367C217B00000573 0
(1698232894.854827) can0 140#EC7E006320000573 0
(1698232894.854829) can0 394#E7630000E7231781 0
(1698232894.854830) can0 47F#200000000000 0
(1698232894.854831) can0 507#00000001 0
(1698232894.855870) can0 50E#0000002000000000 0
(1698232894.855872) can0 541#0304418080080005 0
(1698232894.855873) can0 553#0001000201008000 0
(1698232894.856911) can0 593#441118181617 0
(1698232894.857892) can0 386#26C5160524C51285 0
(1698232894.858891) can0 340#130000049000B811 0
(1698232894.858893) can0 387#8433366400510000 0
(1698232894.861830) can0 381#806837000087AB05 0
(1698232894.862848) can0 251#9F020EA900EC9678 0
(1698232894.862850) can0 2B0#23FF09071E 0
(1698232894.862851) can0 371#001E00000EE30710 0
(1698232894.862852) can0 153#208010FF00FF10BE 0
(1698232894.863876) can0 160#00E7FF0A00000012 0
(1698232894.863877) can0 164#00080E06 0
(1698232894.863878) can0 220#65C37B00001A0E72 0
(1698232894.863879) can0 372#280025008E1F0000 0
(1698232894.863880) can0 130#2E7C0D7B0000063C 0
(1698232894.864873) can0 140#CF7E0063200006DC 0
(1698232894.864875) can0 54B#0010000000870100 0
(1698232894.864876) can0 559#0000000000000000 0
(1698232894.865871) can0 389#0000000000000000 0
(1698232894.865873) can0 38D#0000080000000053 0
(1698232894.866893) can0 420#701418C8FC4F6A00 0
(1698232894.866895) can0 421#000000FFE37F0083 0
(1698232894.866896) can0 4F1#60396620 0
(1698232894.867952) can0 340#13000004A000C811 0
(1698232894.871826) can0 371#001E00000EE30710 0
(1698232894.872850) can0 251#95020F1800E41678 0
(1698232894.872851) can0 2B0#21FF08073F 0
(1698232894.872853) can0 372#280025008C1F0000 0
(1698232894.872855) can0 470#1544405555681400 0
(1698232894.873850) can0 153#208010FF00FF20CE 0
(1698232894.873851) can0 160#00E8FF0A0000001D 0
(1698232894.873852) can0 164#00081018 0
(1698232894.873853) can0 220#62637B0000160E8D 0
(1698232894.873854) can0 130#287C027B0000078E 0
(1698232894.874869) can0 140#107F00632000071D 0
(1698232894.874871) can0 394#DB830000DB231F81 0
(1698232894.874872) can0 47F#200000000000 0
(1698232894.874873) can0 490#00000820000000 0
(1698232894.875830) can0 544#0000000000000000 0
(1698232894.877745) can0 386#2305124523450FC5 0
(1698232894.878769) can0 340#13000004B000D811 0
(1698232894.878771) can0 387#8E3D406E007A0100 0
(1698232894.881915) can0 381#80E8360000882B05 0
(1698232894.882974) can0 251#8B02109600DCA677 0
(1698232894.882976) can0 2B0#1DFF080730 0
(1698232894.882977) can0 371#001E00000EE30710 0
(1698232894.882978) can0 153#208010FF00FF30DE 0
(1698232894.883937) can0 160#00E7FF0A00000012 0
(1698232894.883938) can0 164#0008121A 0
(1698232894.883939) can0 220#61637C0000130E98 0
(1698232894.883940) can0 372#280025008E1F0000 0
(1698232894.883941) can0 130#187CDC7A0000083A 0
(1698232894.884982) can0 140#317F006320000894 0
(1698232894.884983) can0 436#00000000 0
(1698232894.884985) can0 595#0000CBFFF30E0000 0
(1698232894.885993) can0 389#0000000000000000 0
(1698232894.885995) can0 38D#0000080000000044 0
(1698232894.886977) can0 420#801418C8FC4F6A00 0
(1698232894.886979) can0 421#000000FFE37F0074 0
(1698232894.886980) can0 4F1#40396630 0
(1698232894.887976) can0 340#13000004C000E811 0
(1698232894.887977) can0 485#00000000 0
(1698232894.891877) can0 2B0#18FF090761 0
(1698232894.892854) can0 251#9102113400E23678 0
(1698232894.892855) can0 371#001E00000EE30710 0
(1698232894.892856) can0 372#280025008E1F0000 0
(1698232894.892857) can0 153#208010FF00FF40EE 0
(1698232894.893915) can0 160#00E8FF0A0000001D 0
(1698232894.893916) can0 164#0008141C 0
(1698232894.893917) can0 220#5CE37C00000B0EAD 0
(1698232894.893918) can0 394#E7A30000E7231381 0
(1698232894.894913) can0 130#027CC37A00000964 0
(1698232894.894915) can0 140#057F006320000936 0
(1698232894.894916) can0 470#1544405555AC1400 0
(1698232894.894917) can0 47F#200000000000 0
(1698232894.894918) can0 596#000000008E00FE64 0
(1698232894.897707) can0 386#2345114521051185 0
(1698232894.898708) can0 387#98474A7800A30200 0
(1698232894.899747) can0 340#13000004D000F811 0
(1698232894.901889) can0 381#8048370000898D05 0
(1698232894.902871) can0 251#9B02126700EA5678 0
(1698232894.902873) can0 2B0#16FF0807A2 0
(1698232894.902874) can0 371#001E00000EE30710 0
(1698232894.902876) can0 153#208010FF00FF50FE 0
(1698232894.903853) can0 160#00EAFF0A0000001F 0
(1698232894.903854) can0 164#0008161E 0
(1698232894.903855) can0 220#59437C0000000EBF 0
(1698232894.903856) can0 372#28002500941F0000 0
(1698232894.903857) can0 130#E87BDC7A00000A66 0
(1698232894.904851) can0 140#DA7E006320000ACD 0
(1698232894.904853) can0 592#40EF000000FD8298 0
(1698232894.905894) can0 389#0000000000000000 0
(1698232894.905896) can0 38D#0000080000000035 0
(1698232894.906911) can0 420#901418C8FC4F6A00 0
(1698232894.906913) can0 421#000000FFE37F0065 0
(1698232894.906914) can0 4F1#60396640 0
(1698232894.907871) can0 340#13000004E0000811 0
(1698232894.911849) can0 371#001E00000EE30710 0
(1698232894.912906) can0 251#A202139400EF7678 0
(1698232894.912907) can0 2B0#12FF0807F3 0
(1698232894.912908) can0 372#28002500901F0000 0
(1698232894.912909) can0 153#208010FF00FF600E 0
(1698232894.914011) can0 160#00E8FF0A0000001D 0
(1698232894.914012) can0 164#00081810 0
(1698232894.914014) can0 220#5C837B0000F30DC3 0
(1698232894.914015) can0 394#DCC30000DC231981 0
(1698232894.914016) can0 130#D67BEA7A00000BE2 0
(1698232894.914910) can0 140#E87E006320000BBC 0
(1698232894.914912) can0 470#1444401540701400 0
(1698232894.914913) can0 47F#200000000000 0
(1698232894.917372) can0 340#13000004F0001811 0
(1698232894.918392) can0 386#22850F4521850D85 0
(1698232894.918394) can0 387#A251558200CD0300 0
(1698232894.922059) can0 371#001E00000EE30710 0
(1698232894.922866) can0 251#A102145300EE3678 0
(1698232894.922868) can0 2B0#0EFF090744 0
(1698232894.922869) can0 372#280025008A1F0000 0
(1698232894.922870) can0 381#80703700008AB605 0
(1698232894.923892) can0 153#208010FF00FF701E 0
(1698232894.923894) can0 160#00E7FF0A00000012 0
(1698232894.923895) can0 164#00081A12 0
(1698232894.923896) can0 220#5EC37B0000EA0DDA 0
(1698232894.923897) can0 490#00000820000000 0
(1698232894.924854) can0 130#C67BE17A00000CC1 0
(1698232894.924855) can0 140#0A7F006320000C03 0
(1698232894.924856) can0 495#00000D10F5B02EA7 0
(1698232894.924857) can0 53E#000000002000 0
(1698232894.925900) can0 389#0000000000000000 0
(1698232894.925902) can0 38D#0000080000000026 0
(1698232894.926911) can0 420#A01418C8FC4F6A00 0
(1698232894.926913) can0 421#000000FFE37F0056 0
(1698232894.926914) can0 4F1#00396650 0
(1698232894.928825) can0 340#1300000400002811 0
(1698232894.931905) can0 371#001E00000EE30710 0
(1698232894.932910) can0 251#9B02150800E9F677 0
(1698232894.932912) can0 2B0#09FF090725 0
(1698232894.932914) can0 372#280025008A1F0000 0
(1698232894.932915) can0 153#208010FF00FF802E 0
(1698232894.933877) can0 160#00E9FF0A0000001C 0
(1698232894.933878) can0 164#00081C14 0
(1698232894.933880) can0 220#5C437C0000E20DE3 0
(1698232894.933880) can0 394#E2E30000E2231981 0
(1698232894.933881) can0 436#00000000 0
(1698232894.934922) can0 130#A87BE17A00000D6C 0
(1698232894.934924) can0 140#257F006320000D2D 0
(1698232894.934925) can0 470#1100005555740000 0
(1698232894.934926) can0 47F#200000000000 0
(1698232894.934927) can0 500#01 0
(1698232894.935926) can0 520#0000000000000000 0
(1698232894.935927) can0 5C1#5F01061063010009 0
(1698232894.935929) can0 5FF#600000C800C80000 0
(1698232894.937640) can0 340#1300000410003811 0
(1698232894.938657) can0 386#20C50E451F450BC5 0
(1698232894.938658) can0 387#AD5B5F8C00F70400 0
(1698232894.938659) can0 485#00000000 0
(1698232894.941859) can0 381#80403700008B8705 0
(1698232894.942911) can0 251#9902161700E80678 0
(1698232894.942912) can0 2B0#07FF0807E6 0
(1698232894.942913) can0 371#001E00000EE30710 0
(1698232894.942914) can0 153#208010FF00FF903E 0
(1698232894.943929) can0 160#00E7FF0A00000012 0
(1698232894.943931) can0 164#00081E16 0
(1698232894.943932) can0 220#5CC37C0000D30DF2 0
(1698232894.943933) can0 372#280025008E1F0000 0
(1698232894.943935) can0 50B#0000970000000000 0
(1698232894.944923) can0 130#8A7BDB7A00000E12 0
(1698232894.944925) can0 140#207F006320000E3E 0
(1698232894.946064) can0 389#0000000000000000 0
(1698232894.946066) can0 38D#0000080000000017 0
(1698232894.946939) can0 420#B01418C8FC4F6A00 0
(1698232894.946940) can0 421#000000FFE37F0047 0
(1698232894.946941) can0 4F1#00396660 0
(1698232894.947979) can0 50C#00000000080000E0 0
(1698232894.947980) can0 52A#2E00000006001D00 0
(1698232894.949156) can0 340#1300000420004811 0
(1698232894.951846) can0 2B0#03FF0807B7 0
(1698232894.952867) can0 251#960217D200E6C677 0
(1698232894.952869) can0 371#001E00000EE30710 0
(1698232894.952870) can0 372#28002500921F0000 0
(1698232894.952871) can0 153#208010FF00FFA04E 0
(1698232894.953891) can0 160#00E9FF0A0000001C 0
(1698232894.953893) can0 164#00080008 0
(1698232894.953894) can0 220#5CA37C0000C40D05 0
(1698232894.953895) can0 394#E5030000E5231181 0
(1698232894.954894) can0 470#0544405155B81400 0
(1698232894.954895) can0 130#727BC37A00000FED 0
(1698232894.954896) can0 140#EF7E006320000F46 0
(1698232894.954897) can0 47F#200000000000 0
(1698232894.954898) can0 507#00000001 0
(1698232894.955891) can0 541#0304418080080005 0
(1698232894.957733) can0 386#27050D851F850DC5 0
(1698232894.958745) can0 387#B766699600210500 0
(1698232894.958747) can0 340#1300000430005811 0
(1698232894.961894) can0 381#80283700008C7005 0
(1698232894.962894) can0 251#9602180300E6F677 0
(1698232894.962896) can0 2B0#FFFE090778 0
(1698232894.962897) can0 371#001E00008EE30710 0
(1698232894.962898) can0 153#208010FF00FFB05E 0
(1698232894.963895) can0 160#00E7FF0A00000012 0
(1698232894.963896) can0 164#0008020A 0
(1698232894.963897) can0 220#59E37B0000B80D15 0
(1698232894.963898) can0 372#28002500901F0000 0
(1698232894.964916) can0 130#587BC67A0000008E 0
(1698232894.964917) can0 140#D67E0063200000A4 0
(1698232894.964918) can0 54B#0010000000870100 0
(1698232894.965914) can0 389#0000000000000000 0
(1698232894.965916) can0 38D#0000080000000008 0
(1698232894.966933) can0 420#C01418C8FC4F6A00 0
(1698232894.966935) can0 421#000000FFE37F0038 0
(1698232894.966936) can0 340#1300000440006811 0
(1698232894.966937) can0 4F1#20396670 0
(1698232894.971828) can0 371#001E00008EE30710 0
(1698232894.972827) can0 251#A40219DE00F1B678 0
(1698232894.972829) can0 2B0#FAFE090739 0
(1698232894.972830) can0 372#28002500901F0000 0
(1698232894.972831) can0 470#1544405555FC1400 0
(1698232894.973850) can0 153#208010FF00FFC06E 0
(1698232894.973852) can0 160#00E9FF0A0000001C 0
(1698232894.973853) can0 164#0008040C 0
(1698232894.973854) can0 220#59837B0000AB0D26 0
(1698232894.973856) can0 394#DC230000DC231381 0
(1698232894.974849) can0 130#447BE67A00000150 0
(1698232894.974851) can0 140#FA7E00632000016D 0
(1698232894.974852) can0 47F#200000000000 0
(1698232894.974853) can0 490#00000820000000 0
(1698232894.977848) can0 386#25450C8520450985 0
(1698232894.978865) can0 387#C17073A0004A0600 0
(1698232894.978867) can0 340#1300000450007811 0
(1698232894.981823) can0 381#80D83700008D2105 0
(1698232894.982907) can0 251#B4021A7C00FD3679 0
(1698232894.982908) can0 2B0#F6FE0A07FA 0
(1698232894.982909) can0 371#001E00000EE40710 0
(1698232894.982910) can0 153#208010FF00FFD07E 0
(1698232894.983892) can0 160#00E7FF0A00000012 0
(1698232894.983894) can0 164#0008060E 0
(1698232894.983895) can0 220#5D037C0000A10D33 0
(1698232894.983896) can0 372#280025008E1F0000 0
(1698232894.983897) can0 436#00000000 0
(1698232894.984855) can0 130#327BF17A00000249 0
(1698232894.984856) can0 140#2D7F006320000244 0
(1698232894.984857) can0 595#0000CDFFF30E0000 0
(1698232894.985877) can0 389#0000000000000000 0
(1698232894.985878) can0 38D#00000800000000F9 0
(1698232894.986907) can0 420#D01418C8FC4F6A00 0
(1698232894.986909) can0 421#000000FFE37F0029 0
(1698232894.986911) can0 4F1#20396680 0
(1698232894.988411) can0 340#1300000460008811 0
(1698232894.989392) can0 485#00000000 0
(1698232894.991804) can0 2B0#F4FE0907FB 0
(1698232894.992791) can0 251#BE021B8F00043779 0
(1698232894.992792) can0 371#001E00000EE50710 0
(1698232894.992793) can0 372#280025008C1F0000 0
(1698232894.992794) can0 153#208010FF00FFE08E 0
(1698232894.993829) can0 160#00E9FF0A0000001C 0
(1698232894.993831) can0 164#00080800 0
(1698232894.993832) can0 220#5EE37C0000980D4B 0
(1698232894.993833) can0 394#E7430000E7231981 0
(1698232894.994829) can0 470#1544405555401400 0
(1698232894.994831) can0 130#1A7BD97A0000035F 0
(1698232894.994832) can0 140#307F006320000306 0
(1698232894.994833) can0 47F#200000000000 0
(1698232894.994835) can0 596#000000008E00FE64 0
(1698232894.997747) can0 386#1E850C851FC50DC5 0
(1698232894.998747) can0 387#CB7A7EAA00740700 0
(1698232894.999726) can0 340#1300000470009811 0
(1698232895.001871) can0 381#80F03700008E3A05 0
(1698232895.002874) can0 251#B4021CED00FDA678 0
(1698232895.002875) can0 2B0#F3FE07071C 0
(1698232895.002876) can0 592#40EF000000FD82D8 0
(1698232895.002877) can0 153#208010FF00FF00AE 0
(1698232895.003873) can0 160#00E9FF0A0000001C 0
(1698232895.003875) can0 164#00080A02 0
(1698232895.003876) can0 220#5BE37C00008C0D5A 0
(1698232895.003877) can0 371#001E00000EE50710 0
(1698232895.003878) can0 130#F87A9D7A000004CA 0
(1698232895.004893) can0 140#187F0063200004E8 0
(1698232895.004894) can0 372#28002500881F0000 0
(1698232895.005931) can0 389#0000000000000000 0
(1698232895.005933) can0 38D#00000800000000EA 0
(1698232895.006894) can0 420#E01418C8FC4F6A00 0
(1698232895.006896) can0 421#000000FFE37F001A 0
(1698232895.006897) can0 4A2#0100 0
(1698232895.006898) can0 50A#0A10000000000000 0
(1698232895.006899) can0 4F1#00396690 0
(1698232895.007954) can0 340#130000048000A811 0
(1698232895.011809) can0 371#001E00008EE50710 0
(1698232895.012832) can0 251#A9021DBA00F48678 0
(1698232895.012833) can0 2B0#F1FE07072D 0
(1698232895.012834) can0 372#28002500901F0000 0
(1698232895.012835) can0 153#208010FF00FF10BE 0
(1698232895.014011) can0 160#00E9FF0A0000001C 0
(1698232895.014013) can0 164#00080C04 0
(1698232895.014014) can0 220#54837C00007B0D62 0
(1698232895.014015) can0 394#E4630000E4231D81 0
(1698232895.014016) can0 130#DA7A8C7A00000586 0
(1698232895.014976) can0 140#EF7E006320000594 0
(1698232895.014978) can0 470#1444401540041400 0
(1698232895.014979) can0 47F#200000000000 0
(1698232895.017947) can0 386#23C50B851FC50BC5 0
(1698232895.018835) can0 387#D68488B4009E0800 0
(1698232895.018836) can0 340#130000049000B811 0
(1698232895.022049) can0 371#001E00008EE50710 0
(1698232895.022824) can0 251#A4021E8200F05678 0
(1698232895.022826) can0 2B0#EFFE0707EE 0
(1698232895.022827) can0 372#28002500901F0000 0
(1698232895.022828) can0 153#208010FF00FF20CE 0
(1698232895.023835) can0 160#00E9FF0A0000001C 0
(1698232895.023836) can0 164#00080E06 0
(1698232895.023837) can0 220#52E37B00006C0D70 0
(1698232895.023839) can0 381#80803700008FCB05 0
(1698232895.023839) can0 130#C67AAB7A00000669 0
(1698232895.024831) can0 140#D87E0063200006EB 0
(1698232895.024832) can0 490#00000820000000 0
(1698232895.024833) can0 495#00000D10F5B02EA7 0
(1698232895.025833) can0 389#0000000000000000 0
(1698232895.025834) can0 38D#00000800000000DB 0
(1698232895.026848) can0 420#F01418C8FC4F6A00 0
(1698232895.026849) can0 421#000000FFE37F000B 0
(1698232895.026850) can0 4F1#003966A0 0
(1698232895.027851) can0 340#13000004A000C811 0
(1698232895.027852) can0 53E#000000002000 0
(1698232895.031748) can0 2B0#EDFE0707DF 0
(1698232895.032770) can0 251#AC021F4300F70679 0
(1698232895.032771) can0 371#001E00008EE50710 0
(1698232895.032772) can0 372#28002500901F0000 0
(1698232895.032773) can0 153#208010FF00FF30DE 0
(1698232895.033816) can0 160#00E9FF0A0000001C 0
(1698232895.033817) can0 164#00081018 0
(1698232895.033818) can0 220#56837B0000620D8A 0
(1698232895.033819) can0 394#DC830000DC231D81 0
(1698232895.034838) can0 130#B47AC07A00000751 0
(1698232895.034839) can0 140#F47E006320000722 0
(1698232895.034840) can0 412#0000000000000000 0
(1698232895.034841) can0 47F#200000000000 0
(1698232895.034842) can0 436#00000000 0
(1698232895.035837) can0 500#01 0
(1698232895.035839) can0 470#1100005555080000 0
(1698232895.035840) can0 4C9#0000000001000000 0
(1698232895.035841) can0 520#0000000000000000 0
(1698232895.036878) can0 5C1#5F01061063010009 0
(1698232895.036880) can0 5FF#600000C800C80000 0
(1698232895.037856) can0 386#24050BC51D850A85 0
(1698232895.038857) can0 340#13000004B000D811 0
(1698232895.038859) can0 387#E08E92BE00C70900 0
(1698232895.038860) can0 485#00000000 0
(1698232895.041838) can0 381#8008380000905505 0
(1698232895.042858) can0 251#B902207B00002779 0
(1698232895.042859) can0 2B0#EBFE070740 0
(1698232895.042860) can0 371#001E00008EE50710 0
(1698232895.042861) can0 153#208010FF00FF40EE 0
(1698232895.043857) can0 160#00E8FF0A0000001D 0
(1698232895.043859) can0 164#0008121A 0
(1698232895.043860) can0 220#58E37B0000590D95 0
(1698232895.043861) can0 372#280025008E1F0000 0
(1698232895.043862) can0 130#A87ABB7A00000891 0
(1698232895.044879) can0 140#387F00632000081B 0
(1698232895.044881) can0 410#E012211880020020 0
(1698232895.044882) can0 50B#0000970000000000 0
(1698232895.045877) can0 389#0000000000000000 0
(1698232895.045879) can0 38D#00000800000000CC 0
(1698232895.046899) can0 420#001418C8FC4F6A00 0
(1698232895.046901) can0 421#000000FFE37F00FC 0
(1698232895.046902) can0 4F1#E03866B0 0
(1698232895.046903) can0 50C#00000000080000F0 0
(1698232895.047898) can0 52A#2E00000006001C00 0
(1698232895.049985) can0 340#13000004C000E811 0
(1698232895.051794) can0 371#001E00008EE50710 0
(1698232895.052795) can0 251#B602213500FEE678 0
(1698232895.052797) can0 2B0#ECFE050701 0
(1698232895.052798) can0 372#280025008E1F0000 0
(1698232895.052799) can0 470#05444051558C1400 0
(1698232895.053818) can0 153#208010FF00FF50FE 0
(1698232895.053819) can0 160#00E8FF0A0000001D 0
(1698232895.053820) can0 164#0008141C 0
(1698232895.053821) can0 220#58037D0000530DA1 0
(1698232895.053822) can0 130#9C7A877A000009DE 0
(1698232895.054818) can0 140#547F00632000090C 0
(1698232895.054819) can0 394#E8A30000E8231181 0
(1698232895.054820) can0 47F#200000000000 0
(1698232895.054821) can0 507#00000001 0
(1698232895.055837) can0 50E#0000002000000000 0
(1698232895.055838) can0 541#0304418080080005 0
(1698232895.055839) can0 553#0001000201008000 0
(1698232895.056836) can0 593#441118181617 0
(1698232895.057837) can0 340#13000004D000F811 0
(1698232895.057839) can0 386#214507C51E850985 0
(1698232895.058857) can0 387#EA989CC800F00A00 0
(1698232895.061966) can0 381#80D0370000911D05 0
(1698232895.062982) can0 251#B002220B00F9C678 0
(1698232895.062982) can0 2B0#EBFE050742 0
(1698232895.062983) can0 371#001E00000EE60710 0
(1698232895.062983) can0 153#208010FF00FF600E 0
(1698232895.063880) can0 160#00E9FF0A0000001C 0
(1698232895.063880) can0 164#0008161E 0
(1698232895.063881) can0 220#51837D00004D0DB2 0
(1698232895.063881) can0 372#28002500941F0000 0
(1698232895.063881) can0 130#8E7A5A7A00000A00 0
(1698232895.064990) can0 140#207F006320000A4A 0
(1698232895.064991) can0 54B#0010000000870100 0
(1698232895.064991) can0 559#0000000000000000 0
(1698232895.066031) can0 389#0000000000000000 0
(1698232895.066032) can0 38D#00000800000000BD 0
(1698232895.067026) can0 420#101418C8FC4F6A00 0
(1698232895.067027) can0 421#000000FFE37F00ED 0
(1698232895.067027) can0 4F1#C03866C0 0
(1698232895.067994) can0 340#13000004E0000811 0
(1698232895.071943) can0 371#001E00000EE60710 0
(1698232895.072990) can0 251#B302237300FC2679 0
(1698232895.072991) can0 2B0#EBFE040743 0
(1698232895.072991) can0 372#280025009E1F0000 0
(1698232895.072991) can0 153#208010FF00FF701E 0
(1698232895.073975) can0 160#00E9FF0A0000001C 0
(1698232895.073975) can0 164#00081810 0
(1698232895.073975) can0 220#4BA37C0000460DC4 0
(1698232895.073976) can0 394#E5C30000E5231581 0
(1698232895.073976) can0 130#787A607A00000BEB 0
(1698232895.074965) can0 140#F37E006320000B30 0
(1698232895.074966) can0 470#1544405555501400 0
(1698232895.074966) can0 47F#200000000000 0
(1698232895.074966) can0 490#00000820000000 0
(1698232895.075988) can0 544#0000000000000000 0
(1698232895.077929) can0 386#208508C51D450685 0
(1698232895.078937) can0 387#F4A2A6D200190B00 0
(1698232895.078938) can0 340#13000004F0001811 0
(1698232895.082035) can0 381#8020380000926F05 0
(1698232895.083048) can0 251#BF02240A0005A779 0
(1698232895.083048) can0 2B0#EAFE040724 0
(1698232895.083049) can0 371#001E00000EE60710 0
(1698232895.083049) can0 153#208010FF00FF802E 0
(1698232895.084057) can0 160#00E7FF0A00000012 0
(1698232895.084058) can0 164#00081A12 0
(1698232895.084058) can0 220#4CE37B00003B0DDB 0
(1698232895.084059) can0 372#280025009E1F0000 0
(1698232895.084059) can0 130#687A767A00000C8E 0
(1698232895.085023) can0 140#FC7E006320000C3F 0
(1698232895.085024) can0 436#00000000 0
(1698232895.085024) can0 595#0000CFFFF30E0000 0
(1698232895.086013) can0 389#0000000000000000 0
(1698232895.086014) can0 38D#00000800000000AE 0
(1698232895.087068) can0 420#201418C8FC4F6A00 0
(1698232895.087068) can0 421#000000FFE37F00DE 0
(1698232895.087069) can0 4F1#E03866D0 0
(1698232895.087069) can0 52A#2E00000006001C00 0
(1698232895.088035) can0 340#1300000400002811 0
(1698232895.088036) can0 485#00000000 0
(1698232895.091878) can0 371#001E00000EE60710 0
(1698232895.092900) can0 251#CC0225A40010277A 0
(1698232895.092900) can0 2B0#EAFE040735 0
(1698232895.092901) can0 372#280025009E1F0000 0
(1698232895.092901) can0 470#1544405555541400 0
(1698232895.093913) can0 153#208010FF00FF903E 0
(1698232895.093913) can0 160#00E9FF0A0000001C 0
(1698232895.093914) can0 164#00081C14 0
(1698232895.093914) can0 220#4F037C0000330DE7 0
(1698232895.093915) can0 130#607A5F7A00000D9D 0
(1698232895.094896) can0 140#387F006320000D72 0
(1698232895.094897) can0 394#E0E30000E0231D81 0
(1698232895.094898) can0 47F#200000000000 0
(1698232895.094898) can0 596#000000008E00FE64 0
(1698232895.097776) can0 386#20C505C51B050385 0
(1698232895.098790) can0 387#FEACB0DC00420C00 0
(1698232895.099776) can0 340#1300000410003811 0
(1698232895.101897) can0 381#80D0380000932005 0
(1698232895.102922) can0 251#DA02261D001A877A 0
(1698232895.102923) can0 2B0#EBFE030766 0
(1698232895.102924) can0 371#001E00000EE60710 0
(1698232895.102925) can0 153#208010FF00FFA04E 0
(1698232895.103919) can0 160#00E9FF0A0000001C 0
(1698232895.103920) can0 164#00081E16 0
(1698232895.103920) can0 220#4C037D00002F0DF1 0
(1698232895.103921) can0 372#280025009A1F0000 0
(1698232895.103921) can0 130#587A477A00000E27 0
(1698232895.104914) can0 140#647F006320000E89 0
(1698232895.104915) can0 592#40EF000000FD8218 0
(1698232895.105927) can0 389#0000000000000000 0
(1698232895.105929) can0 38D#0000080000000080 0
(1698232895.106959) can0 420#301418C8FC4F6A00 0
(1698232895.106961) can0 421#000000FFE37F00B0 0
(1698232895.106962) can0 4F1#E03866E0 0
(1698232895.107926) can0 340#1300000420004811 0
(1698232895.111869) can0 2B0#EBFE020767 0
(1698232895.112868) can0 251#E40227800022D77A 0
(1698232895.112869) can0 371#001E00000EE60710 0
(1698232895.112870) can0 372#280025009C1F0000 0
(1698232895.112871) can0 153#208010FF00FFB05E 0
(1698232895.113868) can0 160#00E9FF0A0000001C 0
(1698232895.113870) can0 164#00080008 0
(1698232895.113871) can0 220#49C37D00002B0D08 0
(1698232895.113872) can0 394#EE030000EE231F81 0
(1698232895.114887) can0 130#567A4D7A00000F98 0
(1698232895.114889) can0 140#477F006320000F1C 0
(1698232895.114890) can0 470#1444401540181400 0
(1698232895.114891) can0 47F#200000000000 0
(1698232895.117746) can0 386#1D0507051B4502C5 0
(1698232895.118775) can0 387#0AB6BBE6006E0D00 0
(1698232895.118777) can0 340#1300000430005811 0
(1698232895.121929) can0 381#8030390000948205 0
(1698232895.122914) can0 251#E902289A0026E77A 0
(1698232895.122915) can0 2B0#EBFE020798 0
(1698232895.122916) can0 371#001E00000EE60710 0
(1698232895.122917) can0 153#208010FF00FFC06E 0
(1698232895.123918) can0 160#00EBFF0A0000001E 0
(1698232895.123920) can0 164#0008020A 0
(1698232895.123922) can0 220#4A437D00002A0D18 0
(1698232895.123923) can0 372#280025009E1F0000 0
(1698232895.123924) can0 130#507A507A000000B6 0
(1698232895.124963) can0 140#047F00632000009E 0
(1698232895.124964) can0 490#00000820000000 0
(1698232895.124965) can0 495#00000D10F5B02EA7 0
(1698232895.125976) can0 389#0000000000000000 0
(1698232895.125977) can0 38D#0000080000000071 0
(1698232895.126975) can0 420#401418C8FC4F6A00 0
(1698232895.126977) can0 421#000000FFE37F00A1 0
(1698232895.126978) can0 4F1#C03866F0 0
(1698232895.126979) can0 52A#2E00000006001C00 0
(1698232895.127991) can0 340#1300000440006811 0
(1698232895.131866) can0 371#001E00000EE60710 0
(1698232895.132849) can0 251#EB0229E00028277B 0
(1698232895.132851) can0 2B0#EBFE020789 0
(1698232895.132852) can0 372#280025009E1F0000 0
(1698232895.132853) can0 436#00000000 0
(1698232895.133873) can0 153#208010FF00FFD07E 0
(1698232895.133875) can0 160#00E9FF0A0000001C 0
(1698232895.133876) can0 164#0008040C 0
(1698232895.133877) can0 220#4A237C0000270D24 0
(1698232895.133878) can0 130#487A457A000001F1 0
(1698232895.134892) can0 140#E87E00632000016E 0
(1698232895.134894) can0 394#E1230000E1231781 0
(1698232895.134895) can0 470#11000055555C0000 0
(1698232895.134896) can0 47F#200000000000 0
(1698232895.134898) can0 500#01 0
(1698232895.135891) can0 520#0000000000000000 0
(1698232895.135892) can0 53E#000000002000 0
(1698232895.135894) can0 5C1#5F01061063010009 0
(1698232895.135896) can0 5FF#600000C800C80000 0
(1698232895.137742) can0 386#1A4505051805FDC4 0
(1698232895.138776) can0 387#14C0C5F000970E00 0
(1698232895.138778) can0 340#1300000450007811 0
(1698232895.138779) can0 485#00000000 0
(1698232895.142054) can0 381#8048390000959B05 0
(1698232895.142917) can0 251#EE022A06002A477B 0
(1698232895.142919) can0 2B0#EBFE01078A 0
(1698232895.142920) can0 371#001E00000EE60710 0
(1698232895.142921) can0 153#208010FF00FFE08E 0
(1698232895.143916) can0 160#00E9FF0A0000001C 0
(1698232895.143917) can0 164#0008060E 0
(1698232895.143919) can0 220#49C37B0000230D3E 0
(1698232895.143920) can0 372#280025009A1F0000 0
(1698232895.143921) can0 130#447A307A00000202 0
(1698232895.144940) can0 140#047F0063200002A4 0
(1698232895.144942) can0 50B#0000970000000000 0
(1698232895.146095) can0 389#0000000000000000 0
(1698232895.146097) can0 38D#0000080000000062 0
(1698232895.146957) can0 420#501418C8FC4F6A00 0
(1698232895.146958) can0 421#000000FFE37F0092 0
(1698232895.146960) can0 4F1#C0386600 0
(1698232895.146961) can0 50C#0000000008000000 0
(1698232895.147956) can0 52A#2E00000006001C00 0
(1698232895.149747) can0 340#1300000460008811 0
(1698232895.151873) can0 371#001E00000EE60710 0
(1698232895.152911) can0 251#F4022B62002F977B 0
(1698232895.152912) can0 2B0#EBFE01079B 0
(1698232895.152913) can0 372#280025009A1F0000 0
(1698232895.152915) can0 153#208010FF00FF00AE 0
(1698232895.153873) can0 160#00E9FF0A0000001C 0
(1698232895.153875) can0 164#00080800 0
(1698232895.153876) can0 220#46237C0000210D4A 0
(1698232895.153877) can0 394#E1430000E1231581 0
(1698232895.153878) can0 130#487A297A00000357 0
(1698232895.154933) can0 140#2D7F006320000359 0
(1698232895.154935) can0 470#0544405155601400 0
(1698232895.154936) can0 47F#200000000000 0
(1698232895.154936) can0 4A7#0100 0
(1698232895.154937) can0 507#00000001 0
(1698232895.155935) can0 541#0304418080080005 0
(1698232895.157116) can0 340#1300000470009811 0
(1698232895.158136) can0 386#198502051A050585 0
(1698232895.158138) can0 387#1ECACFFA00B10000 0
(1698232895.161923) can0 371#001E00000EE60710 0
(1698232895.162970) can0 251#F9022C8C0033B77B 0
(1698232895.162972) can0 2B0#EAFE0107FC 0
(1698232895.162973) can0 372#28002500941F0000 0
(1698232895.162975) can0 153#208010FF00FF10BE 0
(1698232895.163974) can0 160#00E7FF0A00000012 0
(1698232895.163976) can0 164#00080A02 0
(1698232895.163977) can0 220#45E37C0000230D5D 0
(1698232895.163978) can0 381#809039000096E405 0
(1698232895.163979) can0 130#4C7A397A00000483 0
(1698232895.164945) can0 140#1F7F006320000466 0
(1698232895.164947) can0 54B#0010000000870100 0
(1698232895.165925) can0 389#0000000000000000 0
(1698232895.165927) can0 38D#0000080000000053 0
(1698232895.166947) can0 420#601418C8FC4F6A00 0
(1698232895.166948) can0 421#000000FFE37F0083 0
(1698232895.166949) can0 4F1#E0386610 0
(1698232895.167940) can0 340#130000048000A811 0
(1698232895.171737) can0 371#001E00000EE60710 0
(1698232895.172776) can0 251#FB022DB00034D77B 0
(1698232895.172777) can0 2B0#EBFE0107FD 0
(1698232895.172779) can0 372#28002500961F0000 0
(1698232895.172780) can0 470#1544405555641400 0
(1698232895.173783) can0 153#208010FF00FF20CE 0
(1698232895.173785) can0 160#00E9FF0A0000001C 0
(1698232895.173786) can0 164#00080C04 0
(1698232895.173787) can0 220#47A37C0000250D61 0
(1698232895.174810) can0 130#507A427A000005E5 0
(1698232895.174812) can0 140#0D7F006320000578 0
(1698232895.174813) can0 394#E5630000E5231B81 0
(1698232895.174814) can0 47F#200000000000 0
(1698232895.174815) can0 490#00000820000000 0
(1698232895.177736) can0 386#1DC503051645FF04 0
(1698232895.178778) can0 387#28D4D90500DB0100 0
(1698232895.179766) can0 340#130000049000B811 0
(1698232895.181897) can0 381#809039000097E505 0
(1698232895.182894) can0 251#F7022E7A0031A77B 0
(1698232895.182896) can0 2B0#EBFE0107CE 0
(1698232895.182897) can0 371#001E00000EE60710 0
(1698232895.182898) can0 153#208010FF00FF30DE 0
(1698232895.183891) can0 160#00E9FF0A0000001C 0
(1698232895.183892) can0 164#00080E06 0
(1698232895.183893) can0 220#48637C0000270D72 0
(1698232895.183894) can0 372#280025009C1F0000 0
(1698232895.183895) can0 130#527A307A0000061C 0
(1698232895.184939) can0 140#0D7F00632000065F 0
(1698232895.184941) can0 436#00000000 0
(1698232895.184942) can0 595#0000D5FFF30E0000 0
(1698232895.185909) can0 389#0000000000000000 0
(1698232895.185911) can0 38D#0000080000000044 0
(1698232895.186932) can0 420#701418C8FC4F6A00 0
(1698232895.186934) can0 421#000000FFE37F0074 0
(1698232895.186935) can0 4F1#A0386620 0
(1698232895.187934) can0 340#13000004A000C811 0
(1698232895.187936) can0 485#00000000 0
(1698232895.191886) can0 2B0#EBFE0107DF 0
(1698232895.192914) can0 251#FA022FE10033077C 0
(1698232895.192916) can0 371#001E00000EE60710 0
(1698232895.192917) can0 372#280025009A1F0000 0
(1698232895.192918) can0 153#208010FF00FF40EE 0
(1698232895.193911) can0 160#00E9FF0A0000001C 0
(1698232895.193912) can0 164#00081018 0
(1698232895.193913) can0 220#46637C0000280D83 0
(1698232895.193914) can0 394#E3830000E3231D81 0
(1698232895.194911) can0 130#507A267A00000734 0
(1698232895.194913) can0 140#047F0063200007CD 0
(1698232895.194914) can0 470#1544405555681400 0
(1698232895.194915) can0 47F#200000000000 0
(1698232895.195930) can0 596#000000008E00FE64 0
(1698232895.197744) can0 386#1B05004516C5FFC4 0
(1698232895.198727) can0 387#32DEE30F00040200 0
(1698232895.199723) can0 340#13000004B000D811 0
(1698232895.201854) can0 592#40EF000000FD8358 0
(1698232895.202911) can0 251#010330200039377C 0
(1698232895.202913) can0 2B0#EAFE010730 0
(1698232895.202914) can0 371#001E00000EE60710 0
(1698232895.202915) can0 153#208010FF00FF50FE 0
(1698232895.203874) can0 160#00E8FF0A0000001D 0
(1698232895.203875) can0 164#0008121A 0
(1698232895.203876) can0 220#45237C0000270D91 0
(1698232895.203877) can0 372#28002500901F0000 0
(1698232895.203878) can0 130#4E7A497A00000815 0
(1698232895.204958) can0 140#FE7E0063200008F1 0
(1698232895.204960) can0 381#80C0390000981605 0
(1698232895.205895) can0 389#0000000000000000 0
(1698232895.205897) can0 38D#0000080000000035 0
(1698232895.206915) can0 420#801418C8FC4F6A00 0
(1698232895.206917) can0 421#000000FFE37F0065 0
(1698232895.206918) can0 50A#0A10000000000000 0
(1698232895.206919) can0 4F1#80386630 0
(1698232895.207998) can0 340#13000004C000E811 0
(1698232895.211836) can0 371#001E00000EE60710 0
(1698232895.212845) can0 251#04033146003B577C 0
(1698232895.212847) can0 2B0#EBFE000721 0
(1698232895.212849) can0 372#28002500901F0000 0
(1698232895.212850) can0 470#14444015406C1400 0
(1698232895.213869) can0 153#208010FF00FF600E 0
(1698232895.213871) can0 160#00E9FF0A0000001C 0
(1698232895.213872) can0 164#0008141C 0
(1698232895.213873) can0 220#49237C0000260DA2 0
(1698232895.213874) can0 394#E1A30000E1231F81 0
(1698232895.214870) can0 130#527A817A000009C1 0
(1698232895.214871) can0 140#027F0063200009B8 0
(1698232895.214872) can0 47F#200000000000 0
(1698232895.217272) can0 340#13000004D000F811 0
(1698232895.218285) can0 386#1845FE4419850085 0
(1698232895.218286) can0 387#3CE8ED19002D0300 0
(1698232895.221847) can0 371#001E00000EE60710 0
(1698232895.222769) can0 251#02033214003A277C 0
(1698232895.222770) can0 2B0#EBFE000712 0
(1698232895.222771) can0 372#28002500941F0000 0
(1698232895.222772) can0 381#80D0390000992705 0
(1698232895.223764) can0 153#208010FF00FF701E 0
(1698232895.223765) can0 160#00E9FF0A0000001C 0
(1698232895.223766) can0 164#0008161E 0
(1698232895.223767) can0 220#50237C0000280DBD 0
(1698232895.223768) can0 490#00000820000000 0
(1698232895.224783) can0 130#5A7ABB7A00000AB8 0
(1698232895.224785) can0 140#287F006320000A98 0
(1698232895.224786) can0 495#00000D10F5B02EA7 0
(1698232895.225880) can0 389#0000000000000000 0
(1698232895.226889) can0 38D#0000080000000026 0
(1698232895.226891) can0 420#901418C8FC4F6A00 0
(1698232895.226892) can0 421#000000FFE37F0056 0
(1698232895.226893) can0 4F1#A0386640 0
(1698232895.228034) can0 340#13000004E0000811 0
(1698232895.231929) can0 371#001E00000EE60710 0
(1698232895.232922) can0 251#FD02331B0036377C 0
(1698232895.232923) can0 2B0#ECFE000773 0
(1698232895.232924) can0 372#280025009C1F0000 0
(1698232895.232925) can0 153#208010FF00FF802E 0
(1698232895.233906) can0 160#00E9FF0A0000001C 0
(1698232895.233908) can0 164#00081810 0
(1698232895.233909) can0 220#58C37C00002C0DC9 0
(1698232895.233910) can0 394#E6C30000E6231381 0
(1698232895.233911) can0 412#0000000000000000 0
(1698232895.234899) can0 130#607AD37A00000B32 0
(1698232895.234901) can0 140#397F006320000B61 0
(1698232895.234903) can0 436#00000000 0
(1698232895.234904) can0 47F#200000000000 0
(1698232895.235921) can0 470#1100005555700000 0
(1698232895.235923) can0 500#01 0
(1698232895.235924) can0 4C9#0000000001000000 0
(1698232895.235925) can0 53E#000000002000 0
(1698232895.235926) can0 520#0000000000000000 0
(1698232895.236943) can0 5C1#5F010A1063010009 0
(1698232895.236944) can0 5FF#600000C800C80000 0
(1698232895.237939) can0 386#1685FE441205FE04 0
(1698232895.237941) can0 387#47F2F72300570400 0
(1698232895.238960) can0 340#13000004F0001811 0
(1698232895.238962) can0 485#00000000 0
(1698232895.241802) can0 381#80A03900009AF805 0
(1698232895.242823) can0 251#F90234E50033077C 0
(1698232895.242823) can0 2B0#EEFE000724 0
(1698232895.242824) can0 371#001E00000EE60710 0
(1698232895.242824) can0 153#208010FF00FF903E 0
(1698232895.243825) can0 160#00E9FF0A0000001C 0
(1698232895.243826) can0 164#00081A12 0
(1698232895.243826) can0 220#5B037D00002F0DDE 0
(1698232895.243826) can0 372#28002500A01F0000 0
(1698232895.244869) can0 410#E012211880020020 0
(1698232895.244870) can0 130#667AAB7A00000C75 0
(1698232895.244870) can0 140#0F7F006320000C37 0
(1698232895.244871) can0 50B#0000970000000000 0
(1698232895.245848) can0 389#0000000000000000 0
(1698232895.246958) can0 38D#0000080000000017 0
(1698232895.246958) can0 420#A01418C8FC4F6A00 0
(1698232895.246959) can0 421#000000FFE37F0047 0
(1698232895.246959) can0 4F1#80386650 0
(1698232895.246959) can0 50C#0000000008000010 0
(1698232895.249310) can0 340#1300000400002811 0
(1698232895.251789) can0 371#001E00000EE60710 0
(1698232895.252750) can0 251#F10235C6002CF77B 0
(1698232895.252751) can0 2B0#EFFE000725 0
(1698232895.252751) can0 372#280025009E1F0000 0
(1698232895.252752) can0 470#0544405155B41400 0
(1698232895.253890) can0 153#208010FF00FFA04E 0
(1698232895.253890) can0 160#00E8FF0A0000001D 0
(1698232895.253890) can0 164#00081C14 0
(1698232895.253891) can0 220#56637C0000320DED 0
(1698232895.253891) can0 394#E3E30000E3231781 0
(1698232895.254869) can0 130#687A807A00000D61 0
(1698232895.254870) can0 140#E17E006320000D7D 0
(1698232895.254871) can0 47F#200000000000 0
(1698232895.254871) can0 507#00000001 0
(1698232895.255899) can0 50E#0000002000000000 0
(1698232895.255900) can0 541#0304418080080005 0
(1698232895.255900) can0 553#0001000201008000 0
(1698232895.256907) can0 593#441118181617 0
(1698232895.257920) can0 386#16C5FE441445FA04 0
(1698232895.258950) can0 340#1300000410003811 0
(1698232895.258951) can0 387#51FB032D00810500 0
(1698232895.261875) can0 381#80903900009BE905 0
(1698232895.262864) can0 251#F90236570033777C 0
(1698232895.262865) can0 2B0#F0FE0107E6 0
(1698232895.262866) can0 371#001E00000EE60710 0
(1698232895.262866) can0 153#208010FF00FFB05E 0
(1698232895.263895) can0 160#00E9FF0A0000001C 0
(1698232895.263896) can0 164#00081E16 0
(1698232895.263896) can0 220#50A37B0000330DF7 0
(1698232895.263897) can0 372#280025009C1F0000 0
(1698232895.264913) can0 54B#0010000000870100 0
(1698232895.264915) can0 130#6E7AA77A00000E5F 0
(1698232895.264915) can0 140#D57E006320000EE5 0
(1698232895.264916) can0 559#0000000000000000 0
(1698232895.264917) can0 57F#0000000400000002 0
(1698232895.265938) can0 389#0000000000000000 0
(1698232895.266921) can0 38D#0000080000000008 0
(1698232895.266923) can0 420#B01418C8FC4F6A00 0
(1698232895.266923) can0 421#000000FFE37F0038 0
(1698232895.266924) can0 4F1#80386660 0
(1698232895.268293) can0 340#1300000420004811 0
(1698232895.271824) can0 371#001E00000EE60710 0
(1698232895.272867) can0 251#0303378A003A977C 0
(1698232895.272869) can0 2B0#F0FE0007E7 0
(1698232895.272870) can0 372#280025009E1F0000 0
(1698232895.272871) can0 470#1544405555B81400 0
(1698232895.273878) can0 153#208010FF00FFC06E 0
(1698232895.273879) can0 160#00E8FF0A0000001D 0
(1698232895.273880) can0 164#00080008 0
(1698232895.273881) can0 220#55637B0000360D0F 0
(1698232895.273882) can0 394#DB030000DB231781 0
(1698232895.274860) can0 130#707AF17A00000FEA 0
(1698232895.274862) can0 140#227F006320000F99 0
(1698232895.274863) can0 47F#200000000000 0
(1698232895.274864) can0 490#00000820000000 0
(1698232895.275869) can0 544#0000000000000000 0
(1698232895.277763) can0 386#1205FC841385FCC4 0
(1698232895.278801) can0 340#1300000430005811 0
(1698232895.278803) can0 387#5B060D3700AB0600 0
(1698232895.281914) can0 381#80D03900009C2A05 0
(1698232895.282915) can0 07F#0000000000000000 0
(1698232895.282917) can0 251#0203386A003A777C 0
(1698232895.282918) can0 2B0#F3FE010738 0
(1698232895.282919) can0 153#208010FF00FFD07E 0
(1698232895.283915) can0 160#00E7FF0A00000012 0
(1698232895.283917) can0 164#0008020A 0
(1698232895.283918) can0 220#5EA37C0000370D18 0
(1698232895.283919) can0 371#001E00000EE60710 0
(1698232895.284954) can0 372#28002500981F0000 0
(1698232895.284956) can0 130#707AFD7A00000093 0
(1698232895.284956) can0 140#607F006320000046 0
(1698232895.284957) can0 436#00000000 0
(1698232895.284958) can0 595#0000D8FFF20E0000 0
(1698232895.285984) can0 389#0000000000000000 0
(1698232895.285985) can0 38D#00000800000000F9 0
(1698232895.286990) can0 420#C01418C8FC4F6A00 0
(1698232895.286992) can0 421#000000FFE37F0029 0
(1698232895.286993) can0 4F1#A0386670 0
(1698232895.286994) can0 52A#2D00000006001C00 0
(1698232895.287990) can0 340#1300000440006811 0
(1698232895.287993) can0 485#00000000 0
(1698232895.291890) can0 371#001E00000EE60710 0
(1698232895.292876) can0 251#F70239E60031077C 0
(1698232895.292878) can0 2B0#F3FE010729 0
(1698232895.292879) can0 372#28002500941F0000 0
(1698232895.292895) can0 153#208010FF00FFE08E 0
(1698232895.293933) can0 160#00E9FF0A0000001C 0
(1698232895.293935) can0 164#0008040C 0
(1698232895.293936) can0 220#60A37D0000370D2D 0
(1698232895.293937) can0 394#ED230000ED231F81 0
(1698232895.293938) can0 130#6E7AC67A000001D0 0
(1698232895.294894) can0 140#3E7F00632000013D 0
(1698232895.294896) can0 470#1544405555FC1400 0
(1698232895.294897) can0 47F#200000000000 0
(1698232895.294898) can0 596#000000008E00FE64 0
(1698232895.297767) can0 386#1645FD841605F904 0
(1698232895.298769) can0 387#6510174100D40700 0
(1698232895.300179) can0 340#1300000450007811 0
(1698232895.301953) can0 381#80683900009DC305 0
(1698232895.302949) can0 251#F2023AFE002D277C 0
(1698232895.302951) can0 2B0#F4FE00077A 0
(1698232895.302952) can0 371#001E00000EE60710 0
(1698232895.302953) can0 153#208010FF00FF00AE 0
(1698232895.303973) can0 160#00E8FF0A0000001D 0
(1698232895.303975) can0 164#0008060E 0
(1698232895.303976) can0 220#59237D0000360D35 0
(1698232895.303977) can0 372#280025009E1F0000 0
(1698232895.303978) can0 130#6C7AB57A00000243 0
(1698232895.304975) can0 140#017F006320000290 0
(1698232895.304977) can0 592#40EF000000FD8398 0
(1698232895.305939) can0 389#0000000000000000 0
(1698232895.305940) can0 38D#00000800000000EA 0
(1698232895.306960) can0 420#D01418C8FC4F6A00 0
(1698232895.306961) can0 421#000000FFE37F001A 0
(1698232895.306963) can0 4F1#A0386680 0
(1698232895.306964) can0 340#1300000460008811 0
(1698232895.312045) can0 371#001E00000EE60710 0
(1698232895.312963) can0 251#F9023B6C0033877C 0
(1698232895.312965) can0 2B0#F7FE02077B 0
(1698232895.312966) can0 372#280025009C1F0000 0
(1698232895.312967) can0 470#1444401540001400 0
(1698232895.313833) can0 153#208010FF00FF10BE 0
(1698232895.313834) can0 160#00E9FF0A0000001C 0
(1698232895.313835) can0 164#00080800 0
(1698232895.313836) can0 220#57237C0000350D41 0
(1698232895.313837) can0 130#767AE67A00000340 0
(1698232895.314852) can0 140#E67E006320000355 0
(1698232895.314854) can0 394#E1430000E1231581 0
(1698232895.314855) can0 47F#200000000000 0
(1698232895.317610) can0 340#1300000470009811 0
(1698232895.318520) can0 386#1985FD8415C5FB04 0
(1698232895.318522) can0 387#6F1A214B00FD0800 0
(1698232895.321981) can0 381#80D83900009E3405 0
(1698232895.322890) can0 251#04033CA1003BA77C 0
(1698232895.322892) can0 2B0#F8FE0207FC 0
(1698232895.322893) can0 371#001E00000EE60710 0
(1698232895.322894) can0 153#208010FF00FF20CE 0
(1698232895.323854) can0 160#00E9FF0A0000001C 0
(1698232895.323855) can0 164#00080A02 0
(1698232895.323856) can0 220#5DC37B00003A0D5B 0
(1698232895.323857) can0 372#28002500961F0000 0
(1698232895.323858) can0 130#847AF27A0000045B 0
(1698232895.324883) can0 140#227F006320000456 0
(1698232895.324886) can0 490#00000820000000 0
(1698232895.324887) can0 495#00000D10F5B02EA7 0
(1698232895.325874) can0 389#0000000000000000 0
(1698232895.326913) can0 38D#00000800000000DB 0
(1698232895.326914) can0 420#E01418C8FC4F6A00 0
(1698232895.326915) can0 421#000000FFE37F000B 0
(1698232895.326916) can0 4F1#40386690 0
(1698232895.326917) can0 52A#2D00000006001C00 0
(1698232895.328876) can0 340#130000048000A811 0
(1698232895.332046) can0 371#001E00000EE60710 0
(1698232895.332811) can0 251#02033D6F003A777C 0
(1698232895.332812) can0 2B0#F9FE0207FD 0
(1698232895.332814) can0 372#28002500921F0000 0
(1698232895.332815) can0 153#208010FF00FF30DE 0
(1698232895.333885) can0 160#00E9FF0A0000001C 0
(1698232895.333887) can0 164#00080C04 0
(1698232895.333888) can0 220#5FA37C0000410D65 0
(1698232895.333889) can0 394#E5630000E5231B81 0
(1698232895.334871) can0 130#8C7AD97A0000059C 0
(1698232895.334873) can0 140#6F7F006320000573 0
(1698232895.334874) can0 436#00000000 0
(1698232895.334874) can0 47F#200000000000 0
(1698232895.334876) can0 470#1100005555040000 0
(1698232895.334877) can0 500#01 0
(1698232895.335854) can0 520#0000000000000000 0
(1698232895.335855) can0 5C1#5F010A1063010009 0
(1698232895.335857) can0 5FF#600000C800C80000 0
(1698232895.337640) can0 340#130000049000B811 0
(1698232895.338556) can0 386#13C5FC841085FBC4 0
(1698232895.338557) can0 387#79242B5500260900 0
(1698232895.338558) can0 485#00000000 0
(1698232895.338559) can0 53E#000000002000 0
(1698232895.342050) can0 381#80B83900009F1505 0
(1698232895.343028) can0 251#FF023E790037877C 0
(1698232895.343030) can0 2B0#F9FE0107FE 0
(1698232895.343031) can0 371#001E00000EE60710 0
(1698232895.343032) can0 153#208010FF00FF40EE 0
(1698232895.343929) can0 160#00E8FF0A0000001D 0
(1698232895.343931) can0 164#00080E06 0
(1698232895.343932) can0 220#5BE37D0000450D74 0
(1698232895.343933) can0 372#28002500941F0000 0
(1698232895.343934) can0 130#867AD77A000006C5 0
(1698232895.344922) can0 140#6B7F00632000063D 0
(1698232895.344924) can0 50B#0000970000000000 0
(1698232895.346107) can0 389#0000000000000000 0
(1698232895.346108) can0 38D#00000800000000CC 0
(1698232895.346986) can0 420#F01418C8FC4F6A00 0
(1698232895.346988) can0 421#000000FFE37F00FC 0
(1698232895.346989) can0 4F1#403866A0 0
(1698232895.346990) can0 50C#0000000008000020 0
(1698232895.349130) can0 340#13000004A000C811 0
(1698232895.352010) can0 2B0#F9FE0107EF 0
(1698232895.352790) can0 251#F7023F1C0031377C 0
(1698232895.352792) can0 371#001E00000EE60710 0
(1698232895.352794) can0 372#280025009A1F0000 0
(1698232895.352795) can0 153#208010FF00FF50FE 0
(1698232895.353829) can0 160#00E8FF0A0000001D 0
(1698232895.353831) can0 164#00081018 0
(1698232895.353832) can0 220#5BE37D0000420D83 0
(1698232895.353833) can0 394#EF830000EF231581 0
(1698232895.354851) can0 130#847AF77A000007A3 0
(1698232895.354853) can0 140#1D7F0063200007FB 0
(1698232895.354854) can0 470#0544405155481400 0
(1698232895.354855) can0 47F#200000000000 0
(1698232895.354856) can0 507#00000001 0
(1698232895.355847) can0 541#0304418080080005 0
(1698232895.357741) can0 386#1405FDC414C5F8C4 0
(1698232895.358729) can0 387#832E355F004F0A00 0
(1698232895.358731) can0 340#13000004B000D811 0
(1698232895.361874) can0 381#8058390000A0B605 0
(1698232895.362932) can0 251#EF0240DF002B077C 0
(1698232895.362934) can0 2B0#FBFE020700 0
(1698232895.362935) can0 371#001E00000EE60710 0
(1698232895.362936) can0 153#208010FF00FF600E 0
(1698232895.363935) can0 160#00E9FF0A0000001C 0
(1698232895.363937) can0 164#0008121A 0
(1698232895.363938) can0 220#5FA37C0000410D95 0
(1698232895.363939) can0 372#28002500981F0000 0
(1698232895.363940) can0 130#947A067B000008C5 0
(1698232895.364897) can0 140#E37E0063200008AE 0
(1698232895.364899) can0 54B#0010000000870100 0
(1698232895.365951) can0 389#0000000000000000 0
(1698232895.366915) can0 38D#00000800000000BD 0
(1698232895.366917) can0 420#001418C8FC4F6A00 0
(1698232895.366919) can0 421#000000FFE37F00ED 0
(1698232895.366920) can0 4F1#603866B0 0
(1698232895.366921) can0 52A#2D00000006001C00 0
(1698232895.367975) can0 340#13000004C000E811 0
(1698232895.371980) can0 2B0#FBFE020711 0
(1698232895.372769) can0 251#E70241B10025E77B 0
(1698232895.372770) can0 371#001E00000EE60710 0
(1698232895.372771) can0 372#28002500961F0000 0
(1698232895.372772) can0 153#208010FF00FF701E 0
(1698232895.373771) can0 160#00E8FF0A0000001D 0
(1698232895.373772) can0 164#0008141C 0
(1698232895.373773) can0 220#61A37B0000490DAC 0
(1698232895.373774) can0 394#DDA30000DD231981 0
(1698232895.374825) can0 130#A27AF77A000009B9 0
(1698232895.374827) can0 140#FC7E006320000956 0
(1698232895.374829) can0 470#15444055558C1400 0
(1698232895.374830) can0 47F#200000000000 0
(1698232895.374831) can0 490#00000820000000 0
(1698232895.377869) can0 386#1345FBC41205FB04 0
(1698232895.378769) can0 387#8D383F6800770B00 0
(1698232895.378771) can0 340#13000004D000F811 0
(1698232895.381908) can0 381#80F0380000A14E05 0
(1698232895.382906) can0 251#DE024241001D877B 0
(1698232895.382907) can0 2B0#FAFE000712 0
(1698232895.382908) can0 371#001E00000EE60710 0
(1698232895.382909) can0 153#208010FF00FF802E 0
(1698232895.383927) can0 160#00EAFF0A0000001F 0
(1698232895.383928) can0 164#0008161E 0
(1698232895.383930) can0 220#5F037C0000500DB2 0
(1698232895.383930) can0 372#28002500941F0000 0
(1698232895.383932) can0 130#AC7A067B00000AFB 0
(1698232895.384900) can0 140#3B7F006320000AC6 0
(1698232895.384901) can0 436#00000000 0
(1698232895.384903) can0 595#0000D8FFF20E0000 0
(1698232895.385914) can0 389#0000000000000000 0
(1698232895.386968) can0 38D#00000800000000AE 0
(1698232895.386970) can0 420#101418C8FC4F6A00 0
(1698232895.386971) can0 421#000000FFE37F00DE 0
(1698232895.386972) can0 4F1#403866C0 0
(1698232895.387951) can0 340#13000004E0000811 0
(1698232895.388961) can0 485#00000000 0
(1698232895.391830) can0 2B0#FAFE000703 0
(1698232895.392830) can0 251#D50243020016577B 0
(1698232895.392831) can0 371#001E00000EE60710 0
(1698232895.392832) can0 372#28002500901F0000 0
(1698232895.392833) can0 153#208010FF00FF903E 0
(1698232895.393846) can0 160#00E9FF0A0000001C 0
(1698232895.393847) can0 164#00081810 0
(1698232895.393849) can0 220#61037D0000550DCA 0
(1698232895.393850) can0 394#E8C30000E8231F81 0
(1698232895.394867) can0 130#B07A027B00000B51 0
(1698232895.394869) can0 140#547F006320000B36 0
(1698232895.394870) can0 470#1544405555501400 0
(1698232895.394871) can0 47F#200000000000 0
(1698232895.394872) can0 596#000000008E00FE64 0
(1698232895.397868) can0 386#1085FAC40F85FAC4 0
(1698232895.398863) can0 387#9842497200A10C00 0
(1698232895.399884) can0 340#13000004F0001811 0
(1698232895.402090) can0 592#40EF000000FD83D8 0
(1698232895.402983) can0 251#D00244DA0012377B 0
(1698232895.402984) can0 2B0#FCFE010704 0
(1698232895.402985) can0 371#001E00000EE60710 0
(1698232895.402987) can0 153#208010FF00FFA04E 0
(1698232895.403874) can0 160#00E8FF0A0000001D 0
(1698232895.403876) can0 164#00081A12 0
(1698232895.403877) can0 220#61837D0000570DDC 0
(1698232895.403878) can0 372#28002500921F0000 0
(1698232895.403879) can0 130#B27AFD7A00000CCA 0
(1698232895.405049) can0 140#2E7F006320000C05 0
(1698232895.405051) can0 381#8098380000A2F705 0
(1698232895.405893) can0 389#0000000000000000 0
(1698232895.406912) can0 38D#0000080000000080 0
(1698232895.406914) can0 420#201418C8FC4F6A00 0
(1698232895.406916) can0 421#000000FFE37F00B0 0
(1698232895.406916) can0 4F1#603866D0 0
(1698232895.406918) can0 50A#0A10000000000000 0
(1698232895.407912) can0 340#1300000400002811 0
(1698232895.412046) can0 371#001E00000EE60710 0
(1698232895.412946) can0 251#CA0245A1000E077B 0
(1698232895.412947) can0 2B0#FBFE010765 0
(1698232895.412948) can0 372#28002500981F0000 0
(1698232895.412949) can0 470#1444401540141400 0
(1698232895.413970) can0 153#208010FF00FFB05E 0
(1698232895.413972) can0 160#00E9FF0A0000001C 0
(1698232895.413973) can0 164#00081C14 0
(1698232895.413974) can0 220#60E37C0000580DED 0
(1698232895.413975) can0 130#B87A2C7B00000D1A 0
(1698232895.414963) can0 140#FE7E006320000D98 0
(1698232895.414965) can0 394#E7E30000E7231F81 0
(1698232895.414966) can0 47F#200000000000 0
(1698232895.417967) can0 386#0EC5FAC40B85F8C4 0
(1698232895.418763) can0 340#1300000410003811 0
(1698232895.418764) can0 387#A24C537C00CA0D00 0
(1698232895.422052) can0 381#8070380000A3D005 0
(1698232895.422858) can0 251#CB0246B3000E177B 0
(1698232895.422860) can0 2B0#FAFE000756 0
(1698232895.422862) can0 371#001E00000EE60710 0
(1698232895.422863) can0 153#208010FF00FFC06E 0
(1698232895.423848) can0 160#00E9FF0A0000001C 0
(1698232895.423850) can0 164#00081E16 0
(1698232895.423851) can0 220#66237C00005B0DF4 0
(1698232895.423852) can0 372#280025009E1F0000 0
(1698232895.423853) can0 130#C07A767B00000E35 0
(1698232895.424867) can0 140#EE7E006320000E06 0
(1698232895.424868) can0 490#00000820000000 0
(1698232895.424869) can0 495#00000D10F5B02EA7 0
(1698232895.425888) can0 389#0000000000000000 0
(1698232895.425889) can0 38D#0000080000000071 0
(1698232895.427008) can0 420#301418C8FC4F6A00 0
(1698232895.427010) can0 421#000000FFE37F00A1 0
(1698232895.427011) can0 4F1#603866E0 0
(1698232895.428530) can0 340#1300000420004811 0
(1698232895.432051) can0 371#001E00000EE60710 0
(1698232895.432947) can0 251#CB024784000FE77A 0
(1698232895.432948) can0 2B0#FAFE000747 0
(1698232895.432949) can0 372#280025009A1F0000 0
(1698232895.432950) can0 412#0000000000000000 0
(1698232895.433818) can0 153#208010FF00FFD07E 0
(1698232895.433820) can0 160#00ECFF0A00000019 0
(1698232895.433821) can0 164#00080008 0
(1698232895.433821) can0 220#6EE37B00005F0D01 0
(1698232895.434817) can0 130#C67A8D7B00000FA1 0
(1698232895.434819) can0 140#1F7F006320000FA9 0
(1698232895.434820) can0 394#DF030000DF231F81 0
(1698232895.434821) can0 436#00000000 0
(1698232895.434822) can0 47F#200000000000 0
(1698232895.435838) can0 470#1100005555180000 0
(1698232895.435840) can0 500#01 0
(1698232895.435842) can0 4C9#0000000001000000 0
(1698232895.435843) can0 520#0000000000000000 0
(1698232895.436836) can0 5BE#080000FF00000000 0
(1698232895.436838) can0 5C1#5F010A1063010009 0
(1698232895.436839) can0 5FF#600000C800C80000 0
(1698232895.437836) can0 340#1300000430005811 0
(1698232895.437837) can0 386#0D05F9040FC5FB04 0
(1698232895.438858) can0 387#AC565D8600F30E00 0
(1698232895.438859) can0 485#00000000 0
(1698232895.441840) can0 381#8068380000A4C905 0
(1698232895.442858) can0 251#C9024881000DE77A 0
(1698232895.442859) can0 2B0#FCFE0107C8 0
(1698232895.442860) can0 371#001E00000EE60710 0
(1698232895.442861) can0 153#208010FF00FFE08E 0
(1698232895.443857) can0 160#00E9FF0A0000001C 0
(1698232895.443859) can0 164#0008020A 0
(1698232895.443860) can0 220#71A37C0000620D16 0
(1698232895.443861) can0 372#28002500961F0000 0
(1698232895.443862) can0 130#C67A637B00000071 0
(1698232895.444857) can0 140#417F006320000074 0
(1698232895.444858) can0 410#E012211880020020 0
(1698232895.444859) can0 53E#000000002000 0
(1698232895.444860) can0 50B#0000970000000000 0
(1698232895.445876) can0 389#0000000000000000 0
(1698232895.446878) can0 38D#0000080000000062 0
(1698232895.446880) can0 420#401418C8FC4F6A00 0
(1698232895.446881) can0 421#000000FFE37F0092 0
(1698232895.446882) can0 4F1#403866F0 0
(1698232895.446883) can0 50C#0000000008000030 0
(1698232895.449356) can0 340#1300000440006811 0
(1698232895.451899) can0 371#001E00000EE60710 0
(1698232895.452890) can0 251#CB024986000FE77A 0
(1698232895.452891) can0 2B0#FBFE0107A9 0
(1698232895.452892) can0 372#280025009E1F0000 0
(1698232895.452893) can0 153#208010FF00FF00AE 0
(1698232895.453914) can0 160#00E8FF0A0000001D 0
(1698232895.453916) can0 164#0008040C 0
(1698232895.453917) can0 220#6C237D0000620D22 0
(1698232895.453918) can0 394#E9230000E9231781 0
(1698232895.453919) can0 130#C27A567B000001F5 0
(1698232895.454953) can0 140#4A7F00632000015C 0
(1698232895.454955) can0 470#05444051559C1400 0
(1698232895.454956) can0 47F#200000000000 0
(1698232895.454957) can0 507#00000001 0
(1698232895.455970) can0 50E#0000002000000000 0
(1698232895.455972) can0 541#0304418080080005 0
(1698232895.455973) can0 553#0001000201008000 0
(1698232895.456976) can0 593#441118181617 0
(1698232895.457947) can0 386#1045F6040C45F4C4 0
(1698232895.458994) can0 387#B6606790000D0000 0
(1698232895.458996) can0 340#1300000450007811 0
(1698232895.461857) can0 371#001E00000EE60710 0
(1698232895.462854) can0 251#CC024A890010E77A 0
(1698232895.462856) can0 2B0#FAFE00079A 0
(1698232895.462858) can0 372#28002500A01F0000 0
(1698232895.462859) can0 153#208010FF00FF10BE 0
(1698232895.463872) can0 160#00E8FF0A0000001D 0
(1698232895.463873) can0 164#0008060E 0
(1698232895.463874) can0 220#6B437D0000600D31 0
(1698232895.463875) can0 381#8080380000A5E205 0
(1698232895.463876) can0 130#C67A6E7B000002E3 0
(1698232895.464927) can0 140#477F00632000029D 0
(1698232895.464929) can0 54B#0010000000870100 0
(1698232895.464931) can0 559#0000000000000000 0
(1698232895.465888) can0 389#0000000000000000 0
(1698232895.466889) can0 38D#0000080000000053 0
(1698232895.466891) can0 420#501418C8FC4F6A00 0
(1698232895.466892) can0 421#000000FFE37F0083 0
(1698232895.466892) can0 4F1#00386600 0
(1698232895.467914) can0 340#1300000460008811 0
(1698232895.471822) can0 2B0#FCFE0007EB 0
(1698232895.472851) can0 251#D0024BB20013077B 0
(1698232895.472853) can0 371#001E00000EE60710 0
(1698232895.472855) can0 372#280025009A1F0000 0
(1698232895.472856) can0 153#208010FF00FF20CE 0
(1698232895.473850) can0 160#00E9FF0A0000001C 0
(1698232895.473852) can0 164#00080800 0
(1698232895.473853) can0 220#6D437D0000620D45 0
(1698232895.473854) can0 394#EA430000EA231381 0
(1698232895.474850) can0 130#D27A947B0000031E 0
(1698232895.474851) can0 140#317F00632000035B 0
(1698232895.474853) can0 470#1544405555601400 0
(1698232895.474854) can0 47F#200000000000 0
(1698232895.474855) can0 490#00000820000000 0
(1698232895.475847) can0 544#0000000000000000 0
(1698232895.477766) can0 386#1185F5040785F3C4 0
(1698232895.478749) can0 387#C06A719A00360100 0
(1698232895.478751) can0 340#1300000470009811 0
(1698232895.481956) can0 371#001E00000EE60710 0
(1698232895.482963) can0 251#D4024CC90015177B 0
(1698232895.482965) can0 2B0#FBFE0007EC 0
(1698232895.482966) can0 372#280025009E1F0000 0
(1698232895.482967) can0 153#208010FF00FF30DE 0
(1698232895.483978) can0 160#00E6FF0A00000013 0
(1698232895.483979) can0 164#00080A02 0
(1698232895.483980) can0 220#72E37C0000680D5F 0
(1698232895.483981) can0 381#80A8380000A60B05 0
(1698232895.483982) can0 130#D67A9D7B00000439 0
(1698232895.485010) can0 140#227F006320000456 0
(1698232895.485011) can0 436#00000000 0
(1698232895.485012) can0 595#0000D4FFF30E0000 0
(1698232895.486032) can0 389#0000000000000000 0
(1698232895.486034) can0 38D#0000080000000044 0
(1698232895.486995) can0 420#601418C8FC4F6A00 0
(1698232895.486997) can0 421#000000FFE37F0074 0
(1698232895.486998) can0 4F1#20386610 0
(1698232895.488249) can0 340#130000048000A811 0
(1698232895.489268) can0 485#00000000 0
(1698232895.491882) can0 371#001E00008EE60710 0
(1698232895.492911) can0 251#D8024DF20019377B 0
(1698232895.492913) can0 2B0#FBFE0007FD 0
(1698232895.492915) can0 372#280025009A1F0000 0
(1698232895.492916) can0 153#208010FF00FF40EE 0
(1698232895.493900) can0 160#00E8FF0A0000001D 0
(1698232895.493901) can0 164#00080C04 0
(1698232895.493902) can0 220#73A37C00006A0D60 0
(1698232895.493903) can0 394#E5630000E5231B81 0
(1698232895.493904) can0 130#D87A847B000005D6 0
(1698232895.494921) can0 140#207F0063200005F1 0
(1698232895.494922) can0 470#1544405555641400 0
(1698232895.494923) can0 47F#200000000000 0
(1698232895.494924) can0 596#000000008E00FE64 0
(1698232895.497712) can0 386#0CC5F5040845F2C4 0
(1698232895.498711) can0 387#CA737CA4005F0200 0
(1698232895.499732) can0 340#130000049000B811 0
(1698232895.501881) can0 381#80C0380000A72405 0
(1698232895.502858) can0 251#D7024ED10018177B 0
(1698232895.502859) can0 2B0#FAFE0007DE 0
(1698232895.502860) can0 371#001E00008EE60710 0
(1698232895.502861) can0 153#208010FF00FF50FE 0
(1698232895.503852) can0 160#00E9FF0A0000001C 0
(1698232895.503854) can0 164#00080E06 0
(1698232895.503856) can0 220#70A37C00006B0D7E 0
(1698232895.503857) can0 372#280025009A1F0000 0
(1698232895.503859) can0 130#DC7A767B000006DF 0
(1698232895.504877) can0 140#2B7F0063200006E3 0
(1698232895.504879) can0 592#40EF000000FD8318 0
(1698232895.505919) can0 389#0000000000000000 0
(1698232895.506874) can0 38D#0000080000000035 0
(1698232895.506877) can0 420#701418C8FC4F6A00 0
(1698232895.506878) can0 421#000000FFE37F0065 0
(1698232895.506879) can0 4A2#0100 0
(1698232895.506881) can0 4F1#20386620 0
(1698232895.507876) can0 340#13000004A000C811 0
(1698232895.511789) can0 371#001E00008EE60710 0
(1698232895.512811) can0 251#D4024FBD0016077B 0
(1698232895.512812) can0 2B0#FCFE0007AF 0
(1698232895.512813) can0 372#280025009C1F0000 0
(1698232895.512814) can0 470#1444401540281400 0
(1698232895.513849) can0 153#208010FF00FF600E 0
(1698232895.513851) can0 160#00E8FF0A0000001D 0
(1698232895.513852) can0 164#00081018 0
(1698232895.513853) can0 220#6EC37C00006D0D8E 0
(1698232895.513854) can0 130#D67A737B00000775 0
(1698232895.514866) can0 140#3B7F006320000747 0
(1698232895.514868) can0 394#E6830000E6231781 0
(1698232895.514869) can0 47F#200000000000 0
(1698232895.517763) can0 386#0A05F3440705F0C4 0
(1698232895.518787) can0 387#D47D86AE00880300 0
(1698232895.518789) can0 340#13000004B000D811 0
(1698232895.521871) can0 381#80A0380000A80505 0
(1698232895.522868) can0 251#D10250A80014F77A 0
(1698232895.522870) can0 2B0#FBFE000720 0
(1698232895.522871) can0 371#001E00008EE60710 0
(1698232895.522872) can0 153#208010FF00FF701E 0
(1698232895.523888) can0 160#00EBFF0A0000001E 0
(1698232895.523890) can0 164#0008121A 0
(1698232895.523891) can0 220#6E037D00006A0D9C 0
(1698232895.523892) can0 372#28002500A01F0000 0
(1698232895.523893) can0 130#CC7A777B000008AA 0
(1698232895.524875) can0 140#367F00632000081A 0
(1698232895.524876) can0 490#00000820000000 0
(1698232895.524878) can0 495#00000D10F5B02EA7 0
(1698232895.525914) can0 389#0000000000000000 0
(1698232895.526910) can0 38D#0000080000000026 0
(1698232895.526912) can0 420#801418C8FC4F6A00 0
(1698232895.526912) can0 421#000000FFE37F0056 0
(1698232895.526914) can0 4F1#00386630 0
(1698232895.527932) can0 340#13000004C000E811 0
(1698232895.531890) can0 2B0#FAFE000721 0
(1698232895.532888) can0 251#D10251A80013F77A 0
(1698232895.532890) can0 371#001E00008EE60710 0
(1698232895.532891) can0 372#28002500A21F0000 0
(1698232895.532892) can0 153#208010FF00FF802E 0
(1698232895.533893) can0 160#00E9FF0A0000001C 0
(1698232895.533894) can0 164#0008141C 0
(1698232895.533896) can0 220#6F037D0000650DA8 0
(1698232895.533897) can0 394#E8A30000E8231181 0
(1698232895.534913) can0 130#C67A657B000009E5 0
(1698232895.534915) can0 140#237F00632000098A 0
(1698232895.534916) can0 436#00000000 0
(1698232895.534917) can0 47F#200000000000 0
(1698232895.534918) can0 470#11000055556C0000 0
(1698232895.534919) can0 500#01 0
(1698232895.535927) can0 520#0000000000000000 0
(1698232895.535929) can0 5C1#5F010A1063010009 0
(1698232895.535930) can0 5FF#600000C800C80000 0
(1698232895.537798) can0 340#13000004D000F811 0
(1698232895.538702) can0 386#0D45F2440885F084 0
(1698232895.538704) can0 387#DE8790B700B00400 0
(1698232895.538705) can0 485#00000000 0
(1698232895.541843) can0 381#8090380000A9F605 0
(1698232895.542867) can0 251#D00252970012E77A 0
(1698232895.542869) can0 2B0#FAFE000712 0
(1698232895.542870) can0 371#001E00008EE60710 0
(1698232895.542871) can0 372#280025009E1F0000 0
(1698232895.543891) can0 153#208010FF00FF903E 0
(1698232895.543892) can0 160#00E9FF0A0000001C 0
(1698232895.543893) can0 164#0008161E 0
(1698232895.543894) can0 220#6CA37C0000620DB3 0
(1698232895.543895) can0 50B#0000970000000000 0
(1698232895.544855) can0 130#C87A557B00000AEC 0
(1698232895.544856) can0 140#0C7F006320000A9E 0
(1698232895.545895) can0 389#0000000000000000 0
(1698232895.546917) can0 38D#0000080000000017 0
(1698232895.546919) can0 420#901418C8FC4F6A00 0
(1698232895.546920) can0 421#000000FFE37F0047 0
(1698232895.546921) can0 4F1#20386640 0
(1698232895.546922) can0 50C#0000000008000040 0
(1698232895.547872) can0 52A#2D00000006001C00 0
(1698232895.547873) can0 53E#000000002000 0
(1698232895.550023) can0 340#13000004E0000811 0
(1698232895.551831) can0 371#001E00008EE60710 0
(1698232895.552870) can0 251#D102539A0013E77A 0
(1698232895.552872) can0 2B0#FCFE000763 0
(1698232895.552873) can0 372#270025009E1F0000 0
(1698232895.552874) can0 470#0544405155B01400 0
(1698232895.553887) can0 153#208010FF00FFA04E 0
(1698232895.553889) can0 160#00E9FF0A0000001C 0
(1698232895.553890) can0 164#00081810 0
(1698232895.553891) can0 220#6B437C0000630DC3 0
(1698232895.553892) can0 394#E2C30000E2231B81 0
(1698232895.554894) can0 130#CE7A537B00000B43 0
(1698232895.554896) can0 140#027F006320000B82 0
(1698232895.554897) can0 47F#200000000000 0
(1698232895.554898) can0 507#00000001 0
(1698232895.555852) can0 541#0304418080080005 0
(1698232895.557339) can0 340#13000004F0001811 0
(1698232895.558415) can0 386#0A85F2440A05F3C4 0
(1698232895.558417) can0 387#E8919AC100D90500 0
(1698232895.562083) can0 381#8090380000AAF705 0
(1698232895.562996) can0 251#D00254890012D77A 0
(1698232895.562997) can0 2B0#FBFE000764 0
(1698232895.562998) can0 371#001E00008EE60710 0
(1698232895.562999) can0 153#208010FF00FFB05E 0
(1698232895.563974) can0 160#00E7FF0A00000012 0
(1698232895.563975) can0 164#00081A12 0
(1698232895.563976) can0 220#6B237C0000660DD4 0
(1698232895.563977) can0 372#270025009E1F0000 0
(1698232895.564874) can0 54B#0010000000870100 0
(1698232895.564875) can0 130#CC7A587B00000C63 0
(1698232895.564876) can0 140#1B7F006320000CE7 0
(1698232895.565910) can0 389#0000000000000000 0
(1698232895.566911) can0 38D#0000080000000008 0
(1698232895.566912) can0 420#A01418C8FC4F6A00 0
(1698232895.566914) can0 421#000000FFE37F0038 0
(1698232895.566916) can0 4F1#00386650 0
(1698232895.567930) can0 340#1300000400002811 0
(1698232895.571913) can0 371#001E00008EE60710 0
(1698232895.572912) can0 251#D20255AE0014F77A 0
(1698232895.572914) can0 2B0#FAFE000765 0
(1698232895.572915) can0 372#270025009E1F0000 0
(1698232895.572916) can0 153#208010FF00FFC06E 0
(1698232895.573895) can0 160#00E9FF0A0000001C 0
(1698232895.573897) can0 164#00081C14 0
(1698232895.573898) can0 220#6C837C0000650DE4 0
(1698232895.573899) can0 394#E4E30000E4231581 0
(1698232895.573900) can0 130#C47A617B00000D9E 0
(1698232895.574933) can0 140#397F006320000D2F 0
(1698232895.574934) can0 470#1544405555B41400 0
(1698232895.574936) can0 47F#200000000000 0
(1698232895.574937) can0 490#00000820000000 0
(1698232895.577730) can0 386#0BC5EF440545F304 0
(1698232895.578904) can0 387#F29BA4CB00020600 0
(1698232895.578906) can0 340#1300000410003811 0
(1698232895.582027) can0 381#80A0380000AB0805 0
(1698232895.583006) can0 251#D102567E0014C77A 0
(1698232895.583008) can0 2B0#FCFE000736 0
(1698232895.583009) can0 371#001E00008EE60710 0
(1698232895.583010) can0 153#208010FF00FFD07E 0
(1698232895.583929) can0 160#00E9FF0A0000001C 0
(1698232895.583931) can0 164#00081E16 0
(1698232895.583932) can0 220#6C037D0000610DF3 0
(1698232895.583933) can0 372#270025009E1F0000 0
(1698232895.583934) can0 130#C47A5B7B00000E35 0
(1698232895.584896) can0 140#4A7F006320000EE7 0
(1698232895.584898) can0 436#00000000 0
(1698232895.584900) can0 595#0000D9FFF20E0000 0
(1698232895.585952) can0 389#0000000000000000 0
(1698232895.586954) can0 38D#00000800000000F9 0
(1698232895.586956) can0 420#B01418C8FC4F6A00 0
(1698232895.586957) can0 421#000000FFE37F0029 0
(1698232895.586958) can0 4F1#00386660 0
(1698232895.587974) can0 340#1300000420004811 0
(1698232895.587975) can0 485#00000000 0
(1698232895.591864) can0 371#001E00008EE60710 0
(1698232895.592894) can0 251#D20257B00014F77A 0
(1698232895.592897) can0 2B0#FBFE000757 0
(1698232895.592898) can0 372#280025009E1F0000 0
(1698232895.592899) can0 470#1544405555B81400 0
(1698232895.593890) can0 153#208010FF00FFE08E 0
(1698232895.593892) can0 160#00E9FF0A0000001C 0
(1698232895.593893) can0 164#00080008 0
(1698232895.593894) can0 220#6C437D0000610D03 0
(1698232895.593895) can0 130#CC7A867B00000F00 0
(1698232895.594914) can0 140#187F006320000F27 0
(1698232895.594916) can0 394#EA030000EA231781 0
(1698232895.594917) can0 47F#200000000000 0
(1698232895.594918) can0 596#000000008E00FE64 0
(1698232895.597782) can0 386#0A05F0840445EFC4 0
(1698232895.598781) can0 387#FCA5AED5002B0700 0
(1698232895.599781) can0 340#1300000430005811 0
(1698232895.601868) can0 381#80A8380000AC1105 0
(1698232895.602832) can0 251#D30258A30015E77A 0
(1698232895.602834) can0 2B0#FAFE0007B8 0
(1698232895.602836) can0 592#40EF000000FD8358 0
(1698232895.602837) can0 371#001E00008EE60710 0
(1698232895.603853) can0 153#208010FF00FF00AE 0
(1698232895.603855) can0 160#00E9FF0A0000001C 0
(1698232895.603856) can0 164#0008020A 0
(1698232895.603857) can0 220#70837C0000650D18 0
(1698232895.603858) can0 130#D07AC97B0000005A 0
(1698232895.604853) can0 140#E97E00632000002E 0
(1698232895.604855) can0 372#270025009E1F0000 0
(1698232895.605852) can0 389#0000000000000000 0
(1698232895.606876) can0 38D#00000800000000EA 0
(1698232895.606877) can0 420#C01418C8FC4F6A00 0
(1698232895.606879) can0 421#000000FFE37F001A 0
(1698232895.606880) can0 4F1#E0376670 0
(1698232895.606881) can0 50A#0A10000000000000 0
(1698232895.608145) can0 340#1300000440006811 0
(1698232895.611852) can0 371#001E00000EE70710 0
(1698232895.612848) can0 251#D20259A20014E77A 0
(1698232895.612850) can0 2B0#FBFE0007B9 0
(1698232895.612851) can0 372#270025009E1F0000 0
(1698232895.612852) can0 470#1444401540BC1400 0
(1698232895.613870) can0 153#208010FF00FF10BE 0
(1698232895.613872) can0 160#00E7FF0A00000012 0
(1698232895.613873) can0 164#0008040C 0
(1698232895.613874) can0 220#79C37B0000670D22 0
(1698232895.613875) can0 130#D07AD27B00000160 0
(1698232895.614867) can0 140#207F006320000185 0
(1698232895.614869) can0 394#DE230000DE231F81 0
(1698232895.614871) can0 47F#200000000000 0
(1698232895.617414) can0 340#1300000450007811 0
(1698232895.618426) can0 386#0445ED8403C5EFC4 0
(1698232895.618428) can0 387#07AFB8DF00550800 0
(1698232895.621959) can0 371#001E00000EE70710 0
(1698232895.622777) can0 251#D0025A900013D77A 0
(1698232895.622778) can0 2B0#FBFE00078A 0
(1698232895.622779) can0 372#27002500A01F0000 0
(1698232895.622780) can0 381#8098380000AD0205 0
(1698232895.623785) can0 153#208010FF00FF20CE 0
(1698232895.623787) can0 160#00EDFF0A00000018 0
(1698232895.623788) can0 164#0008060E 0
(1698232895.623789) can0 220#7AA37C0000670D34 0
(1698232895.623790) can0 130#CE7AD17B00000241 0
(1698232895.624784) can0 140#5F7F0063200002F6 0
(1698232895.624785) can0 490#00000820000000 0
(1698232895.624786) can0 495#00000D10F5B02EA7 0
(1698232895.625999) can0 389#0000000000000000 0
(1698232895.626875) can0 38D#00000800000000DB 0
(1698232895.626877) can0 420#D01418C8FC4F6A00 0
(1698232895.626878) can0 421#000000FFE37F000B 0
(1698232895.626879) can0 4F1#E0376680 0
(1698232895.628021) can0 340#1300000460008811 0
(1698232895.631831) can0 2B0#FAFE00078B 0
(1698232895.632990) can0 251#D1025BA20013E77A 0
(1698232895.632992) can0 371#001E00000EE70710 0
(1698232895.632993) can0 372#27002500A01F0000 0
(1698232895.632995) can0 153#208010FF00FF30DE 0
(1698232895.633839) can0 160#00E9FF0A0000001C 0
(1698232895.633841) can0 164#00080800 0
(1698232895.633842) can0 220#7AA37D0000660D44 0
(1698232895.633843) can0 394#ED430000ED231D81 0
(1698232895.634837) can0 130#C87AD67B00000384 0
(1698232895.634839) can0 140#597F006320000338 0
(1698232895.634840) can0 412#0000000000000000 0
(1698232895.634841) can0 47F#200000000000 0
(1698232895.634843) can0 436#00000000 0
(1698232895.635865) can0 500#01 0
(1698232895.635866) can0 470#1100005555000000 0
(1698232895.635867) can0 4C9#0000000001000000 0
(1698232895.635868) can0 520#0000000000000000 0
(1698232895.636876) can0 5C1#5F010A1063010009 0
(1698232895.636878) can0 5FF#600000C800C80000 0
(1698232895.637876) can0 386#0485EE84FFC4EE04 0
(1698232895.638898) can0 387#11B8C2E9007D0900 0
(1698232895.638899) can0 340#1300000470009811 0
(1698232895.638900) can0 485#00000000 0
(1698232895.641776) can0 381#80A0380000AE0B05 0
(1698232895.642794) can0 251#D3025CC80015077B 0
(1698232895.642796) can0 2B0#FCFE00079C 0
(1698232895.642797) can0 371#001E00000EE70710 0
(1698232895.642798) can0 372#27002500A81F0000 0
(1698232895.643795) can0 153#208010FF00FF40EE 0
(1698232895.643797) can0 160#00E8FF0A0000001D 0
(1698232895.643798) can0 164#00080A02 0
(1698232895.643799) can0 220#7B837D0000630D52 0
(1698232895.643800) can0 130#C27ACB7B000004F9 0
(1698232895.644816) can0 140#0C7F006320000438 0
(1698232895.644818) can0 410#E012211880020020 0
(1698232895.644819) can0 50B#0000970000000000 0
(1698232895.645814) can0 389#0000000000000000 0
(1698232895.646837) can0 38D#00000800000000CC 0
(1698232895.646838) can0 420#E01418C8FC4F6A00 0
(1698232895.646840) can0 421#000000FFE37F00FC 0
(1698232895.646841) can0 4F1#C0376690 0
(1698232895.647838) can0 50C#0000000008000050 0
(1698232895.648860) can0 340#130000048000A811 0
(1698232895.649859) can0 53E#000000002000 0
(1698232895.651810) can0 2B0#FCFE00078D 0
(1698232895.652828) can0 251#D7025DE00018177B 0
(1698232895.652830) can0 371#001E00000EE70710 0
(1698232895.652831) can0 372#270025009E1F0000 0
(1698232895.652832) can0 153#208010FF00FF50FE 0
(1698232895.653834) can0 160#00E9FF0A0000001C 0
(1698232895.653836) can0 164#00080C04 0
(1698232895.653837) can0 220#79437C0000600D6C 0
(1698232895.653838) can0 394#E2630000E2231181 0
(1698232895.654853) can0 130#C07AD67B00000518 0
(1698232895.654855) can0 140#D87E0063200005CC 0
(1698232895.654856) can0 470#0544405155441400 0
(1698232895.654857) can0 47F#200000000000 0
(1698232895.654858) can0 507#00000001 0
(1698232895.655854) can0 50E#0000002000000000 0
(1698232895.655855) can0 541#0304418080080005 0
(1698232895.655856) can0 553#0001000201008000 0
(1698232895.656853) can0 593#441118181617 0
(1698232895.657873) can0 340#130000049000B811 0
(1698232895.657874) can0 386#07C5EE84FF84E904 0
(1698232895.658878) can0 387#1BC2CCF200A50A00 0
(1698232895.661814) can0 371#001E00000EE70710 0
(1698232895.662828) can0 251#D8025ED30019077B 0
(1698232895.662830) can0 2B0#FBFE0007CE 0
(1698232895.662831) can0 372#27002500A01F0000 0
(1698232895.662832) can0 381#80C0380000AF2C05 0
(1698232895.663853) can0 153#208010FF00FF600E 0
(1698232895.663855) can0 160#00E7FF0A00000012 0
(1698232895.663856) can0 164#00080E06 0
(1698232895.663857) can0 220#7B837B00005F0D7C 0
(1698232895.663858) can0 130#C47AFE7B000006E0 0
(1698232895.664852) can0 140#EB7E0063200006DA 0
(1698232895.664853) can0 54B#0010000000870100 0
(1698232895.664854) can0 559#0000000000000000 0
(1698232895.665873) can0 389#0000000000000000 0
(1698232895.666873) can0 38D#00000800000000BD 0
(1698232895.666875) can0 420#F01418C8FC4F6A00 0
(1698232895.666876) can0 421#000000FFE37F00ED 0
(1698232895.666878) can0 4F1#C03766A0 0
(1698232895.667892) can0 340#13000004A000C811 0
(1698232895.668941) can0 4A7#0100 0
(1698232895.671873) can0 371#001E00000EE70710 0
(1698232895.672865) can0 251#D6025FD00017077B 0
(1698232895.672867) can0 2B0#FBFE0007DF 0
(1698232895.672868) can0 372#27002500961F0000 0
(1698232895.672869) can0 153#208010FF00FF701E 0
(1698232895.673893) can0 160#00E9FF0A0000001C 0
(1698232895.673895) can0 164#00081018 0
(1698232895.673896) can0 220#80C37B0000610D85 0
(1698232895.673897) can0 394#DE830000DE231981 0
(1698232895.673898) can0 130#C47AFA7B00000748 0
(1698232895.674891) can0 140#2E7F0063200007CA 0
(1698232895.674892) can0 470#1544405555481400 0
(1698232895.674893) can0 47F#200000000000 0
(1698232895.674894) can0 490#00000820000000 0
(1698232895.675913) can0 544#0000000000000000 0
(1698232895.677785) can0 386#0905EEC40245E9C4 0
(1698232895.678797) can0 387#25CCD5FC00CD0B00 0
(1698232895.679749) can0 340#13000004B000D811 0
(1698232895.681898) can0 381#80B0380000B01D05 0
(1698232895.682915) can0 251#D30260AB0015E77A 0
(1698232895.682916) can0 2B0#FBFE000720 0
(1698232895.682917) can0 371#001E00008EE70710 0
(1698232895.682918) can0 153#208010FF00FF802E 0
(1698232895.683938) can0 160#00E9FF0A0000001C 0
(1698232895.683939) can0 164#0008121A 0
(1698232895.683940) can0 220#7FE37C0000610D95 0
(1698232895.683941) can0 130#BE7AED7B00000876 0
(1698232895.683942) can0 140#467F006320000812 0
(1698232895.684944) can0 372#27002500961F0000 0
(1698232895.684946) can0 436#00000000 0
(1698232895.684948) can0 595#0000DAFFF20E0000 0
(1698232895.685934) can0 389#0000000000000000 0
(1698232895.686957) can0 38D#00000800000000AE 0
(1698232895.686959) can0 420#001418C8FC4F6A00 0
(1698232895.686960) can0 421#000000FFE37F00DE 0
(1698232895.686961) can0 4F1#E03766B0 0
(1698232895.687958) can0 340#13000004C000E811 0
(1698232895.687960) can0 485#00000000 0
(1698232895.691875) can0 371#001E00008EE70710 0
(1698232895.692893) can0 251#CE0261630011A77A 0
(1698232895.692895) can0 2B0#FAFE000721 0
(1698232895.692896) can0 372#27002500981F0000 0
(1698232895.692898) can0 153#208010FF00FF903E 0
(1698232895.693912) can0 160#00E9FF0A0000001C 0
(1698232895.693914) can0 164#0008141C 0
(1698232895.693915) can0 220#7E437D00005E0DA0 0
(1698232895.693916) can0 394#EAA30000EA231D81 0
(1698232895.693917) can0 130#BA7AC47B000009DE 0
(1698232895.694912) can0 140#1F7F0063200009E7 0
(1698232895.694914) can0 470#15444055558C1400 0
(1698232895.694915) can0 47F#200000000000 0
(1698232895.694916) can0 596#000000008E00FE64 0
(1698232895.697767) can0 386#0645EDC40505EAC4 0
(1698232895.698802) can0 387#2FD6DF0700F70C00 0
(1698232895.699787) can0 340#13000004D000F811 0
(1698232895.701929) can0 381#8068380000B1D605 0
(1698232895.702928) can0 251#C902623B000D877A 0
(1698232895.702930) can0 2B0#FAFE000712 0
(1698232895.702931) can0 371#001E00008EE70710 0
(1698232895.702932) can0 153#208010FF00FFA04E 0
(1698232895.703954) can0 160#00E9FF0A0000001C 0
(1698232895.703956) can0 164#0008161E 0
(1698232895.703958) can0 220#78A37C00005C0DB9 0
(1698232895.703959) can0 372#27002500A01F0000 0
(1698232895.703960) can0 130#B47A9C7B00000AFE 0
(1698232895.704939) can0 140#077F006320000AAB 0
(1698232895.704941) can0 592#40EF000000FD8398 0
(1698232895.705973) can0 389#0000000000000000 0
(1698232895.706972) can0 38D#0000080000000080 0
(1698232895.706973) can0 420#101418C8FC4F6A00 0
(1698232895.706974) can0 421#000000FFE37F00B0 0
(1698232895.706976) can0 4F1#C03766C0 0
(1698232895.707971) can0 340#13000004E0000811 0
(1698232895.711826) can0 371#001E00008EE70710 0
(1698232895.712851) can0 251#C5026315000A677A 0
(1698232895.712853) can0 2B0#FAFE000703 0
(1698232895.712854) can0 372#27002500A41F0000 0
(1698232895.712855) can0 470#1444401540101400 0
(1698232895.713871) can0 153#208010FF00FFB05E 0
(1698232895.713873) can0 160#00E8FF0A0000001D 0
(1698232895.713874) can0 164#00081810 0
(1698232895.713875) can0 220#73437C0000590DC1 0
(1698232895.713876) can0 130#B27A987B00000B85 0
(1698232895.714887) can0 140#187F006320000B53 0
(1698232895.714889) can0 394#E2C30000E2231B81 0
(1698232895.714890) can0 47F#200000000000 0
(1698232895.717282) can0 340#13000004F0001811 0
(1698232895.718285) can0 386#0585ECC40245EBC4 0
(1698232895.718286) can0 387#39E0E91100200D00 0
(1698232895.721978) can0 371#001E00008EE70710 0
(1698232895.722970) can0 251#C10264CF0007277A 0
(1698232895.722972) can0 2B0#FCFE000714 0
(1698232895.722973) can0 372#27002500A01F0000 0
(1698232895.722974) can0 153#208010FF00FFC06E 0
(1698232895.724011) can0 160#00EBFF0A0000001E 0
(1698232895.724013) can0 164#00081A12 0
(1698232895.724014) can0 220#73837C0000580DDE 0
(1698232895.724015) can0 130#B87A897B00000C3A 0
(1698232895.724016) can0 140#2D7F006320000CE2 0
(1698232895.724972) can0 381#8038380000B2A705 0
(1698232895.724976) can0 490#00000820000000 0
(1698232895.724977) can0 495#00000D10F5B02EA7 0
(1698232895.726003) can0 389#0000000000000000 0
(1698232895.727017) can0 38D#0000080000000071 0
(1698232895.727019) can0 420#201418C8FC4F6A00 0
(1698232895.727020) can0 421#000000FFE37F00A1 0
(1698232895.727021) can0 4F1#E03766D0 0
(1698232895.728012) can0 340#1300000400002811 0
(1698232895.731851) can0 2B0#FBFE000775 0
(1698232895.732912) can0 251#BC0265B70003177A 0
(1698232895.732914) can0 371#001E00008EE70710 0
(1698232895.732916) can0 372#270025009C1F0000 0
(1698232895.732917) can0 153#208010FF00FFD07E 0
(1698232895.733912) can0 160#00E9FF0A0000001C 0
(1698232895.733914) can0 164#00081C14 0
(1698232895.733915) can0 220#71E37C00005B0DE1 0
(1698232895.733916) can0 394#E7E30000E7231F81 0
(1698232895.734932) can0 130#BA7A7F7B00000D6F 0
(1698232895.734935) can0 140#2E7F006320000D18 0
(1698232895.734936) can0 436#00000000 0
(1698232895.734937) can0 47F#200000000000 0
(1698232895.734938) can0 470#1100005555140000 0
(1698232895.735914) can0 500#01 0
(1698232895.735915) can0 520#0000000000000000 0
(1698232895.735916) can0 5C1#5F010A1063010009 0
(1698232895.735918) can0 5FF#600000C800C80000 0
(1698232895.737787) can0 386#05C5ECC40285EC84 0
(1698232895.738746) can0 387#43E9F31A00470E00 0
(1698232895.738748) can0 340#1300000410003811 0
(1698232895.738749) can0 485#00000000 0
(1698232895.741884) can0 381#8038380000B3A805 0
(1698232895.742899) can0 251#C10266F10007477A 0
(1698232895.742900) can0 2B0#FBFE000746 0
(1698232895.742901) can0 371#001E00000EE80710 0
(1698232895.742902) can0 153#208010FF00FFE08E 0
(1698232895.743900) can0 160#00E9FF0A0000001C 0
(1698232895.743902) can0 164#00081E16 0
(1698232895.743903) can0 220#70E37C00005C0DF1 0
(1698232895.743904) can0 372#27002500981F0000 0
(1698232895.743905) can0 130#BC7A737B00000E59 0
(1698232895.744898) can0 140#387F006320000E55 0
(1698232895.744900) can0 50B#0000970000000000 0
(1698232895.745918) can0 389#0000000000000000 0
(1698232895.746920) can0 38D#0000080000000062 0
(1698232895.746922) can0 420#301418C8FC4F6A00 0
(1698232895.746923) can0 421#000000FFE37F0092 0
(1698232895.746924) can0 4F1#A03766E0 0
(1698232895.746925) can0 50C#0000000008000060 0
(1698232895.747940) can0 52A#2D00000006001C00 0
(1698232895.747942) can0 5B0#4D7E0300 0
(1698232895.748941) can0 340#1300000420004811 0
(1698232895.751816) can0 371#001E00008EE80710 0
(1698232895.752858) can0 251#BE0267AD0005077A 0
(1698232895.752859) can0 2B0#FAFE000747 0
(1698232895.752860) can0 372#270025009C1F0000 0
(1698232895.752862) can0 470#0544405155581400 0
(1698232895.753871) can0 153#208010FF00FF00AE 0
(1698232895.753873) can0 160#00E9FF0A0000001C 0
(1698232895.753874) can0 164#00080008 0
(1698232895.753875) can0 220#6E037D00005D0D01 0
(1698232895.754854) can0 130#BC7A3F7B00000F19 0
(1698232895.754855) can0 140#437F006320000F75 0
(1698232895.754856) can0 394#E8030000E8231B81 0
(1698232895.754857) can0 47F#200000000000 0
(1698232895.754858) can0 507#00000001 0
(1698232895.755853) can0 53E#000000002000 0
(1698232895.755855) can0 541#0304418080080005 0
(1698232895.757685) can0 340#1300000430005811 0
(1698232895.758717) can0 386#0105ED040145EBC4 0
(1698232895.758719) can0 387#4DF3FD2400610000 0
(1698232895.762002) can0 381#8048380000B4B905 0
(1698232895.762910) can0 251#C502682A000A777A 0
(1698232895.762911) can0 2B0#FAFE0007B8 0
(1698232895.762913) can0 371#001E00000EE90710 0
(1698232895.762914) can0 153#208010FF00FF10BE 0
(1698232895.763909) can0 160#00EAFF0A0000001F 0
(1698232895.763910) can0 164#0008020A 0
(1698232895.763911) can0 220#68237D00005D0D1B 0
(1698232895.763912) can0 372#270025009A1F0000 0
(1698232895.763913) can0 130#C07A457B00000002 0
(1698232895.764895) can0 140#467F0063200000FA 0
(1698232895.764898) can0 54B#0010000000870100 0
(1698232895.765895) can0 389#0000000000000000 0
(1698232895.766933) can0 38D#0000080000000053 0
(1698232895.766935) can0 420#401418C8FC4F6A00 0
(1698232895.766936) can0 421#000000FFE37F0083 0
(1698232895.766937) can0 4F1#803766F0 0
(1698232895.767955) can0 340#1300000440006811 0
(1698232895.772083) can0 371#001E00000EEA0710 0
(1698232895.772853) can0 251#C10269A30007F779 0
(1698232895.772855) can0 2B0#FCFE0007C9 0
(1698232895.772856) can0 372#270025009C1F0000 0
(1698232895.772857) can0 153#208010FF00FF20CE 0
(1698232895.773903) can0 160#00E8FF0A0000001D 0
(1698232895.773905) can0 164#0008040C 0
(1698232895.773906) can0 220#69437D00005F0D2C 0
(1698232895.773907) can0 394#EA230000EA231581 0
(1698232895.773908) can0 130#BC7A847B0000017A 0
(1698232895.774911) can0 140#5A7F0063200001E5 0
(1698232895.774912) can0 470#15444055559C1400 0
(1698232895.774914) can0 47F#200000000000 0
(1698232895.774915) can0 490#00000820000000 0
(1698232895.777669) can0 340#1300000450007811 0
(1698232895.778683) can0 386#0445ED040345E9C4 0
(1698232895.778685) can0 387#57FD082E008B0100 0
(1698232895.778686) can0 5E3#0000000000000000 0
(1698232895.782089) can0 381#80F0370000B56105 0
(1698232895.782913) can0 251#B4026A0C00FD7679 0
(1698232895.782915) can0 2B0#FAFE00079A 0
(1698232895.782916) can0 371#001E00008EEA0710 0
(1698232895.782917) can0 153#208010FF00FF30DE 0
(1698232895.783915) can0 160#00E7FF0A00000012 0
(1698232895.783917) can0 164#0008060E 0
(1698232895.783918) can0 220#70837D00005D0D33 0
(1698232895.783919) can0 372#27002500A81F0000 0
(1698232895.783920) can0 130#BC7AAD7B00000281 0
(1698232895.784874) can0 140#547F0063200002C3 0
(1698232895.784876) can0 436#00000000 0
(1698232895.784877) can0 595#0000D9FFF20E0000 0
(1698232895.786047) can0 389#0000000000000000 0
(1698232895.787032) can0 38D#0000080000000044 0
(1698232895.787034) can0 420#501418C8FC4F6A00 0
(1698232895.787035) can0 421#000000FFE37F0074 0
(1698232895.787036) can0 4F1#80376600 0
(1698232895.787914) can0 340#1300000460008811 0
(1698232895.787916) can0 485#00000000 0
(1698232895.792073) can0 371#001E00008EEA0710 0
(1698232895.792961) can0 251#B7026B8200FFE679 0
(1698232895.792963) can0 2B0#FAFE00078B 0
(1698232895.792964) can0 372#27002500A61F0000 0
(1698232895.792965) can0 470#1544405555601400 0
(1698232895.793891) can0 153#208010FF00FF40EE 0
(1698232895.793893) can0 160#00EAFF0A0000001F 0
(1698232895.793894) can0 164#00080800 0
(1698232895.793895) can0 220#75837D00005D0D46 0
(1698232895.793896) can0 130#C47AC47B00000305 0
(1698232895.794897) can0 140#407F00632000030E 0
(1698232895.794898) can0 394#EC430000EC231F81 0
(1698232895.794899) can0 47F#200000000000 0
(1698232895.794900) can0 596#000000008E00FE64 0
(1698232895.797896) can0 386#0785EC040205EBC4 0
(1698232895.798883) can0 387#6108123800B50200 0
(1698232895.800159) can0 340#1300000470009811 0
(1698232895.802066) can0 592#40EF000000FE83D8 0
(1698232895.802893) can0 251#C1026CE70007377A 0
(1698232895.802895) can0 2B0#F9FE0007CC 0
(1698232895.802896) can0 371#001E00008EEA0710 0
(1698232895.802897) can0 153#208010FF00FF50FE 0
(1698232895.803876) can0 160#00E9FF0A0000001C 0
(1698232895.803877) can0 164#00080A02 0
(1698232895.803878) can0 220#78237D0000610D5F 0
(1698232895.803879) can0 372#27002500A41F0000 0
(1698232895.803880) can0 130#C07AE57B00000494 0
(1698232895.804875) can0 140#467F00632000048E 0
(1698232895.804877) can0 381#8030380000B6A305 0
(1698232895.806054) can0 389#0000000000000000 0
(1698232895.807029) can0 38D#0000080000000035 0
(1698232895.807031) can0 420#601418C8FC4F6A00 0
(1698232895.807033) can0 421#000000FFE37F0065 0
(1698232895.807035) can0 4F1#A0376610 0
(1698232895.808030) can0 340#130000048000A811 0
(1698232895.808032) can0 50A#0A10000000000000 0
(1698232895.812133) can0 371#001E00008EEA0710 0
(1698232895.812901) can0 251#CE026D7F0011B77A 0
(1698232895.812903) can0 2B0#F8FE0007CD 0
(1698232895.812906) can0 372#27002500A41F0000 0
(1698232895.812908) can0 153#208010FF00FF600E 0
(1698232895.813925) can0 160#00E9FF0A0000001C 0
(1698232895.813927) can0 164#00080C04 0
(1698232895.813928) can0 220#7D437D00005F0D60 0
(1698232895.813929) can0 394#EA630000EA231181 0
(1698232895.813930) can0 130#B47AE57B000005E8 0
(1698232895.814915) can0 140#6B7F00632000051A 0
(1698232895.814917) can0 470#1444400540241400 0
(1698232895.814918) can0 47F#200000000000 0
(1698232895.817533) can0 340#130000049000B811 0
(1698232895.818530) can0 386#05C5EC0407C5EBC4 0
(1698232895.818532) can0 387#6B121C4200DE0300 0
(1698232895.821956) can0 371#001E00008EEA0710 0
(1698232895.822817) can0 251#D5026E9D0017C77A 0
(1698232895.822819) can0 2B0#F6FE01070E 0
(1698232895.822820) can0 372#27002500AA1F0000 0
(1698232895.822821) can0 381#80B0380000B72405 0
(1698232895.823817) can0 153#208010FF00FF701E 0
(1698232895.823818) can0 160#00EBFF0A0000001E 0
(1698232895.823819) can0 164#00080E06 0
(1698232895.823820) can0 220#7DE37D0000590D7A 0
(1698232895.823821) can0 130#B07AF57B00000648 0
(1698232895.824837) can0 140#B07F0063200006CE 0
(1698232895.824838) can0 490#00000820000000 0
(1698232895.824839) can0 495#00000D10F5B02EA7 0
(1698232895.825835) can0 389#0000000000000000 0
(1698232895.826863) can0 38D#0000080000000026 0
(1698232895.826864) can0 420#701418C8FC4F6A00 0
(1698232895.826865) can0 421#000000FFE37F0056 0
(1698232895.826866) can0 4F1#A0376620 0
(1698232895.828381) can0 340#13000004A000C811 0
(1698232895.831879) can0 371#001E00008EEA0710 0
(1698232895.832925) can0 251#DB026FD9001CF77A 0
(1698232895.832927) can0 2B0#F4FE02070F 0
(1698232895.832928) can0 372#27002500AE1F0000 0
(1698232895.832930) can0 153#208010FF00FF802E 0
(1698232895.833921) can0 160#00E9FF0A0000001C 0
(1698232895.833922) can0 164#00081018 0
(1698232895.833923) can0 220#7FE37E0000570D8D 0
(1698232895.833924) can0 394#F7830000F7231381 0
(1698232895.833925) can0 130#B07A3F7C000007BE 0
(1698232895.834921) can0 140#7D7F00632000074A 0
(1698232895.834923) can0 412#0000000000000000 0
(1698232895.834924) can0 47F#200000000000 0
(1698232895.834925) can0 436#00000000 0
(1698232895.834926) can0 500#01 0
(1698232895.835946) can0 470#1100005555280000 0
(1698232895.835947) can0 4C9#0000000001000000 0
(1698232895.835948) can0 520#0000000000000000 0
(1698232895.835949) can0 5C1#5F010A1063010009 0
(1698232895.836962) can0 5FF#600000C800C80000 0
(1698232895.837941) can0 340#13000004B000D811 0
(1698232895.837942) can0 485#00000000 0
(1698232895.837943) can0 386#0905EC44FE44E604 0
(1698232895.838961) can0 387#751B264B00050400 0
(1698232895.841897) can0 381#80D0380000B84505 0
(1698232895.842899) can0 251#D9027086001AA77A 0
(1698232895.842900) can0 2B0#F5FE0007C0 0
(1698232895.842902) can0 371#001E00008EEA0710 0
(1698232895.842903) can0 153#208010FF00FF903E 0
(1698232895.843921) can0 160#00E9FF0A0000001C 0
(1698232895.843922) can0 164#0008121A 0
(1698232895.843923) can0 220#88237E0000570D94 0
(1698232895.843924) can0 372#27002500AE1F0000 0
(1698232895.843925) can0 130#AC7A667C0000086B 0
(1698232895.844978) can0 140#107F0063200008A6 0
(1698232895.844981) can0 410#E012211880020020 0
(1698232895.844983) can0 50B#0000970000000000 0
(1698232895.845939) can0 389#0000000000000000 0
(1698232895.846942) can0 38D#0000080000000017 0
(1698232895.846944) can0 420#801418C8FC4F6A00 0
(1698232895.846945) can0 421#000000FFE37F0047 0
(1698232895.846946) can0 4F1#80376630 0
(1698232895.846947) can0 50C#0000000008000070 0
(1698232895.849005) can0 340#13000004C000E811 0
(1698232895.851855) can0 371#001E00008EEA0710 0
(1698232895.852863) can0 251#D70271D30018F77A 0
(1698232895.852864) can0 2B0#F3FE0107A1 0
(1698232895.852865) can0 372#27002500AA1F0000 0
(1698232895.852866) can0 153#208010FF00FFA04E 0
(1698232895.853903) can0 160#00E8FF0A0000001D 0
(1698232895.853905) can0 164#0008141C 0
(1698232895.853906) can0 220#8D637C0000550DA7 0
(1698232895.853907) can0 394#E3A30000E3231B81 0
(1698232895.853909) can0 470#0544405155AC1400 0
(1698232895.854926) can0 130#AA7A817C000009D3 0
(1698232895.854928) can0 140#147F0063200009D2 0
(1698232895.854929) can0 47F#200000000000 0
(1698232895.854930) can0 507#00000001 0
(1698232895.855932) can0 50E#0000002000000000 0
(1698232895.855933) can0 541#0304418080080005 0
(1698232895.855934) can0 553#0001000201008000 0
(1698232895.856923) can0 593#441118181617 0
(1698232895.857941) can0 386#0545EB44FBC4E704 0
(1698232895.858971) can0 387#7F253055002E0500 0
(1698232895.858972) can0 340#13000004D000F811 0
(1698232895.859935) can0 53E#000000002000 0
(1698232895.861807) can0 371#001E00008EEA0710 0
(1698232895.862827) can0 251#DA0272C9001AE77A 0
(1698232895.862829) can0 2B0#F2FE010782 0
(1698232895.862830) can0 372#27002500AA1F0000 0
(1698232895.862831) can0 381#80D8380000B94E05 0
(1698232895.863830) can0 153#208010FF00FFB05E 0
(1698232895.863831) can0 160#00E9FF0A0000001C 0
(1698232895.863832) can0 164#0008161E 0
(1698232895.863833) can0 220#90637C0000540DB9 0
(1698232895.863834) can0 130#A67A857C00000AFA 0
(1698232895.864893) can0 140#3B7F006320000AC6 0
(1698232895.864896) can0 54B#0010000000870100 0
(1698232895.864898) can0 559#0000000000000000 0
(1698232895.865894) can0 389#0000000000000000 0
(1698232895.866923) can0 38D#0000080000000008 0
(1698232895.866925) can0 420#901418C8FC4F6A00 0
(1698232895.866926) can0 421#000000FFE37F0038 0
(1698232895.866927) can0 4F1#A0376640 0
(1698232895.867907) can0 340#13000004E0000811 0
(1698232895.871805) can0 371#001E00008EEA0710 0
(1698232895.872833) can0 251#D60273A30017C77A 0
(1698232895.872835) can0 2B0#F1FE0107A3 0
(1698232895.872836) can0 372#27002500AC1F0000 0
(1698232895.872837) can0 470#1544405555B01400 0
(1698232895.873831) can0 153#208010FF00FFC06E 0
(1698232895.873833) can0 160#00E9FF0A0000001C 0
(1698232895.873834) can0 164#00081810 0
(1698232895.873835) can0 220#91037D0000520DC9 0
(1698232895.874842) can0 130#A27A667C00000B4D 0
(1698232895.874844) can0 140#627F006320000B33 0
(1698232895.874845) can0 394#E8C30000E8231F81 0
(1698232895.874846) can0 47F#200000000000 0
(1698232895.874847) can0 490#00000820000000 0
(1698232895.875810) can0 544#0000000000000000 0
(1698232895.877728) can0 386#0285EB44FA84E6C4 0
(1698232895.878748) can0 340#13000004F0001811 0
(1698232895.878750) can0 387#892F3A5F00570600 0
(1698232895.881833) can0 381#80A8380000BA1F05 0
(1698232895.882857) can0 251#D202747D0014A77A 0
(1698232895.882859) can0 2B0#EFFE020714 0
(1698232895.882861) can0 371#001E00008EEA0710 0
(1698232895.882862) can0 153#208010FF00FFD07E 0
(1698232895.883876) can0 160#00E9FF0A0000001C 0
(1698232895.883877) can0 164#00081A12 0
(1698232895.883878) can0 220#8DA37D0000500DD3 0
(1698232895.883879) can0 372#27002500AE1F0000 0
(1698232895.883880) can0 130#967A717C00000C44 0
(1698232895.884911) can0 140#467F006320000C66 0
(1698232895.884913) can0 436#00000000 0
(1698232895.884915) can0 595#0000DBFFF20E0000 0
(1698232895.885931) can0 389#0000000000000000 0
(1698232895.886934) can0 38D#00000800000000F9 0
(1698232895.886936) can0 420#A01418C8FC4F6A00 0
(1698232895.886937) can0 421#000000FFE37F0029 0
(1698232895.886938) can0 4F1#80376650 0
(1698232895.888040) can0 340#1300000400002811 0
(1698232895.889007) can0 485#00000000 0
(1698232895.891888) can0 371#001E00008EEA0710 0
(1698232895.892911) can0 251#CC027543000F777A 0
(1698232895.892912) can0 2B0#EDFE020725 0
(1698232895.892913) can0 372#27002500B01F0000 0
(1698232895.892914) can0 153#208010FF00FFE08E 0
(1698232895.893929) can0 160#00E8FF0A0000001D 0
(1698232895.893931) can0 164#00081C14 0
(1698232895.893932) can0 220#8E437D00004A0DEC 0
(1698232895.893933) can0 130#8A7A4A7C00000DBD 0
(1698232895.893934) can0 140#017F006320000D2B 0
(1698232895.894934) can0 394#EAE30000EA231981 0
(1698232895.894936) can0 470#1544405555B41400 0
(1698232895.894937) can0 47F#200000000000 0
(1698232895.894938) can0 596#000000008E00FE64 0
(1698232895.897756) can0 386#03C5E944FD44E604 0
(1698232895.898789) can0 387#9339446900800700 0
(1698232895.899806) can0 340#1300000410003811 0
(1698232895.901869) can0 381#8060380000BBD805 0
(1698232895.902868) can0 251#C702761B000B577A 0
(1698232895.902870) can0 2B0#EFFE010706 0
(1698232895.902871) can0 371#001E00008EEA0710 0
(1698232895.902872) can0 372#27002500B01F0000 0
(1698232895.903897) can0 153#208010FF00FF00AE 0
(1698232895.903898) can0 160#00EAFF0A0000001F 0
(1698232895.903900) can0 164#00081E16 0
(1698232895.903901) can0 220#89237C0000440DF0 0
(1698232895.903902) can0 130#867A247C00000E69 0
(1698232895.904877) can0 140#097F006320000EDE 0
(1698232895.904879) can0 592#40EF000000FE8318 0
(1698232895.905908) can0 389#0000000000000000 0
(1698232895.906929) can0 38D#00000800000000EA 0
(1698232895.906931) can0 420#B01418C8FC4F6A00 0
(1698232895.906932) can0 421#000000FFE37F001A 0
(1698232895.906933) can0 4F1#40376660 0
(1698232895.907931) can0 340#1300000420004811 0
(1698232895.911800) can0 371#001E00008EEA0710 0
(1698232895.912824) can0 251#C802774F000D877A 0
(1698232895.912825) can0 2B0#EDFE010737 0
(1698232895.912826) can0 372#27002500AE1F0000 0
(1698232895.912828) can0 470#1444401540781400 0
(1698232895.913828) can0 153#208010FF00FF10BE 0
(1698232895.913830) can0 160#00E8FF0A0000001D 0
(1698232895.913831) can0 164#00080008 0
(1698232895.913832) can0 220#85437C0000420D0A 0
(1698232895.914845) can0 130#827A1C7C00000F45 0
(1698232895.914846) can0 140#317F006320000FC7 0
(1698232895.914847) can0 394#E2030000E2231781 0
(1698232895.914848) can0 47F#200000000000 0
(1698232895.917769) can0 340#1300000430005811 0
(1698232895.918787) can0 386#0005E784FA04E4C4 0
(1698232895.918789) can0 387#9D434E7200A80800 0
(1698232895.921926) can0 381#8080380000BCF905 0
(1698232895.922951) can0 251#CC0278770010A77A 0
(1698232895.922953) can0 2B0#EBFE020798 0
(1698232895.922954) can0 371#001E00008EEA0710 0
(1698232895.922955) can0 153#208010FF00FF20CE 0
(1698232895.923916) can0 160#00EBFF0A0000001E 0
(1698232895.923917) can0 164#0008020A 0
(1698232895.923918) can0 220#84E37C0000400D19 0
(1698232895.923919) can0 130#847AF07B00000066 0
(1698232895.923920) can0 140#4C7F006320000092 0
(1698232895.924921) can0 372#27002500A81F0000 0
(1698232895.924923) can0 490#00000820000000 0
(1698232895.924925) can0 495#00000D10F5B02EA7 0
(1698232895.926092) can0 389#0000000000000000 0
(1698232895.927072) can0 38D#00000800000000DB 0
(1698232895.927074) can0 420#C01418C8FC4F6A00 0
(1698232895.927075) can0 421#000000FFE37F000B 0
(1698232895.927076) can0 4F1#60376670 0
(1698232895.928420) can0 340#1300000440006811 0
(1698232895.932112) can0 2B0#EBFE020789 0
(1698232895.933006) can0 251#C702790F000C477A 0
(1698232895.933008) can0 371#001E00008EEB0710 0
(1698232895.933010) can0 372#27002500AA1F0000 0
(1698232895.933011) can0 153#208010FF00FF30DE 0
(1698232895.933971) can0 160#00E9FF0A0000001C 0
(1698232895.933973) can0 164#0008040C 0
(1698232895.933974) can0 220#7E637D0000410D25 0
(1698232895.933974) can0 130#867ACF7B00000192 0
(1698232895.934956) can0 140#367F0063200001EF 0
(1698232895.934958) can0 394#EB230000EB231381 0
(1698232895.934959) can0 436#00000000 0
(1698232895.934960) can0 47F#200000000000 0
(1698232895.934961) can0 470#1100005555BC0000 0
(1698232895.934962) can0 500#01 0
(1698232895.935916) can0 520#0000000000000000 0
(1698232895.935917) can0 5C1#5F010A1063010009 0
(1698232895.935918) can0 5FF#600000C800C80000 0
(1698232895.937640) can0 340#1300000450007811 0
(1698232895.938661) can0 386#0245E984F904E4C4 0
(1698232895.938662) can0 387#A74C587C00D00900 0
(1698232895.938664) can0 485#00000000 0
(1698232895.942050) can0 371#001E00008EEB0710 0
(1698232895.942933) can0 251#BD027AAD0004F779 0
(1698232895.942935) can0 2B0#EAFE01079A 0
(1698232895.942936) can0 372#27002500B01F0000 0
(1698232895.942937) can0 153#208010FF00FF40EE 0
(1698232895.943952) can0 160#00E8FF0A0000001D 0
(1698232895.943954) can0 164#0008060E 0
(1698232895.943955) can0 220#7A037D0000420D30 0
(1698232895.943956) can0 130#827A8A7B0000029C 0
(1698232895.943957) can0 140#027F006320000277 0
(1698232895.944922) can0 381#8020380000BD9A05 0
(1698232895.944924) can0 50B#0000970000000000 0
(1698232895.945953) can0 389#0000000000000000 0
(1698232895.946971) can0 38D#00000800000000CC 0
(1698232895.946973) can0 420#D01418C8FC4F6A00 0
(1698232895.946974) can0 421#000000FFE37F00FC 0
(1698232895.946975) can0 4F1#60376680 0
(1698232895.947971) can0 50C#0000000008000080 0
(1698232895.947972) can0 52A#2D00000006001C00 0
(1698232895.949534) can0 340#1300000460008811 0
(1698232895.951853) can0 371#001E00008EEB0710 0
(1698232895.952846) can0 251#BD027BCF0004177A 0
(1698232895.952848) can0 2B0#E9FE02078B 0
(1698232895.952849) can0 372#27002500B01F0000 0
(1698232895.952850) can0 470#0544405155401400 0
(1698232895.953888) can0 153#208010FF00FF50FE 0
(1698232895.953890) can0 160#00E9FF0A0000001C 0
(1698232895.953891) can0 164#00080800 0
(1698232895.953892) can0 220#71237C0000400D44 0
(1698232895.954887) can0 130#7C7A747B000003AC 0
(1698232895.954889) can0 140#0D7F006320000336 0
(1698232895.954891) can0 394#E1430000E1231581 0
(1698232895.954892) can0 47F#200000000000 0
(1698232895.954893) can0 507#00000001 0
(1698232895.955890) can0 541#0304418080080005 0
(1698232895.957789) can0 386#FF84E984F8C4E204 0
(1698232895.958782) can0 340#1300000470009811 0
(1698232895.958784) can0 387#B156628600F90A00 0
(1698232895.960408) can0 53E#000000002000 0
(1698232895.961887) can0 371#001E00008EEB0710 0
(1698232895.962872) can0 251#BC027CBE0003077A 0
(1698232895.962873) can0 2B0#E9FE0107CC 0
(1698232895.962874) can0 372#27002500B41F0000 0
(1698232895.962875) can0 381#8018380000BE9305 0
(1698232895.963891) can0 153#208010FF00FF600E 0
(1698232895.963893) can0 160#00E8FF0A0000001D 0
(1698232895.963894) can0 164#00080A02 0
(1698232895.963895) can0 220#6E637C00003D0D5E 0
(1698232895.963896) can0 130#7C7A977B0000043C 0
(1698232895.964852) can0 140#367F006320000486 0
(1698232895.964854) can0 54B#0010000000870100 0
(1698232895.965873) can0 389#0000000000000000 0
(1698232895.966862) can0 38D#00000800000000BD 0
(1698232895.966863) can0 420#E01418C8FC4F6A00 0
(1698232895.966864) can0 421#000000FFE37F00ED 0
(1698232895.966865) can0 340#130000048000A811 0
(1698232895.967890) can0 4F1#40376690 0
(1698232895.971857) can0 371#001E00008EEB0710 0
(1698232895.972907) can0 251#BD027DB00004F779 0
(1698232895.972908) can0 2B0#E7FE02070D 0
(1698232895.972910) can0 372#27002500B01F0000 0
(1698232895.972911) can0 153#208010FF00FF701E 0
(1698232895.973893) can0 160#00E9FF0A0000001C 0
(1698232895.973894) can0 164#00080C04 0
(1698232895.973895) can0 220#73037D00003D0D64 0
(1698232895.973896) can0 130#7E7A9D7B00000538 0
(1698232895.973897) can0 140#357F00632000057C 0
(1698232895.974903) can0 394#E8630000E8231581 0
(1698232895.974904) can0 470#1544405555441400 0
(1698232895.974905) can0 47F#200000000000 0
(1698232895.974906) can0 490#00000820000000 0
(1698232895.977733) can0 386#FEC4E684FB44E344 0
(1698232895.978748) can0 387#BB606C9000220B00 0
(1698232895.978750) can0 340#130000049000B811 0
(1698232895.981912) can0 381#8000380000BF7C05 0
(1698232895.982936) can0 251#B8027E780000C779 0
(1698232895.982937) can0 2B0#E5FE03070E 0
(1698232895.982938) can0 371#001E00008EEB0710 0
(1698232895.982939) can0 153#208010FF00FF802E 0
(1698232895.983934) can0 160#00E9FF0A0000001C 0
(1698232895.983935) can0 164#00080E06 0
(1698232895.983936) can0 220#73037D00003E0D77 0
(1698232895.983937) can0 130#7A7AB17B00000675 0
(1698232895.983938) can0 140#077F006320000637 0
(1698232895.984956) can0 372#27002500B21F0000 0
(1698232895.984958) can0 436#00000000 0
(1698232895.984959) can0 595#0000E3FFF10E0000 0
(1698232895.985940) can0 389#0000000000000000 0
(1698232895.986952) can0 38D#00000800000000AE 0
(1698232895.986954) can0 420#F01418C8FC4F6A00 0
(1698232895.986955) can0 421#000000FFE37F00DE 0
(1698232895.986956) can0 4F1#403766A0 0
(1698232895.987975) can0 340#13000004A000C811 0
(1698232895.988995) can0 485#00000000 0
(1698232895.991857) can0 371#001E00008EEB0710 0
(1698232895.992878) can0 251#BD027FC30004077A 0
(1698232895.992879) can0 2B0#E6FE01070F 0
(1698232895.992881) can0 372#27002500B81F0000 0
(1698232895.992882) can0 153#208010FF00FF903E 0
(1698232895.993879) can0 160#00E9FF0A0000001C 0
(1698232895.993881) can0 164#00081018 0
(1698232895.993882) can0 220#76437C00003C0D87 0
(1698232895.993883) can0 130#767A9F7B00000704 0
(1698232895.993884) can0 140#177F006320000793 0
(1698232895.994878) can0 394#E2830000E2231F81 0
(1698232895.994879) can0 470#1544405555481400 0
(1698232895.994880) can0 47F#200000000000 0
(1698232895.994881) can0 596#000000008E00FE64 0
(1698232895.997789) can0 386#FC04E8C4F744DF44 0
(1698232895.998789) can0 387#C56A7699004A0C00 0
(1698232895.999808) can0 340#13000004B000D811 0
(1698232896.001899) can0 592#40EF000000FE8358 0
(1698232896.002913) can0 251#BA02806E0002B779 0
(1698232896.002915) can0 2B0#E4FE0207E0 0
(1698232896.002916) can0 371#001E00008EEB0710 0
(1698232896.002917) can0 381#8010380000C08D05 0
(1698232896.003908) can0 153#208010FF00FFA04E 0
(1698232896.003910) can0 160#00E9FF0A0000001C 0
(1698232896.003911) can0 164#0008121A 0
(1698232896.003912) can0 130#747A737B000008BA 0
(1698232896.003913) can0 140#3E7F0063200008C8 0
(1698232896.004897) can0 220#74837C00003A0D93 0
(1698232896.004898) can0 372#27002500B61F0000 0
(1698232896.005933) can0 389#0000000000000000 0
(1698232896.006917) can0 38D#0000080000000080 0
(1698232896.006919) can0 420#001418C8FC4F6A00 0
(1698232896.006920) can0 421#000000FFE37F00B0 0
(1698232896.006921) can0 4A2#0100 0
(1698232896.006922) can0 4F1#603766B0 0
(1698232896.007951) can0 50A#0A10000000000000 0
(1698232896.007953) can0 340#13000004C000E811 0
(1698232896.011844) can0 371#001E00000EEC0710 0
(1698232896.012867) can0 251#BC0281A20003E779 0
(1698232896.012869) can0 2B0#E2FE020791 0
(1698232896.012870) can0 372#27002500B41F0000 0
(1698232896.012871) can0 470#14444015404C1400 0
(1698232896.013873) can0 153#208010FF00FFB05E 0
(1698232896.013875) can0 160#00E9FF0A0000001C 0
(1698232896.013876) can0 164#0008141C 0
(1698232896.013877) can0 220#6E237D0000390DAD 0
(1698232896.013878) can0 130#6E7A6C7B000009E4 0
(1698232896.014872) can0 140#397F00632000095B 0
(1698232896.014873) can0 394#E9A30000E9231F81 0
(1698232896.014874) can0 47F#200000000000 0
(1698232896.017784) can0 386#FC44E2C4FE04E204 0
(1698232896.018783) can0 387#CF737FA300710D00 0
(1698232896.018785) can0 340#13000004D000F811 0
(1698232896.021911) can0 381#8018380000C19605 0
(1698232896.022913) can0 251#BC0282830003C779 0
(1698232896.022914) can0 2B0#E2FE0207A2 0
(1698232896.022916) can0 371#001E00008EEC0710 0
(1698232896.022917) can0 153#208010FF00FFC06E 0
(1698232896.023895) can0 160#00EEFF0A0000001B 0
(1698232896.023896) can0 164#0008161E 0
(1698232896.023898) can0 220#6D037D0000360DB9 0
(1698232896.023899) can0 372#27002500B41F0000 0
(1698232896.023900) can0 130#627A8D7B00000A6F 0
(1698232896.024899) can0 140#307F006320000AF3 0
(1698232896.024901) can0 490#00000820000000 0
(1698232896.024902) can0 495#00000D10F5B02EA7 0
(1698232896.025928) can0 389#0000000000000000 0
(1698232896.026951) can0 38D#0000080000000071 0
(1698232896.026952) can0 420#101418C8FC4F6A00 0
(1698232896.026953) can0 421#000000FFE37F00A1 0
(1698232896.026954) can0 4F1#403766C0 0
(1698232896.027915) can0 52A#2C00000006001C00 0
(1698232896.027917) can0 340#13000004E0000811 0
(1698232896.031890) can0 371#001E00000FED0710 0
(1698232896.032873) can0 251#C20283D00008077A 0
(1698232896.032875) can0 2B0#E0FE020793 0
(1698232896.032876) can0 372#27002500B41F0000 0
(1698232896.032877) can0 153#208010FF00FFD07E 0
(1698232896.033858) can0 160#00E9FF0A0000001C 0
(1698232896.033860) can0 164#00081810 0
(1698232896.033861) can0 220#71E37C0000300DC4 0
(1698232896.033862) can0 394#E7C30000E7231181 0
(1698232896.033863) can0 130#5C7AC77B00000B99 0
(1698232896.034881) can0 140#147F006320000BE8 0
(1698232896.034882) can0 412#0000000000000000 0
(1698232896.034883) can0 47F#200000000000 0
(1698232896.034884) can0 436#00000000 0
(1698232896.034886) can0 500#01 0
(1698232896.035877) can0 470#1100005555100000 0
(1698232896.035879) can0 4C9#0000000001000000 0
(1698232896.035880) can0 520#0000000000000000 0
(1698232896.036878) can0 5C1#5F010A1063010009 0
(1698232896.036880) can0 5FF#600000C800C80000 0
(1698232896.037899) can0 386#FE84E1C4FCC4E304 0
(1698232896.038898) can0 387#D97D89AD009A0E00 0
(1698232896.038900) can0 340#13000004F0001811 0
(1698232896.038901) can0 485#00000000 0
(1698232896.041860) can0 381#8040380000C2BF05 0
(1698232896.042879) can0 251#C20284C00008F779 0
(1698232896.042881) can0 2B0#DEFE030724 0
(1698232896.042882) can0 371#001E00000FEF0710 0
(1698232896.042883) can0 153#208010FF00FFE08E 0
(1698232896.043899) can0 160#00E8FF0A0000001D 0
(1698232896.043901) can0 164#00081A12 0
(1698232896.043902) can0 220#79637C00002D0DDB 0
(1698232896.043903) can0 372#27002500B81F0000 0
(1698232896.043904) can0 130#5A7A007C00000C5A 0
(1698232896.044901) can0 140#077F006320000CE5 0
(1698232896.044903) can0 410#E012211880020020 0
(1698232896.044904) can0 50B#0000970000000000 0
(1698232896.045924) can0 389#0000000000000000 0
(1698232896.046921) can0 38D#0000080000000062 0
(1698232896.046923) can0 420#201418C8FC4F6A00 0
(1698232896.046925) can0 421#000000FFE37F0092 0
(1698232896.046926) can0 4F1#603766D0 0
(1698232896.047920) can0 50C#0000000008000090 0
(1698232896.049612) can0 340#1300000400002811 0
(1698232896.051853) can0 371#001E00000FF00710 0
(1698232896.052840) can0 251#C702851B000C477A 0
(1698232896.052842) can0 2B0#DEFE020725 0
(1698232896.052843) can0 372#27002500BE1F0000 0
(1698232896.052844) can0 470#0544405155541400 0
(1698232896.053913) can0 153#208010FF00FF00AE 0
(1698232896.053914) can0 160#00EAFF0A0000001F 0
(1698232896.053916) can0 164#00081C14 0
(1698232896.053917) can0 220#80437C00002C0DE1 0
(1698232896.053918) can0 130#567A317C00000DB9 0
(1698232896.054933) can0 140#1F7F006320000D93 0
(1698232896.054936) can0 394#E2E30000E2231981 0
(1698232896.054938) can0 47F#200000000000 0
(1698232896.054939) can0 507#00000001 0
(1698232896.055927) can0 50E#0000002000000000 0
(1698232896.055929) can0 541#0304418080080005 0
(1698232896.055930) can0 553#0001000201008000 0
(1698232896.056928) can0 593#441118181617 0
(1698232896.057943) can0 340#1300000410003811 0
(1698232896.057945) can0 386#FDC4E4C4F744DD44 0
(1698232896.058952) can0 387#E38793B700B40000 0
(1698232896.061905) can0 381#8060380000C3E005 0
(1698232896.062889) can0 251#C60286C9000BF779 0
(1698232896.062891) can0 2B0#DBFE020746 0
(1698232896.062893) can0 371#001E00000FF10710 0
(1698232896.062893) can0 153#208010FF00FF10BE 0
(1698232896.063917) can0 160#00E9FF0A0000001C 0
(1698232896.063918) can0 164#00081E16 0
(1698232896.063920) can0 220#86A37C00002A0DF5 0
(1698232896.063921) can0 372#27002500BE1F0000 0
(1698232896.063922) can0 130#447A1C7C00000EF4 0
(1698232896.064920) can0 140#4A7F006320000EE7 0
(1698232896.064922) can0 53E#000000002000 0
(1698232896.064924) can0 54B#0010000000870100 0
(1698232896.064925) can0 559#0000000000000000 0
(1698232896.065971) can0 389#0000000000000000 0
(1698232896.066972) can0 38D#0000080000000053 0
(1698232896.066974) can0 420#301418C8FC4F6A00 0
(1698232896.066975) can0 421#000000FFE37F0083 0
(1698232896.066976) can0 4F1#203766E0 0
(1698232896.067936) can0 52A#2C00000006001C00 0
(1698232896.067937) can0 340#1300000420004811 0
(1698232896.072027) can0 371#001E00000FF20710 0
(1698232896.072790) can0 251#BE02877B0004B779 0
(1698232896.072792) can0 2B0#D8FE040707 0
(1698232896.072793) can0 372#27002500BA1F0000 0
(1698232896.072794) can0 470#1544405555581400 0
(1698232896.073848) can0 153#208010FF00FF20CE 0
(1698232896.073850) can0 160#00E9FF0A0000001C 0
(1698232896.073851) can0 164#00080008 0
(1698232896.073852) can0 220#84437D0000210D0B 0
(1698232896.074850) can0 130#347A007C00000FCD 0
(1698232896.074852) can0 140#607F006320000FFD 0
(1698232896.074853) can0 394#EA030000EA231781 0
(1698232896.074854) can0 47F#200000000000 0
(1698232896.074855) can0 490#00000820000000 0
(1698232896.075811) can0 544#0000000000000000 0
(1698232896.077750) can0 386#FB04E204FD44DE44 0
(1698232896.078748) can0 387#EC919DC000DB0100 0
(1698232896.079768) can0 340#1300000430005811 0
(1698232896.081918) can0 381#8038380000C4B905 0
(1698232896.082937) can0 251#C10288E30007177A 0
(1698232896.082939) can0 2B0#D8FE030788 0
(1698232896.082940) can0 371#001E00008FF20710 0
(1698232896.082941) can0 153#208010FF00FF30DE 0
(1698232896.083971) can0 160#00E9FF0A0000001C 0
(1698232896.083973) can0 164#0008020A 0
(1698232896.083974) can0 220#80A37D0000190D1F 0
(1698232896.083975) can0 372#27002500BE1F0000 0
(1698232896.083976) can0 130#227A147C00000047 0
(1698232896.084964) can0 140#4C7F006320000092 0
(1698232896.084966) can0 436#00000000 0
(1698232896.084967) can0 595#0000E7FFF10E0000 0
(1698232896.085985) can0 389#0000000000000000 0
(1698232896.086990) can0 38D#0000080000000044 0
(1698232896.086992) can0 420#401418C8FC4F6A00 0
(1698232896.086993) can0 421#000000FFE37F0074 0
(1698232896.086994) can0 4F1#003766F0 0
(1698232896.088018) can0 340#1300000440006811 0
(1698232896.088019) can0 485#00000000 0
(1698232896.091894) can0 371#001E00000FF30710 0
(1698232896.092895) can0 251#C9028932000D577A 0
(1698232896.092898) can0 2B0#D6FE030779 0
(1698232896.092899) can0 372#27002500BE1F0000 0
(1698232896.092900) can0 470#15444055559C1400 0
(1698232896.093876) can0 153#208010FF00FF40EE 0
(1698232896.093878) can0 160#00E9FF0A0000001C 0
(1698232896.093879) can0 164#0008040C 0
(1698232896.093880) can0 220#83637D0000100D29 0
(1698232896.093881) can0 130#127A297C0000010B 0
(1698232896.094875) can0 140#497F0063200001BB 0
(1698232896.094876) can0 394#EB230000EB231381 0
(1698232896.094877) can0 47F#200000000000 0
(1698232896.094878) can0 596#000000008E00FE64 0
(1698232896.097786) can0 386#FB44E204FB44DE44 0
(1698232896.098784) can0 387#F69AA7CA00030200 0
(1698232896.099782) can0 340#1300000450007811 0
(1698232896.101910) can0 381#8080380000C50205 0
(1698232896.102933) can0 251#CC028A290010477A 0
(1698232896.102935) can0 2B0#D3FE04076A 0
(1698232896.102936) can0 371#001E00008FF30710 0
(1698232896.102937) can0 153#208010FF00FF50FE 0
(1698232896.103925) can0 160#00E9FF0A0000001C 0
(1698232896.103927) can0 164#0008060E 0
(1698232896.103928) can0 220#85437D0000080D33 0
(1698232896.103929) can0 372#27002500C61F0000 0
(1698232896.103930) can0 130#067A1E7C000002D8 0
(1698232896.104919) can0 140#607F00632000027C 0
(1698232896.104920) can0 592#40EF000000FE8398 0
(1698232896.105954) can0 389#0000000000000000 0
(1698232896.106916) can0 38D#0000080000000035 0
(1698232896.106917) can0 420#501418C8FC4F6A00 0
(1698232896.106918) can0 421#000000FFE37F0065 0
(1698232896.106919) can0 4F1#00376600 0
(1698232896.107914) can0 52A#2C00000006001C00 0
(1698232896.107916) can0 340#1300000460008811 0
(1698232896.111913) can0 371#001E00000FF40710 0
(1698232896.112910) can0 251#C8028BF2000C177A 0
(1698232896.112912) can0 2B0#D3FE03070B 0
(1698232896.112913) can0 372#27002500CA1F0000 0
(1698232896.112914) can0 153#208010FF00FF600E 0
(1698232896.113913) can0 160#00E8FF0A0000001D 0
(1698232896.113915) can0 164#00080800 0
(1698232896.113916) can0 220#84A37D0000020D4A 0
(1698232896.113917) can0 394#ED430000ED231D81 0
(1698232896.113917) can0 130#F679F57B000003E6 0
(1698232896.114932) can0 140#657F006320000355 0
(1698232896.114934) can0 470#1444401540201400 0
(1698232896.114935) can0 47F#200000000000 0
(1698232896.117404) can0 340#1300000470009811 0
(1698232896.118410) can0 386#FE84E204F744DE44 0
(1698232896.118412) can0 387#01A4B1D4002D0300 0
(1698232896.121850) can0 371#001E00000FF40710 0
(1698232896.122867) can0 251#BF028C920005C779 0
(1698232896.122869) can0 2B0#D0FE03074C 0
(1698232896.122870) can0 372#27002500C81F0000 0
(1698232896.122871) can0 381#8030380000C6B305 0
(1698232896.123911) can0 153#208010FF00FF701E 0
(1698232896.123913) can0 160#00EDFF0A00000018 0
(1698232896.123915) can0 164#00080A02 0
(1698232896.123916) can0 220#7FC37D0000FA0C5C 0
(1698232896.123917) can0 130#EA79C67B00000426 0
(1698232896.124853) can0 140#4C7F0063200004E6 0
(1698232896.124854) can0 490#00000820000000 0
(1698232896.124855) can0 495#00000D10F5B02EA7 0
(1698232896.126025) can0 389#0000000000000000 0
(1698232896.126927) can0 38D#0000080000000026 0
(1698232896.126928) can0 420#601418C8FC4F6A00 0
(1698232896.126929) can0 421#000000FFE37F0056 0
(1698232896.126930) can0 4F1#20376610 0
(1698232896.128432) can0 340#130000048000A811 0
(1698232896.132069) can0 2B0#CDFE0407ED 0
(1698232896.132995) can0 251#C0028DE60006177A 0
(1698232896.132997) can0 371#001E00000FF40710 0
(1698232896.132998) can0 372#27002500C81F0000 0
(1698232896.133892) can0 153#208010FF00FF802E 0
(1698232896.133894) can0 160#00E9FF0A0000001C 0
(1698232896.133895) can0 164#00080C04 0
(1698232896.133896) can0 220#79637D0000F40C60 0
(1698232896.133897) can0 394#EB630000EB231F81 0
(1698232896.134892) can0 130#E079927B00000597 0
(1698232896.134894) can0 140#497F0063200005CF 0
(1698232896.134895) can0 436#00000000 0
(1698232896.134896) can0 47F#200000000000 0
(1698232896.134898) can0 470#1100005555240000 0
(1698232896.135914) can0 500#01 0
(1698232896.135917) can0 520#0000000000000000 0
(1698232896.135918) can0 5C1#5F010A1063010009 0
(1698232896.135919) can0 5FF#600000C800C80000 0
(1698232896.137917) can0 386#FFC4E004F904E104 0
(1698232896.138888) can0 387#0BAEBBDD00550400 0
(1698232896.138890) can0 340#130000049000B811 0
(1698232896.139910) can0 485#00000000 0
(1698232896.142003) can0 381#8020380000C7A405 0
(1698232896.142987) can0 251#BD028E810004B779 0
(1698232896.142988) can0 2B0#CBFE0407BE 0
(1698232896.142989) can0 371#001E00000FF40710 0
(1698232896.142990) can0 372#27002500C61F0000 0
(1698232896.143923) can0 153#208010FF00FF903E 0
(1698232896.143924) can0 160#00E9FF0A0000001C 0
(1698232896.143925) can0 164#00080E06 0
(1698232896.143926) can0 220#72437D0000EF0C74 0
(1698232896.143928) can0 130#D0798A7B000006FF 0
(1698232896.144875) can0 140#5D7F006320000638 0
(1698232896.144877) can0 50B#0000970000000000 0
(1698232896.146055) can0 389#0000000000000000 0
(1698232896.146898) can0 38D#0000080000000017 0
(1698232896.146900) can0 420#701418C8FC4F6A00 0
(1698232896.146901) can0 421#000000FFE37F0047 0
(1698232896.146902) can0 4F1#20376620 0
(1698232896.147894) can0 50C#00000000080000A0 0
(1698232896.147896) can0 52A#2C00000006001C00 0
(1698232896.147897) can0 340#13000004A000C811 0
(1698232896.152029) can0 371#001E00000FF40710 0
(1698232896.152947) can0 251#B9028F7B0001B779 0
(1698232896.152949) can0 2B0#CAFE0407BF 0
(1698232896.152950) can0 372#27002500D21F0000 0
(1698232896.152951) can0 470#0544405155681400 0
(1698232896.153846) can0 153#208010FF00FFA04E 0
(1698232896.153848) can0 160#00E9FF0A0000001C 0
(1698232896.153850) can0 164#00081018 0
(1698232896.153850) can0 220#71A37D0000E70C8D 0
(1698232896.153851) can0 130#C6798A7B00000788 0
(1698232896.154847) can0 140#4F7F006320000726 0
(1698232896.154849) can0 394#ED830000ED231981 0
(1698232896.154850) can0 47F#200000000000 0
(1698232896.154851) can0 507#00000001 0
(1698232896.155878) can0 541#0304418080080005 0
(1698232896.157636) can0 340#13000004B000D811 0
(1698232896.158662) can0 386#FD04E244F544E004 0
(1698232896.158664) can0 387#15B7C5E7007D0500 0
(1698232896.162190) can0 381#8010380000C89505 0
(1698232896.163073) can0 251#BB02907F0002B779 0
(1698232896.163074) can0 2B0#CAFE030730 0
(1698232896.163075) can0 371#001E00008FF40710 0
(1698232896.163076) can0 153#208010FF00FFB05E 0
(1698232896.163992) can0 160#00EAFF0A0000001F 0
(1698232896.163994) can0 164#0008121A 0
(1698232896.163996) can0 220#71637D0000E20C96 0
(1698232896.163997) can0 130#C6798A7B00000833 0
(1698232896.163998) can0 140#367F00632000081A 0
(1698232896.164963) can0 372#27002500DC1F0000 0
(1698232896.164965) can0 54B#0010000000870100 0
(1698232896.166109) can0 389#0000000000000000 0
(1698232896.166957) can0 38D#0000080000000008 0
(1698232896.166959) can0 420#801418C8FC4F6A00 0
(1698232896.166960) can0 421#000000FFE37F0038 0
(1698232896.166961) can0 4F1#00376630 0
(1698232896.167977) can0 340#13000004C000E811 0
(1698232896.167979) can0 53E#000000002000 0
(1698232896.172074) can0 371#001E00008FF40710 0
(1698232896.172960) can0 251#BB0291900002C779 0
(1698232896.172962) can0 2B0#C8FE030701 0
(1698232896.172963) can0 372#27002500D41F0000 0
(1698232896.172964) can0 470#1544405555AC1400 0
(1698232896.173991) can0 153#208010FF00FFC06E 0
(1698232896.173993) can0 160#00E9FF0A0000001C 0
(1698232896.173994) can0 164#0008141C 0
(1698232896.173995) can0 220#71037D0000E20CA6 0
(1698232896.173996) can0 130#C679927B000009B7 0
(1698232896.174982) can0 140#407F0063200009DC 0
(1698232896.174984) can0 394#E8A30000E8231181 0
(1698232896.174985) can0 47F#200000000000 0
(1698232896.174986) can0 490#00000820000000 0
(1698232896.177748) can0 386#F744DF44FB84DD44 0
(1698232896.178926) can0 387#1FC1CFF100A60600 0
(1698232896.178928) can0 340#13000004D000F811 0
(1698232896.182135) can0 381#8028380000C9AE05 0
(1698232896.182951) can0 251#BF0292A80005D779 0
(1698232896.182953) can0 2B0#C6FE0407A2 0
(1698232896.182954) can0 371#001E00008FF40710 0
(1698232896.182955) can0 153#208010FF00FFD07E 0
(1698232896.183952) can0 160#00E7FF0A00000012 0
(1698232896.183954) can0 164#0008161E 0
(1698232896.183955) can0 220#72237D0000E20CB9 0
(1698232896.183956) can0 130#BE79607B00000A0D 0
(1698232896.183957) can0 140#497F006320000A74 0
(1698232896.184927) can0 372#27002500D01F0000 0
(1698232896.184928) can0 436#00000000 0
(1698232896.184930) can0 595#0000EEFFF10E0000 0
(1698232896.186086) can0 389#0000000000000000 0
(1698232896.186996) can0 38D#00000800000000F9 0
(1698232896.186997) can0 420#901418C8FC4F6A00 0
(1698232896.186998) can0 421#000000FFE37F0029 0
(1698232896.186999) can0 4F1#20376640 0
(1698232896.187993) can0 340#13000004E0000811 0
(1698232896.187995) can0 485#00000000 0
(1698232896.187995) can0 4A7#0100 0
(1698232896.192111) can0 371#001E00008FF40710 0
(1698232896.193024) can0 251#BC0293740003A779 0
(1698232896.193026) can0 2B0#C6FE0307C3 0
(1698232896.193027) can0 372#27002500D21F0000 0
(1698232896.193028) can0 153#208010FF00FFE08E 0
(1698232896.194026) can0 160#00E9FF0A0000001C 0
(1698232896.194028) can0 164#00081810 0
(1698232896.194029) can0 220#6C437D0000DE0CCF 0
(1698232896.194030) can0 130#B679207B00000B5D 0
(1698232896.194031) can0 140#557F006320000B6B 0
(1698232896.195041) can0 394#EAC30000EA231B81 0
(1698232896.195043) can0 470#1544405555B01400 0
(1698232896.195044) can0 47F#200000000000 0
(1698232896.195046) can0 596#000000008E00FE64 0
(1698232896.197909) can0 386#FA84DF44F604DB44 0
(1698232896.198923) can0 387#29CBD9FA00CE0700 0
(1698232896.200019) can0 340#13000004F0001811 0
(1698232896.201834) can0 381#8018380000CA9F05 0
(1698232896.202979) can0 251#BC0294A50003D779 0
(1698232896.202981) can0 2B0#C6FE0207A4 0
(1698232896.202982) can0 592#40EF000000FE83D8 0
(1698232896.202983) can0 371#001E00008FF40710 0
(1698232896.203854) can0 153#208010FF00FF00AE 0
(1698232896.203856) can0 160#00E8FF0A0000001D 0
(1698232896.203857) can0 164#00081A12 0
(1698232896.203858) can0 130#AE792F7B00000C19 0
(1698232896.203859) can0 140#577F006320000C82 0
(1698232896.204853) can0 220#64837D0000DA0CD3 0
(1698232896.204854) can0 372#27002500DE1F0000 0
(1698232896.205896) can0 389#0000000000000000 0
(1698232896.207072) can0 38D#00000800000000EA 0
(1698232896.207074) can0 420#A01418C8FC4F6A00 0
(1698232896.207075) can0 421#000000FFE37F001A 0
(1698232896.207076) can0 4F1#00376650 0
(1698232896.207916) can0 50A#0A10000000000000 0
(1698232896.207917) can0 340#1300000400002811 0
(1698232896.212046) can0 2B0#C4FE030785 0
(1698232896.212942) can0 251#C6029509000B277A 0
(1698232896.212944) can0 371#001E00008FF40710 0
(1698232896.212945) can0 372#27002500DA1F0000 0
(1698232896.212946) can0 153#208010FF00FF10BE 0
(1698232896.213965) can0 160#00EAFF0A0000001F 0
(1698232896.213967) can0 164#00081C14 0
(1698232896.213968) can0 220#66837D0000D60CE1 0
(1698232896.213969) can0 130#A6794A7B00000D57 0
(1698232896.214962) can0 140#527F006320000DAB 0
(1698232896.214964) can0 394#ECE30000EC231581 0
(1698232896.214966) can0 470#1444401540741400 0
(1698232896.214967) can0 47F#200000000000 0
(1698232896.217363) can0 340#1300000410003811 0
(1698232896.218304) can0 386#FEC4E044F604DA04 0
(1698232896.218306) can0 387#33D4E20500F60800 0
(1698232896.222070) can0 371#001E00008FF40710 0
(1698232896.222902) can0 251#CF02966A0012777A 0
(1698232896.222903) can0 2B0#C6FE020786 0
(1698232896.222905) can0 372#27002500D41F0000 0
(1698232896.222906) can0 153#208010FF00FF20CE 0
(1698232896.223901) can0 160#00EBFF0A0000001E 0
(1698232896.223903) can0 164#00081E16 0
(1698232896.223904) can0 220#6A637D0000D20CF1 0
(1698232896.223905) can0 130#A079617B00000EAB 0
(1698232896.223906) can0 140#407F006320000E8F 0
(1698232896.224900) can0 381#8088380000CB1005 0
(1698232896.224902) can0 490#00000820000000 0
(1698232896.224903) can0 495#00000D10F5B02EA7 0
(1698232896.225921) can0 389#0000000000000000 0
(1698232896.226923) can0 38D#00000800000000DB 0
(1698232896.226925) can0 420#B01418C8FC4F6A00 0
(1698232896.226926) can0 421#000000FFE37F000B 0
(1698232896.226927) can0 4F1#00376660 0
(1698232896.228217) can0 340#1300000420004811 0
(1698232896.231804) can0 2B0#C4FE0207B7 0
(1698232896.232818) can0 251#DC0297F2001CE77A 0
(1698232896.232819) can0 371#001E00008FF40710 0
(1698232896.232821) can0 372#27002500D41F0000 0
(1698232896.232822) can0 153#208010FF00FF30DE 0
(1698232896.233817) can0 160#00E9FF0A0000001C 0
(1698232896.233819) can0 164#00080008 0
(1698232896.233820) can0 220#6C237D0000CF0C0E 0
(1698232896.233821) can0 130#9479737B00000F33 0
(1698232896.234860) can0 140#467F006320000F41 0
(1698232896.234862) can0 394#E9030000E9231981 0
(1698232896.234863) can0 412#0000000000000000 0
(1698232896.234864) can0 47F#200000000000 0
(1698232896.234865) can0 436#00000000 0
(1698232896.235860) can0 500#01 0
(1698232896.235861) can0 470#1100005555780000 0
(1698232896.235862) can0 4C9#0000000001000000 0
(1698232896.235863) can0 520#0000000000000000 0
(1698232896.236856) can0 5C1#5F010A1063010009 0
(1698232896.236858) can0 5FF#600000C800C80000 0
(1698232896.237858) can0 386#F904DC84FC04D804 0
(1698232896.238883) can0 387#3DDEEC0F001F0900 0
(1698232896.238885) can0 340#1300000430005811 0
(1698232896.238886) can0 485#00000000 0
(1698232896.241846) can0 371#001E00008FF40710 0
(1698232896.242862) can0 251#EB02987F0028577B 0
(1698232896.242863) can0 2B0#C4FE020748 0
(1698232896.242863) can0 372#27002500D01F0000 0
(1698232896.242863) can0 153#208010FF00FF40EE 0
(1698232896.243884) can0 160#00E8FF0A0000001D 0
(1698232896.243884) can0 164#0008020A 0
(1698232896.243885) can0 220#6E437D0000C90C1A 0
(1698232896.243885) can0 130#8A79687B00000017 0
(1698232896.243885) can0 140#7E7F0063200000FE 0
(1698232896.244900) can0 381#8038390000CCC205 0
(1698232896.244907) can0 410#E012211880020020 0
(1698232896.244910) can0 50B#0000970000000000 0
(1698232896.245921) can0 389#0000000000000000 0
(1698232896.247035) can0 38D#00000800000000CC 0
(1698232896.247036) can0 420#C01418C8FC4F6A00 0
(1698232896.247036) can0 421#000000FFE37F00FC 0
(1698232896.247036) can0 4F1#E0366670 0
(1698232896.248067) can0 50C#00000000080000B0 0
(1698232896.248067) can0 52A#2C00000006001B00 0
(1698232896.249124) can0 340#1300000440006811 0
(1698232896.251898) can0 371#001E00008FF40710 0
(1698232896.252812) can0 251#F30299BE002E877B 0
(1698232896.252812) can0 2B0#C6FE010749 0
(1698232896.252813) can0 372#27002500D41F0000 0
(1698232896.252813) can0 470#0544405155FC1400 0
(1698232896.253915) can0 153#208010FF00FF50FE 0
(1698232896.253915) can0 160#00EAFF0A0000001F 0
(1698232896.253916) can0 164#0008040C 0
(1698232896.253916) can0 130#82795D7B00000128 0
(1698232896.253917) can0 140#967F006320000121 0
(1698232896.254903) can0 220#6D237E0000C40C27 0
(1698232896.254904) can0 394#F1230000F1231581 0
(1698232896.254904) can0 47F#200000000000 0
(1698232896.254904) can0 507#00000001 0
(1698232896.255902) can0 50E#0000002000000000 0
(1698232896.255902) can0 541#0304418080080005 0
(1698232896.255903) can0 553#0001000201008000 0
(1698232896.256928) can0 593#441118181617 0
(1698232896.257952) can0 386#F744DD84F7C4DB44 0
(1698232896.258973) can0 387#47E8F61800470A00 0
(1698232896.258974) can0 340#1300000450007811 0
(1698232896.261838) can0 381#80A8390000CD3305 0
(1698232896.262861) can0 251#FC029A1F0035D77B 0
(1698232896.262862) can0 2B0#C4FE01075A 0
(1698232896.262863) can0 371#001E00008FF40710 0
(1698232896.262863) can0 153#208010FF00FF600E 0
(1698232896.263853) can0 160#00E7FF0A00000012 0
(1698232896.263854) can0 164#0008060E 0
(1698232896.263854) can0 220#6C837E0000C00C30 0
(1698232896.263855) can0 130#7279507B0000020E 0
(1698232896.263855) can0 140#767F006320000216 0
(1698232896.264878) can0 372#27002500D61F0000 0
(1698232896.264880) can0 54B#0010000000870100 0
(1698232896.264909) can0 559#0000000000000000 0
(1698232896.265877) can0 389#0000000000000000 0
(1698232896.266899) can0 38D#00000800000000BD 0
(1698232896.266900) can0 420#D01418C8FC4F6A00 0
(1698232896.266901) can0 421#000000FFE37F00ED 0
(1698232896.266918) can0 4F1#E0366680 0
(1698232896.267898) can0 340#1300000460008811 0
(1698232896.271252) can0 53E#000000002000 0
(1698232896.272274) can0 2B0#C4FE01074B 0
(1698232896.272276) can0 251#00039B380038E77B 0
(1698232896.273332) can0 371#001E00008FF40710 0
(1698232896.273334) can0 372#27002500D81F0000 0
(1698232896.273335) can0 153#208010FF00FF701E 0
(1698232896.273336) can0 160#00E8FF0A0000001D 0
(1698232896.273337) can0 164#00080800 0
(1698232896.274325) can0 220#6B037E0000B80C49 0
(1698232896.274327) can0 130#6679737B000003BC 0
(1698232896.274328) can0 140#447F006320000367 0
(1698232896.274329) can0 394#F0430000F0231581 0
(1698232896.275350) can0 470#1544405555401400 0
(1698232896.275352) can0 47F#200000000000 0
(1698232896.275353) can0 490#00000820000000 0
(1698232896.275354) can0 544#0000000000000000 0
(1698232896.277778) can0 386#FB84E184F744DB44 0
(1698232896.278803) can0 387#51F2012200710B00 0
(1698232896.278805) can0 340#1300000470009811 0
(1698232896.281947) can0 381#80E0390000CE6C05 0
(1698232896.282954) can0 07F#0000000000000000 0
(1698232896.282956) can0 251#05039C83003C277C 0
(1698232896.282957) can0 2B0#C6FE00070C 0
(1698232896.282958) can0 153#208010FF00FF802E 0
(1698232896.283992) can0 160#00E7FF0A00000012 0
(1698232896.283994) can0 164#00080A02 0
(1698232896.283995) can0 220#6E437D0000B20C55 0
(1698232896.283996) can0 130#64798F7B00000404 0
(1698232896.285003) can0 140#287F00632000043E 0
(1698232896.285005) can0 371#001E00008FF40710 0
(1698232896.285006) can0 372#27002500D61F0000 0
(1698232896.285007) can0 436#00000000 0
(1698232896.285008) can0 595#0000FEFFF00E0000 0
(1698232896.285987) can0 389#0000000000000000 0
(1698232896.287011) can0 38D#00000800000000AE 0
(1698232896.287013) can0 420#E01418C8FC4F6A00 0
(1698232896.287014) can0 421#000000FFE37F00DE 0
(1698232896.287016) can0 4F1#C0366690 0
(1698232896.288016) can0 52A#2C00000006001B00 0
(1698232896.288018) can0 340#130000048000A811 0
(1698232896.288992) can0 485#00000000 0
(1698232896.291878) can0 371#001E00008FF40710 0
(1698232896.292895) can0 251#0D039DD20042677C 0
(1698232896.292898) can0 2B0#C5FE00072D 0
(1698232896.292899) can0 372#27002500D41F0000 0
(1698232896.292900) can0 470#1544405555441400 0
(1698232896.293879) can0 153#208010FF00FF903E 0
(1698232896.293880) can0 160#00E9FF0A0000001C 0
(1698232896.293881) can0 164#00080C04 0
(1698232896.293882) can0 130#6679817B000005B5 0
(1698232896.294875) can0 140#337F0063200005AF 0
(1698232896.294877) can0 220#72C37C0000B10C67 0
(1698232896.294878) can0 394#E6630000E6231981 0
(1698232896.294879) can0 47F#200000000000 0
(1698232896.294880) can0 596#000000008E00FE64 0
(1698232896.297789) can0 386#F8C4DD84F6C4DA04 0
(1698232896.298808) can0 387#5BFB0B2C00990C00 0
(1698232896.299891) can0 340#130000049000B811 0
(1698232896.301961) can0 371#001E00008FF40710 0
(1698232896.302969) can0 251#0F039EE70044777C 0
(1698232896.302971) can0 2B0#C4FE01071E 0
(1698232896.302972) can0 372#27002500CC1F0000 0
(1698232896.302973) can0 153#208010FF00FFA04E 0
(1698232896.303974) can0 160#00E9FF0A0000001C 0
(1698232896.303976) can0 164#00080E06 0
(1698232896.303977) can0 220#70E37C0000B20C74 0
(1698232896.303978) can0 130#60797B7B00000671 0
(1698232896.303979) can0 140#627F0063200006B2 0
(1698232896.304991) can0 381#80203A0000CFAE05 0
(1698232896.304993) can0 592#40EF000000FF8318 0
(1698232896.305957) can0 389#0000000000000000 0
(1698232896.306979) can0 38D#0000080000000080 0
(1698232896.306980) can0 420#F01418C8FC4F6A00 0
(1698232896.306981) can0 421#000000FFE37F00B0 0
(1698232896.306982) can0 4F1#C03666A0 0
(1698232896.308018) can0 340#13000004A000C811 0
(1698232896.311829) can0 371#001E00000FF50710 0
(1698232896.312836) can0 251#0D039FE40042777C 0
(1698232896.312838) can0 2B0#C4FE01070F 0
(1698232896.312839) can0 372#27002500C81F0000 0
(1698232896.312840) can0 470#1444401540081400 0
(1698232896.313853) can0 153#208010FF00FFB05E 0
(1698232896.313855) can0 160#00EAFF0A0000001F 0
(1698232896.313856) can0 164#00081018 0
(1698232896.313857) can0 220#6FA37D0000AF0C83 0
(1698232896.313858) can0 130#5C79617B0000074C 0
(1698232896.314869) can0 140#6D7F0063200007F3 0
(1698232896.314871) can0 394#ED830000ED231981 0
(1698232896.314873) can0 47F#200000000000 0
(1698232896.317792) can0 340#13000004B000D811 0
(1698232896.318804) can0 386#F704DBC4F284DC04 0
(1698232896.318805) can0 387#6406153500C10D00 0
(1698232896.321974) can0 381#80103A0000D09F05 0
(1698232896.322976) can0 251#0D03A0E50042777C 0
(1698232896.322978) can0 2B0#C6FE0007C0 0
(1698232896.322979) can0 371#001E00000FF50710 0
(1698232896.322981) can0 153#208010FF00FFC06E 0
(1698232896.323936) can0 160#00EDFF0A00000018 0
(1698232896.323938) can0 164#0008121A 0
(1698232896.323939) can0 220#6CE37D0000AD0C9C 0
(1698232896.323940) can0 130#6279687B0000083D 0
(1698232896.323941) can0 140#437F006320000826 0
(1698232896.324964) can0 372#27002500D21F0000 0
(1698232896.324966) can0 490#00000820000000 0
(1698232896.324967) can0 495#00000D10F5B02EA7 0
(1698232896.325996) can0 389#0000000000000000 0
(1698232896.327020) can0 38D#0000080000000071 0
(1698232896.327022) can0 420#001418C8FC4F6A00 0
(1698232896.327023) can0 421#000000FFE37F00A1 0
(1698232896.327024) can0 4F1#E03666B0 0
(1698232896.327979) can0 52A#2C00000006001B00 0
(1698232896.328980) can0 340#13000004C000E811 0
(1698232896.331931) can0 371#001E00000FF50710 0
(1698232896.332925) can0 251#0903A1E00040777C 0
(1698232896.332927) can0 2B0#C4FE0007F1 0
(1698232896.332928) can0 372#27002500D81F0000 0
(1698232896.332930) can0 153#208010FF00FFD07E 0
(1698232896.333976) can0 160#00E9FF0A0000001C 0
(1698232896.333978) can0 164#0008141C 0
(1698232896.333979) can0 220#6D237D0000B00CA0 0
(1698232896.333980) can0 394#E9A30000E9231F81 0
(1698232896.333982) can0 130#62798D7B00000982 0
(1698232896.334973) can0 140#477F006320000952 0
(1698232896.334974) can0 436#00000000 0
(1698232896.334975) can0 47F#200000000000 0
(1698232896.334976) can0 470#11000055554C0000 0
(1698232896.334977) can0 500#01 0
(1698232896.335995) can0 520#0000000000000000 0
(1698232896.335996) can0 5C1#5F010A1063010009 0
(1698232896.335998) can0 5FF#600000C800C80000 0
(1698232896.337789) can0 386#FA44DCC4F684DB04 0
(1698232896.338811) can0 340#13000004D000F811 0
(1698232896.338813) can0 387#6E101F3F00EA0E00 0
(1698232896.338814) can0 485#00000000 0
(1698232896.341951) can0 371#001E00000FF50710 0
(1698232896.342936) can0 251#0903A2F0003F877C 0
(1698232896.342938) can0 2B0#C4FE0007C2 0
(1698232896.342939) can0 372#27002500D21F0000 0
(1698232896.342940) can0 153#208010FF00FFE08E 0
(1698232896.343924) can0 160#00E9FF0A0000001C 0
(1698232896.343926) can0 164#0008161E 0
(1698232896.343927) can0 220#71437D0000B00CB4 0
(1698232896.343928) can0 130#6279987B00000A94 0
(1698232896.343929) can0 140#657F006320000AA0 0
(1698232896.344985) can0 381#80F8390000D18705 0
(1698232896.344986) can0 50B#0000970000000000 0
(1698232896.346103) can0 389#0000000000000000 0
(1698232896.347113) can0 38D#0000080000000062 0
(1698232896.347115) can0 420#101418C8FC4F6A00 0
(1698232896.347116) can0 421#000000FFE37F0092 0
(1698232896.347117) can0 4F1#C03666C0 0
(1698232896.348014) can0 50C#00000000080000C0 0
(1698232896.348016) can0 52A#2C00000006001B00 0
(1698232896.349617) can0 340#13000004E0000811 0
(1698232896.352050) can0 371#001E00000FF50710 0
(1698232896.352939) can0 251#0B03A3150041A77C 0
(1698232896.352941) can0 2B0#C6FE0007F3 0
(1698232896.352942) can0 372#27002500D61F0000 0
(1698232896.352943) can0 470#0544405155501400 0
(1698232896.353969) can0 153#208010FF00FF00AE 0
(1698232896.353971) can0 160#00E7FF0A00000012 0
(1698232896.353972) can0 164#00081810 0
(1698232896.353973) can0 220#73C37D0000B00CC6 0
(1698232896.353974) can0 130#68797B7B00000B22 0
(1698232896.354832) can0 140#687F006320000B5B 0
(1698232896.354833) can0 394#EEC30000EE231381 0
(1698232896.354834) can0 47F#200000000000 0
(1698232896.354835) can0 507#00000001 0
(1698232896.355852) can0 541#0304418080080005 0
(1698232896.357788) can0 386#F784DDC4F704DA44 0
(1698232896.358786) can0 387#7819294900030000 0
(1698232896.358788) can0 340#13000004F0001811 0
(1698232896.362073) can0 371#001E00000FF50710 0
(1698232896.363053) can0 251#0A03A4F40040877C 0
(1698232896.363055) can0 2B0#C7FE000794 0
(1698232896.363057) can0 372#27002500D81F0000 0
(1698232896.363058) can0 153#208010FF00FF10BE 0
(1698232896.364071) can0 160#00EAFF0A0000001F 0
(1698232896.364073) can0 164#00081A12 0
(1698232896.364074) can0 220#6FC37D0000B30CD7 0
(1698232896.364075) can0 381#80003A0000D29105 0
(1698232896.364076) can0 130#6A79717B00000C68 0
(1698232896.364965) can0 140#7A7F006320000C0B 0
(1698232896.364966) can0 54B#0010000000870100 0
(1698232896.366101) can0 389#0000000000000000 0
(1698232896.367095) can0 38D#0000080000000053 0
(1698232896.367097) can0 420#201418C8FC4F6A00 0
(1698232896.367098) can0 421#000000FFE37F0083 0
(1698232896.367099) can0 340#1300000400002811 0
(1698232896.367956) can0 4F1#E03666D0 0
(1698232896.371588) can0 53E#000000002000 0
(1698232896.372478) can0 2B0#C8FE000775 0
(1698232896.372480) can0 251#0703A5FF003D977C 0
(1698232896.372481) can0 371#001E00000FF50710 0
(1698232896.373513) can0 372#27002500D41F0000 0
(1698232896.373514) can0 153#208010FF00FF20CE 0
(1698232896.373516) can0 160#00E8FF0A0000001D 0
(1698232896.373516) can0 164#00081C14 0
(1698232896.374433) can0 220#6E037E0000B40CE6 0
(1698232896.374435) can0 394#F0E30000F0231B81 0
(1698232896.374436) can0 130#6E796E7B00000D8E 0
(1698232896.374437) can0 140#887F006320000D05 0
(1698232896.374438) can0 470#1544405555541400 0
(1698232896.375428) can0 47F#200000000000 0
(1698232896.375430) can0 490#00000820000000 0
(1698232896.377909) can0 386#F0C4DCC4F904D704 0
(1698232896.378806) can0 387#82233252002A0100 0
(1698232896.378808) can0 340#1300000410003811 0
(1698232896.381972) can0 381#80283A0000D3BA05 0
(1698232896.382936) can0 251#1203A6B50046377D 0
(1698232896.382937) can0 2B0#C8FE000746 0
(1698232896.382938) can0 371#001E00008FF50710 0
(1698232896.382939) can0 153#208010FF00FF30DE 0
(1698232896.383989) can0 160#00E7FF0A00000012 0
(1698232896.383991) can0 164#00081E16 0
(1698232896.383992) can0 220#6D437E0000B60CF9 0
(1698232896.383993) can0 372#27002500D61F0000 0
(1698232896.383994) can0 130#7E795D7B00000E81 0
(1698232896.384963) can0 140#7D7F006320000EBF 0
(1698232896.384965) can0 436#00000000 0
(1698232896.384966) can0 595#00000000F00E0000 0
(1698232896.386016) can0 389#0000000000000000 0
(1698232896.387014) can0 38D#0000080000000044 0
(1698232896.387016) can0 420#301418C8FC4F6A00 0
(1698232896.387017) can0 421#000000FFE37F0074 0
(1698232896.387018) can0 4F1#E03666E0 0
(1698232896.388013) can0 340#1300000420004811 0
(1698232896.388998) can0 485#00000000 0
(1698232896.391886) can0 371#001E00000FF60710 0
(1698232896.392914) can0 251#1703A77E004AF77C 0
(1698232896.392916) can0 2B0#CAFE000777 0
(1698232896.392918) can0 372#27002500DC1F0000 0
(1698232896.392918) can0 153#208010FF00FF40EE 0
(1698232896.393933) can0 160#00E9FF0A0000001C 0
(1698232896.393934) can0 164#00080008 0
(1698232896.393935) can0 220#6C237E0000BE0C0E 0
(1698232896.393936) can0 394#F1030000F1231781 0
(1698232896.393937) can0 130#88798D7B00000FB4 0
(1698232896.394932) can0 140#5C7F006320000F90 0
(1698232896.394933) can0 470#1544405555581400 0
(1698232896.394934) can0 47F#200000000000 0
(1698232896.394935) can0 596#000000008E00FE64 0
(1698232896.397747) can0 386#F404DA04F404D704 0
(1698232896.398923) can0 387#8C2D3C5C00530200 0
(1698232896.398925) can0 340#1300000430005811 0
(1698232896.402109) can0 592#40EF000000FF8358 0
(1698232896.403018) can0 251#0B03A8FA0041877C 0
(1698232896.403019) can0 2B0#CCFE0107F8 0
(1698232896.403020) can0 371#001E00000FF70710 0
(1698232896.403021) can0 153#208010FF00FF50FE 0
(1698232896.403950) can0 160#00E9FF0A0000001C 0
(1698232896.403952) can0 164#0008020A 0
(1698232896.403953) can0 220#71A37D0000C30C19 0
(1698232896.403954) can0 372#27002500D81F0000 0
(1698232896.403955) can0 130#8C79877B000000C5 0
(1698232896.404918) can0 140#4C7F006320000092 0
(1698232896.404920) can0 381#80103A0000D4A305 0
(1698232896.406104) can0 389#0000000000000000 0
(1698232896.407071) can0 38D#0000080000000035 0
(1698232896.407072) can0 420#401418C8FC4F6A00 0
(1698232896.407073) can0 421#000000FFE37F0065 0
(1698232896.407074) can0 4F1#C03666F0 0
(1698232896.407956) can0 50A#0A10000000000000 0
(1698232896.407957) can0 340#1300000440006811 0
(1698232896.412063) can0 2B0#CEFE0207F9 0
(1698232896.412994) can0 251#0903A947003FD77C 0
(1698232896.412996) can0 371#001E00000FF70710 0
(1698232896.412997) can0 372#27002500DA1F0000 0
(1698232896.412998) can0 153#208010FF00FF600E 0
(1698232896.413981) can0 160#00E9FF0A0000001C 0
(1698232896.413982) can0 164#0008040C 0
(1698232896.413983) can0 220#71637D0000C50C2B 0
(1698232896.413984) can0 394#EB230000EB231381 0
(1698232896.414910) can0 130#9279797B000001E5 0
(1698232896.414912) can0 140#5F7F0063200001D1 0
(1698232896.414914) can0 470#14444015405C1400 0
(1698232896.414915) can0 47F#200000000000 0
(1698232896.417909) can0 386#F944D704F4C4D904 0
(1698232896.418803) can0 340#1300000450007811 0
(1698232896.418805) can0 387#96364666007B0300 0
(1698232896.422055) can0 381#80403A0000D5D405 0
(1698232896.422900) can0 251#1703AA02004A777D 0
(1698232896.422902) can0 2B0#CEFE0107FA 0
(1698232896.422903) can0 371#001E00008FF70710 0
(1698232896.422904) can0 153#208010FF00FF701E 0
(1698232896.423901) can0 160#00E9FF0A0000001C 0
(1698232896.423903) can0 164#0008060E 0
(1698232896.423904) can0 220#6FA37D0000C80C3A 0
(1698232896.423905) can0 372#27002500DC1F0000 0
(1698232896.423906) can0 130#9C79B67B00000203 0
(1698232896.424927) can0 140#6A7F006320000214 0
(1698232896.424929) can0 490#00000820000000 0
(1698232896.424930) can0 495#00000D10F5B02EA7 0
(1698232896.425921) can0 389#0000000000000000 0
(1698232896.426942) can0 38D#0000080000000026 0
(1698232896.426943) can0 420#501418C8FC4F6A00 0
(1698232896.426944) can0 421#000000FFE37F0056 0
(1698232896.426945) can0 4F1#C0366600 0
(1698232896.427940) can0 340#1300000460008811 0
(1698232896.431772) can0 2B0#D1FE02073B 0
(1698232896.432796) can0 251#2103AB050052677D 0
(1698232896.432797) can0 371#001E00008FF70710 0
(1698232896.432799) can0 372#27002500DC1F0000 0
(1698232896.432800) can0 153#208010FF00FF802E 0
(1698232896.433753) can0 160#00E9FF0A0000001C 0
(1698232896.433756) can0 164#00080800 0
(1698232896.433757) can0 220#77C37D0000CD0C49 0
(1698232896.433758) can0 394#EE430000EE231B81 0
(1698232896.434759) can0 130#A4799A7B00000319 0
(1698232896.434761) can0 140#887F0063200003A3 0
(1698232896.434763) can0 412#0000000000000000 0
(1698232896.434764) can0 47F#200000000000 0
(1698232896.434766) can0 436#00000000 0
(1698232896.435801) can0 500#01 0
(1698232896.435804) can0 470#1100005555200000 0
(1698232896.435805) can0 4C9#0000000001000000 0
(1698232896.435806) can0 520#0000000000000000 0
(1698232896.436774) can0 5BE#080000FF00000000 0
(1698232896.436776) can0 5C1#5F010A1063010009 0
(1698232896.436778) can0 5FF#600000C800C80000 0
(1698232896.437778) can0 386#F784DC04F544D744 0
(1698232896.438799) can0 340#1300000470009811 0
(1698232896.438800) can0 387#A040506F00A30400 0
(1698232896.438802) can0 485#00000000 0
(1698232896.441793) can0 381#80703A0000D60505 0
(1698232896.442821) can0 251#1B03ACAB004D177D 0
(1698232896.442823) can0 2B0#D2FE02077C 0
(1698232896.442825) can0 371#001E00000FF80710 0
(1698232896.442826) can0 153#208010FF00FF903E 0
(1698232896.443819) can0 160#00E8FF0A0000001D 0
(1698232896.443821) can0 164#00080A02 0
(1698232896.443823) can0 220#73437E0000D10C58 0
(1698232896.443824) can0 130#A679767B0000044F 0
(1698232896.443825) can0 140#807F006320000422 0
(1698232896.444839) can0 372#27002500DA1F0000 0
(1698232896.444841) can0 410#E012211880020020 0
(1698232896.444843) can0 50B#0000970000000000 0
(1698232896.445909) can0 389#0000000000000000 0
(1698232896.446898) can0 38D#0000080000000017 0
(1698232896.446900) can0 420#601418C8FC4F6A00 0
(1698232896.446902) can0 421#000000FFE37F0047 0
(1698232896.446903) can0 4F1#E0366610 0
(1698232896.447922) can0 50C#00000000080000D0 0
(1698232896.449967) can0 340#130000048000A811 0
(1698232896.451886) can0 371#001E00000FF80710 0
(1698232896.452898) can0 251#1603AD930049077D 0
(1698232896.452899) can0 2B0#D3FE01074D 0
(1698232896.452900) can0 372#27002500E41F0000 0
(1698232896.452902) can0 470#0544405155641400 0
(1698232896.453929) can0 153#208010FF00FFA04E 0
(1698232896.453931) can0 160#00E8FF0A0000001D 0
(1698232896.453932) can0 164#00080C04 0
(1698232896.453933) can0 130#AA796B7B000005AF 0
(1698232896.453934) can0 140#4E7F006320000541 0
(1698232896.454950) can0 220#6E237E0000D20C64 0
(1698232896.454952) can0 394#F1630000F1231181 0
(1698232896.454953) can0 47F#200000000000 0
(1698232896.454953) can0 507#00000001 0
(1698232896.455973) can0 50E#0000002000000000 0
(1698232896.455975) can0 541#0304418080080005 0
(1698232896.455976) can0 553#0001000201008000 0
(1698232896.456963) can0 593#441118181617 0
(1698232896.457942) can0 340#130000049000B811 0
(1698232896.457943) can0 386#F2C4DF04F4C4D904 0
(1698232896.458940) can0 387#AA4A5A7900CC0500 0
(1698232896.461857) can0 381#80003A0000D79605 0
(1698232896.462869) can0 251#0803AEFA003E877C 0
(1698232896.462871) can0 2B0#D7FE03071E 0
(1698232896.462872) can0 371#001E00008FF80710 0
(1698232896.462873) can0 153#208010FF00FFB05E 0
(1698232896.463875) can0 160#00E9FF0A0000001C 0
(1698232896.463877) can0 164#00080E06 0
(1698232896.463878) can0 220#6D637D0000D40C74 0
(1698232896.463879) can0 130#AE79767B000006A7 0
(1698232896.463880) can0 140#687F0063200006DA 0
(1698232896.464939) can0 372#27002500EA1F0000 0
(1698232896.464941) can0 54B#0010000000870100 0
(1698232896.464942) can0 559#0000000000000000 0
(1698232896.465994) can0 389#0000000000000000 0
(1698232896.466999) can0 38D#0000080000000008 0
(1698232896.467001) can0 420#701418C8FC4F6A00 0
(1698232896.467002) can0 421#000000FFE37F0038 0
(1698232896.467004) can0 4F1#E0366620 0
(1698232896.468017) can0 340#13000004A000C811 0
(1698232896.471827) can0 371#001E00008FF90710 0
(1698232896.472848) can0 251#0103AF0F0039A77C 0
(1698232896.472850) can0 2B0#D7FE03070F 0
(1698232896.472851) can0 372#27002500E21F0000 0
(1698232896.472852) can0 470#1544405555681400 0
(1698232896.473850) can0 153#208010FF00FFC06E 0
(1698232896.473852) can0 160#00E8FF0A0000001D 0
(1698232896.473853) can0 164#00081018 0
(1698232896.473854) can0 130#B679957B00000712 0
(1698232896.473855) can0 140#7B7F006320000799 0
(1698232896.474889) can0 220#6EC37D0000D60C89 0
(1698232896.474891) can0 394#EE830000EE231781 0
(1698232896.474892) can0 47F#200000000000 0
(1698232896.474893) can0 490#00000820000000 0
(1698232896.475866) can0 544#0000000000000000 0
(1698232896.476913) can0 53E#000000002000 0
(1698232896.477889) can0 386#F804DD44F204D904 0
(1698232896.478888) can0 387#B453648300F40600 0
(1698232896.479908) can0 340#13000004B000D811 0
(1698232896.481916) can0 381#80E8390000D87E05 0
(1698232896.482917) can0 251#0703B06B003EF77C 0
(1698232896.482918) can0 2B0#D9FE030710 0
(1698232896.482919) can0 371#001E008090FA0710 0
(1698232896.482920) can0 153#208010FF00FFD07E 0
(1698232896.483937) can0 160#00ECFF0A00000019 0
(1698232896.483939) can0 164#0008121A 0
(1698232896.483940) can0 220#72237E0000DA0C90 0
(1698232896.483941) can0 130#C8798A7B00000832 0
(1698232896.483943) can0 140#547F006320000811 0
(1698232896.484958) can0 372#27002500E41F0000 0
(1698232896.484959) can0 436#00000000 0
(1698232896.484960) can0 595#00000000F00E0000 0
(1698232896.485993) can0 389#0000000000000000 0
(1698232896.486996) can0 38D#00000800000000F9 0
(1698232896.486998) can0 420#801418C8FC4F6A00 0
(1698232896.486999) can0 421#000000FFE37F0029 0
(1698232896.487000) can0 4F1#80366630 0
(1698232896.488012) can0 340#13000004C000E811 0
(1698232896.488014) can0 485#00000000 0
(1698232896.491800) can0 371#001E008090FB0710 0
(1698232896.492794) can0 251#1403B1040048777D 0
(1698232896.492795) can0 2B0#D9FE020711 0
(1698232896.492796) can0 372#27002500EA1F0000 0
(1698232896.492797) can0 470#1544405555AC1400 0
(1698232896.493816) can0 153#208010FF00FFE08E 0
(1698232896.493817) can0 160#00E9FF0A0000001C 0
(1698232896.493818) can0 164#0008141C 0
(1698232896.493819) can0 130#D679AA7B00000956 0
(1698232896.493820) can0 140#577F0063200009EB 0
(1698232896.494917) can0 220#71837D0000E30CA9 0
(1698232896.494919) can0 394#ECA30000EC231981 0
(1698232896.494920) can0 47F#200000000000 0
(1698232896.494921) can0 596#000000008E00FE64 0
(1698232896.497785) can0 386#F744DD44F2C4D804 0
(1698232896.498806) can0 387#BD5D6E8C001B0700 0
(1698232896.499770) can0 340#13000004D000F811 0
(1698232896.501953) can0 381#80803A0000D91805 0
(1698232896.502947) can0 251#1F03B2280050877D 0
(1698232896.502949) can0 2B0#DCFE030762 0
(1698232896.502950) can0 371#001E008010FD0710 0
(1698232896.502951) can0 153#208010FF00FF00AE 0
(1698232896.503954) can0 160#00E9FF0A0000001C 0
(1698232896.503956) can0 164#0008161E 0
(1698232896.503957) can0 220#75837D0000EA0CB2 0
(1698232896.503958) can0 130#D479BE7B00000A90 0
(1698232896.503959) can0 140#7E7F006320000A2C 0
(1698232896.504992) can0 372#27002500E61F0000 0
(1698232896.504993) can0 592#40EF000000FF8398 0
(1698232896.505945) can0 389#0000000000000000 0
(1698232896.507013) can0 38D#00000800000000EA 0
(1698232896.507014) can0 420#901418C8FC4F6A00 0
(1698232896.507016) can0 421#000000FFE37F001A 0
(1698232896.507017) can0 4A2#0100 0
(1698232896.507018) can0 4F1#A0366640 0
(1698232896.508409) can0 340#13000004E0000811 0
(1698232896.511791) can0 371#001E008010FE0710 0
(1698232896.512788) can0 251#1703B3AB004A177D 0
(1698232896.512789) can0 2B0#DCFE020763 0
(1698232896.512791) can0 372#27002500DE1F0000 0
(1698232896.512791) can0 470#1444401540701400 0
(1698232896.513815) can0 153#208010FF00FF10BE 0
(1698232896.513817) can0 160#00E8FF0A0000001D 0
(1698232896.513818) can0 164#00081810 0
(1698232896.513819) can0 130#D479BE7B00000B8D 0
(1698232896.513820) can0 140#967F006320000BF3 0
(1698232896.514887) can0 220#78237E0000E90CC7 0
(1698232896.514889) can0 394#F1C30000F1231B81 0
(1698232896.514890) can0 47F#200000000000 0
(1698232896.517317) can0 340#13000004F0001811 0
(1698232896.518287) can0 386#F184DC44F0C4D8C4 0
(1698232896.518288) can0 387#C767779600430800 0
(1698232896.522010) can0 371#001E008010FF0710 0
(1698232896.523011) can0 251#1303B4B50047277D 0
(1698232896.523013) can0 2B0#DDFE030714 0
(1698232896.523014) can0 372#27002500EE1F0000 0
(1698232896.523015) can0 381#80383A0000DAD105 0
(1698232896.524004) can0 153#208010FF00FF20CE 0
(1698232896.524006) can0 160#00EBFF0A0000001E 0
(1698232896.524008) can0 164#00081A12 0
(1698232896.524009) can0 130#DE79DD7B00000C56 0
(1698232896.524010) can0 140#837F006320000C2D 0
(1698232896.524897) can0 220#78837E0000E90CD7 0
(1698232896.524899) can0 490#00000820000000 0
(1698232896.524901) can0 495#00000D10F5B02EA7 0
(1698232896.525974) can0 389#0000000000000000 0
(1698232896.527004) can0 38D#00000800000000DB 0
(1698232896.527006) can0 420#A01418C8FC4F6A00 0
(1698232896.527007) can0 421#000000FFE37F000B 0
(1698232896.527008) can0 4F1#80366650 0
(1698232896.528018) can0 340#1300000400002811 0
(1698232896.532071) can0 2B0#DEFE020725 0
(1698232896.532856) can0 251#0B03B5660040E77C 0
(1698232896.532857) can0 371#001E008010000010 0
(1698232896.532858) can0 372#27002500FA1F0000 0
(1698232896.532859) can0 153#208010FF00FF30DE 0
(1698232896.534015) can0 160#00E9FF0A0000001C 0
(1698232896.534017) can0 164#00081C14 0
(1698232896.534018) can0 220#7C437E0000EE0CEE 0
(1698232896.534019) can0 130#E679FA7B00000D85 0
(1698232896.535010) can0 140#577F006320000D9F 0
(1698232896.535012) can0 394#F2E30000F2231781 0
(1698232896.535013) can0 436#00000000 0
(1698232896.535014) can0 47F#200000000000 0
(1698232896.535016) can0 470#1100005555740000 0
(1698232896.535017) can0 500#01 0
(1698232896.536010) can0 520#0000000000000000 0
(1698232896.536012) can0 5C1#5F010A1063010009 0
(1698232896.536013) can0 5FF#600000C800C80000 0
(1698232896.537889) can0 386#F4C4DD44F3C4D904 0
(1698232896.538909) can0 387#D17081A0006B0900 0
(1698232896.538911) can0 340#1300000410003811 0
(1698232896.538912) can0 485#00000000 0
(1698232896.541934) can0 381#80083A0000DBA205 0
(1698232896.543100) can0 251#0C03B6AA0041277D 0
(1698232896.543102) can0 2B0#DEFE020716 0
(1698232896.543103) can0 371#001E008090000010 0
(1698232896.543104) can0 153#208010FF00FF40EE 0
(1698232896.543937) can0 160#00EAFF0A0000001F 0
(1698232896.543938) can0 164#00081E16 0
(1698232896.543939) can0 220#7F837D0000F20CF4 0
(1698232896.543940) can0 130#F0791E7C00000EF4 0
(1698232896.543941) can0 140#477F006320000E01 0
(1698232896.544967) can0 372#27002500FC1F0000 0
(1698232896.544969) can0 50B#0000970000000000 0
(1698232896.546127) can0 389#0000000000000000 0
(1698232896.546980) can0 38D#00000800000000CC 0
(1698232896.546981) can0 420#B01418C8FC4F6A00 0
(1698232896.546982) can0 421#000000FFE37F00FC 0
(1698232896.546983) can0 4F1#80366660 0
(1698232896.548133) can0 50C#00000000080000E0 0
(1698232896.548135) can0 52A#2C00000006001B00 0
(1698232896.548988) can0 340#1300000420004811 0
(1698232896.552048) can0 371#001E008010010010 0
(1698232896.552941) can0 251#0A03B7770040F77C 0
(1698232896.552943) can0 2B0#E0FE0207D7 0
(1698232896.552944) can0 372#2700250004000000 0
(1698232896.552945) can0 470#0544405155B81400 0
(1698232896.553870) can0 153#208010FF00FF50FE 0
(1698232896.553872) can0 160#00E9FF0A0000001C 0
(1698232896.553873) can0 164#00080008 0
(1698232896.553874) can0 130#FE791C7C00000F3C 0
(1698232896.554871) can0 140#7B7F006320000F71 0
(1698232896.554873) can0 220#84437D0000F70C0E 0
(1698232896.554874) can0 394#EA030000EA231781 0
(1698232896.554875) can0 47F#200000000000 0
(1698232896.554876) can0 507#00000001 0
(1698232896.555901) can0 541#0304418080080005 0
(1698232896.557599) can0 340#1300000430005811 0
(1698232896.558535) can0 386#F804DA84EE44D804 0
(1698232896.558537) can0 387#DB7A8BA900930A00 0
(1698232896.561832) can0 371#001E008090010010 0
(1698232896.562870) can0 251#0E03B8D00043477D 0
(1698232896.562872) can0 2B0#E0FE020728 0
(1698232896.562873) can0 372#270025000A000000 0
(1698232896.562874) can0 381#80183A0000DCB305 0
(1698232896.563893) can0 153#208010FF00FF600E 0
(1698232896.563895) can0 160#00E7FF0A00000012 0
(1698232896.563896) can0 164#0008020A 0
(1698232896.563897) can0 130#047AE87B0000005E 0
(1698232896.563897) can0 140#947F006320000086 0
(1698232896.564854) can0 220#84237E0000FE0C16 0
(1698232896.564856) can0 54B#0010000000870100 0
(1698232896.565981) can0 389#0000000000000000 0
(1698232896.567001) can0 38D#00000800000000BD 0
(1698232896.567002) can0 420#C01418C8FC4F6A00 0
(1698232896.567003) can0 421#000000FFE37F00ED 0
(1698232896.567004) can0 4F1#A0366670 0
(1698232896.568001) can0 340#1300000440006811 0
(1698232896.571810) can0 2B0#E0FE020739 0
(1698232896.572830) can0 251#1903B925004C877D 0
(1698232896.572831) can0 371#001E008090020010 0
(1698232896.572832) can0 372#2700250000000000 0
(1698232896.572833) can0 470#1544405555FC1400 0
(1698232896.573832) can0 153#208010FF00FF701E 0
(1698232896.573834) can0 160#00E9FF0A0000001C 0
(1698232896.573835) can0 164#0008040C 0
(1698232896.573836) can0 130#087AFD7B000001C9 0
(1698232896.574846) can0 140#787F006320000130 0
(1698232896.574848) can0 220#7D837E0000010D25 0
(1698232896.574849) can0 394#F4230000F4231F81 0
(1698232896.574850) can0 47F#200000000000 0
(1698232896.574852) can0 490#00000820000000 0
(1698232896.577789) can0 386#F644DA84F144D804 0
(1698232896.578808) can0 340#1300000450007811 0
(1698232896.578809) can0 387#E58495B300BC0B00 0
(1698232896.579769) can0 53E#000000002000 0
(1698232896.581876) can0 381#80383A0000DDD405 0
(1698232896.582872) can0 251#1303BAAB0047177D 0
(1698232896.582874) can0 2B0#E0FE02070A 0
(1698232896.582875) can0 371#001E008090030010 0
(1698232896.582876) can0 153#208010FF00FF802E 0
(1698232896.583934) can0 160#00E7FF0A00000012 0
(1698232896.583936) can0 164#0008060E 0
(1698232896.583937) can0 220#80037E0000030D38 0
(1698232896.583938) can0 130#0A7A3A7C00000217 0
(1698232896.583939) can0 140#6F7F006320000220 0
(1698232896.584940) can0 372#2700250004000000 0
(1698232896.584942) can0 436#00000000 0
(1698232896.584943) can0 595#00000500F00E0000 0
(1698232896.586017) can0 389#0000000000000000 0
(1698232896.587000) can0 38D#00000800000000AE 0
(1698232896.587001) can0 420#D01418C8FC4F6A00 0
(1698232896.587002) can0 421#000000FFE37F00DE 0
(1698232896.587003) can0 4F1#A0366680 0
(1698232896.588038) can0 340#1300000460008811 0
(1698232896.588039) can0 485#00000000 0
(1698232896.591869) can0 371#001E008090040010 0
(1698232896.593006) can0 251#0F03BBB50044277D 0
(1698232896.593008) can0 2B0#E0FE01072B 0
(1698232896.593009) can0 372#2700250010000000 0
(1698232896.593010) can0 470#1544405555401400 0
(1698232896.593988) can0 153#208010FF00FF903E 0
(1698232896.593989) can0 160#00E9FF0A0000001C 0
(1698232896.593990) can0 164#00080800 0
(1698232896.593991) can0 130#0A7A347C0000031C 0
(1698232896.594985) can0 140#4F7F006320000352 0
(1698232896.594987) can0 220#87E37D0000040D41 0
(1698232896.594988) can0 394#EF430000EF231981 0
(1698232896.594989) can0 47F#200000000000 0
(1698232896.594990) can0 596#000000008E00FE64 0
(1698232896.597898) can0 386#FA84DA84F104D504 0
(1698232896.598770) can0 387#EF8D9FBD00E40C00 0
(1698232896.599828) can0 340#1300000470009811 0
(1698232896.602031) can0 381#80003A0000DE9D05 0
(1698232896.603015) can0 251#0A03BC6C0040E77C 0
(1698232896.603017) can0 2B0#E2FE02074C 0
(1698232896.603018) can0 592#40EF0000000083C4 0
(1698232896.603019) can0 371#001E008011060010 0
(1698232896.604029) can0 153#208010FF00FFA04E 0
(1698232896.604031) can0 160#00E8FF0A0000001D 0
(1698232896.604032) can0 164#00080A02 0
(1698232896.604033) can0 130#0E7A5E7C000004DB 0
(1698232896.604034) can0 140#467F00632000048E 0
(1698232896.605034) can0 220#87637D0000040D51 0
(1698232896.605035) can0 372#2700250012000000 0
(1698232896.606150) can0 389#0000000000000000 0
(1698232896.606997) can0 38D#0000080000000080 0
(1698232896.606998) can0 420#E01418C8FC4F6A00 0
(1698232896.607000) can0 421#000000FFE37F00B0 0
(1698232896.607001) can0 4F1#80366690 0
(1698232896.607998) can0 50A#0A10000000000000 0
(1698232896.608000) can0 340#130000048000A811 0
(1698232896.611817) can0 371#001E008011070010 0
(1698232896.612970) can0 251#0703BD88003D077D 0
(1698232896.612972) can0 2B0#E0FE01074D 0
(1698232896.612973) can0 372#270025000A000000 0
(1698232896.612974) can0 470#1444401540041400 0
(1698232896.613968) can0 153#208010FF00FFB05E 0
(1698232896.613970) can0 160#00E9FF0A0000001C 0
(1698232896.613971) can0 164#00080C04 0
(1698232896.613973) can0 130#187A557C00000565 0
(1698232896.614965) can0 140#9B7F0063200005B3 0
(1698232896.614967) can0 220#8C437D0000060D66 0
(1698232896.614969) can0 394#EA630000EA231181 0
(1698232896.614970) can0 47F#200000000000 0
(1698232896.617601) can0 340#130000049000B811 0
(1698232896.618433) can0 386#F2C4D884EF44D804 0
(1698232896.618434) can0 387#F997A9C6000C0D00 0
(1698232896.622053) can0 381#80D8390000DF7505 0
(1698232896.622832) can0 251#0403BE53003BD77C 0
(1698232896.622833) can0 2B0#E0FE00076E 0
(1698232896.622836) can0 371#001E008091080010 0
(1698232896.622838) can0 153#208010FF00FFC06E 0
(1698232896.623829) can0 160#00EBFF0A0000001E 0
(1698232896.623830) can0 164#00080E06 0
(1698232896.623831) can0 220#8BA37E00000B0D7D 0
(1698232896.623832) can0 130#1A7A0C7C00000694 0
(1698232896.623833) can0 140#D57F00632000064B 0
(1698232896.624846) can0 372#2700250000000000 0
(1698232896.624848) can0 490#00000820000000 0
(1698232896.624849) can0 495#00000D10F5B02EA7 0
(1698232896.626159) can0 389#0000000000000000 0
(1698232896.627037) can0 38D#0000080000000071 0
(1698232896.627039) can0 420#F01418C8FC4F6A00 0
(1698232896.627040) can0 421#000000FFE37F00A1 0
(1698232896.627041) can0 4F1#803666A0 0
(1698232896.628391) can0 340#13000004A000C811 0
(1698232896.632024) can0 2B0#E2FE01074F 0
(1698232896.632945) can0 251#FE02BF290037B77C 0
(1698232896.632947) can0 371#001E0080110A0010 0
(1698232896.632949) can0 372#2700250008000000 0
(1698232896.632950) can0 153#208010FF00FFD07E 0
(1698232896.633803) can0 160#00E9FF0A0000001C 0
(1698232896.633805) can0 164#00081018 0
(1698232896.633806) can0 220#82837F00000C0D84 0
(1698232896.633807) can0 130#0E7A1F7C00000709 0
(1698232896.634818) can0 140#BB7F0063200007E6 0
(1698232896.634820) can0 394#FC830000FC231981 0
(1698232896.634821) can0 412#0000000000000000 0
(1698232896.634822) can0 47F#200000000000 0
(1698232896.634823) can0 436#00000000 0
(1698232896.635818) can0 500#01 0
(1698232896.635820) can0 470#1100005555080000 0
(1698232896.635821) can0 4C9#0000000001000000 0
(1698232896.635822) can0 520#0000000000000000 0
(1698232896.636837) can0 5C1#5F1B0A1063010009 0
(1698232896.636838) can0 5FF#600000C800C80000 0
(1698232896.637837) can0 386#EF04DBC4F084D704 0
(1698232896.638838) can0 387#04A1B3D000360E00 0
(1698232896.638840) can0 340#13000004B000D811 0
(1698232896.638841) can0 485#00000000 0
(1698232896.641854) can0 371#001E0080910B0010 0
(1698232896.642878) can0 251#FA02C0130034A77C 0
(1698232896.642880) can0 2B0#E2FE0107B0 0
(1698232896.642881) can0 372#2700250014000000 0
(1698232896.642883) can0 153#208010FF00FFE08E 0
(1698232896.643879) can0 160#00E8FF0A0000001D 0
(1698232896.643880) can0 164#0008121A 0
(1698232896.643882) can0 220#84237F0000060D90 0
(1698232896.643883) can0 130#067A2C7C000008F1 0
(1698232896.643884) can0 140#757F006320000823 0
(1698232896.644900) can0 381#80A0390000E03E05 0
(1698232896.644901) can0 410#E012211880020020 0
(1698232896.644902) can0 50B#0000970000000000 0
(1698232896.646003) can0 389#0000000000000000 0
(1698232896.647004) can0 38D#0000080000000062 0
(1698232896.647005) can0 420#001418C8FC4F6A00 0
(1698232896.647006) can0 421#000000FFE37F0092 0
(1698232896.647007) can0 4F1#A03666B0 0
(1698232896.648024) can0 50C#00000000080000F0 0
(1698232896.649108) can0 340#13000004C000E811 0
(1698232896.651798) can0 371#001E0080110D0010 0
(1698232896.652812) can0 251#F702C1FE0031977C 0
(1698232896.652813) can0 2B0#E0FE000791 0
(1698232896.652815) can0 372#2700250018000000 0
(1698232896.652816) can0 470#05444051558C1400 0
(1698232896.653813) can0 153#208010FF00FF00AE 0
(1698232896.653814) can0 160#00E9FF0A0000001C 0
(1698232896.653816) can0 164#0008141C 0
(1698232896.653817) can0 220#86037E0000020DAF 0
(1698232896.654807) can0 130#0E7A427C00000976 0
(1698232896.654809) can0 140#417F006320000981 0
(1698232896.654810) can0 394#F0A30000F0231F81 0
(1698232896.654811) can0 47F#200000000000 0
(1698232896.654812) can0 507#00000001 0
(1698232896.655850) can0 50E#0000002000000000 0
(1698232896.655852) can0 541#0304418080080005 0
(1698232896.655853) can0 553#0001000201008000 0
(1698232896.656834) can0 593#441118181617 0
(1698232896.657872) can0 340#13000004D000F811 0
(1698232896.658892) can0 386#F744DBC4EC84D604 0
(1698232896.658894) can0 387#0DAABCD9004C0000 0
(1698232896.661873) can0 381#8080390000E11F05 0
(1698232896.662905) can0 251#F502C2DB002F777C 0
(1698232896.662906) can0 2B0#E2FE010792 0
(1698232896.662907) can0 371#001E0080910F0010 0
(1698232896.662908) can0 372#270025000E000000 0
(1698232896.663893) can0 153#208010FF00FF10BE 0
(1698232896.663895) can0 160#00E7FF0A00000012 0
(1698232896.663896) can0 164#0008161E 0
(1698232896.663897) can0 220#88237D0000060DB2 0
(1698232896.663898) can0 130#187A6C7C00000AEC 0
(1698232896.664915) can0 140#737F006320000ACA 0
(1698232896.664917) can0 54B#0010000000870100 0
(1698232896.664918) can0 559#0000000000000000 0
(1698232896.665994) can0 389#0000000000000000 0
(1698232896.667015) can0 38D#0000080000000053 0
(1698232896.667016) can0 420#101418C8FC4F6A00 0
(1698232896.667017) can0 421#000000FFE37F0083 0
(1698232896.667019) can0 4F1#803666C0 0
(1698232896.668057) can0 340#13000004E0000811 0
(1698232896.671827) can0 2B0#E0FE0007B3 0
(1698232896.672847) can0 251#F402C3DA002E777C 0
(1698232896.672848) can0 371#001E008091110010 0
(1698232896.672850) can0 372#27002500FE1F0000 0
(1698232896.672852) can0 470#1544405555501400 0
(1698232896.673846) can0 153#208010FF00FF20CE 0
(1698232896.673848) can0 160#00E9FF0A0000001C 0
(1698232896.673849) can0 164#00081810 0
(1698232896.673850) can0 220#8E037E00000B0DCE 0
(1698232896.674868) can0 130#1C7A797C00000BA9 0
(1698232896.674869) can0 140#B57F006320000B7B 0
(1698232896.674870) can0 394#F0C30000F0231D81 0
(1698232896.674871) can0 47F#200000000000 0
(1698232896.674872) can0 490#00000820000000 0
(1698232896.675870) can0 544#0000000000000000 0
(1698232896.677814) can0 386#F284D7C4F044D604 0
(1698232896.678828) can0 387#17B4C6E300750100 0
(1698232896.678830) can0 340#13000004F0001811 0
(1698232896.681869) can0 53E#000000002000 0
(1698232896.682888) can0 251#F202C4B8002D577C 0
(1698232896.682890) can0 2B0#E2FE0107F4 0
(1698232896.682891) can0 371#001E008091140010 0
(1698232896.682892) can0 381#8070390000E21005 0
(1698232896.683877) can0 153#208010FF00FF30DE 0
(1698232896.683880) can0 160#00E7FF0A00000012 0
(1698232896.683881) can0 164#00081A12 0
(1698232896.683882) can0 220#8F037F00000D0DD2 0
(1698232896.683883) can0 130#247A6B7C00000CC4 0
(1698232896.684913) can0 140#C07F006320000C14 0
(1698232896.684914) can0 372#2700250008000000 0
(1698232896.684915) can0 436#00000000 0
(1698232896.684916) can0 595#00001400EF0E0000 0
(1698232896.686029) can0 389#0000000000000000 0
(1698232896.687061) can0 38D#0000080000000044 0
(1698232896.687062) can0 420#201418C8FC4F6A00 0
(1698232896.687063) can0 421#000000FFE37F0074 0
(1698232896.687064) can0 4F1#A03666D0 0
(1698232896.688053) can0 340#1300000400002811 0
(1698232896.688055) can0 485#00000000 0
(1698232896.691835) can0 371#001E008011170010 0
(1698232896.692828) can0 251#EE02C5A2002A477C 0
(1698232896.692830) can0 2B0#E2FE0107E5 0
(1698232896.692831) can0 372#270025001A000000 0
(1698232896.692832) can0 470#1544405555541400 0
(1698232896.693847) can0 153#208010FF00FF40EE 0
(1698232896.693849) can0 160#00E9FF0A0000001C 0
(1698232896.693850) can0 164#00081C14 0
(1698232896.693851) can0 220#8E237F0000110DE7 0
(1698232896.693852) can0 130#287A4B7C00000DA3 0
(1698232896.694816) can0 140#6D7F006320000D21 0
(1698232896.694818) can0 394#F9E30000F9231981 0
(1698232896.694819) can0 47F#200000000000 0
(1698232896.694821) can0 596#000000008E00FE64 0
(1698232896.697792) can0 386#F4C4D9C4F244DA04 0
(1698232896.698799) can0 387#21BED0ED009E0200 0
(1698232896.699892) can0 340#1300000410003811 0
(1698232896.701887) can0 381#8038390000E3D905 0
(1698232896.702912) can0 251#EA02C66C0027177C 0
(1698232896.702914) can0 2B0#E0FE0007E6 0
(1698232896.702915) can0 371#001E008011190010 0
(1698232896.702916) can0 4A7#0100 0
(1698232896.702917) can0 153#208010FF00FF50FE 0
(1698232896.703912) can0 160#00EBFF0A0000001E 0
(1698232896.703913) can0 164#00081E16 0
(1698232896.703914) can0 220#8AE37D0000130DF3 0
(1698232896.703915) can0 130#267A3A7C00000E5F 0
(1698232896.704932) can0 140#3C7F006320000E3C 0
(1698232896.704934) can0 372#2700250028000000 0
(1698232896.704935) can0 592#40EF000000018308 0
(1698232896.706038) can0 389#0000000000000000 0
(1698232896.707020) can0 38D#0000080000000035 0
(1698232896.707021) can0 420#301418C8FC4F6A00 0
(1698232896.707023) can0 421#000000FFE37F0065 0
(1698232896.707025) can0 4F1#603666E0 0
(1698232896.708060) can0 340#1300000420004811 0
(1698232896.711906) can0 371#001E0080911A0010 0
(1698232896.712936) can0 251#E702C7470025F77B 0
(1698232896.712937) can0 2B0#E2FE0007D7 0
(1698232896.712939) can0 372#270025001A000000 0
(1698232896.712940) can0 153#208010FF00FF600E 0
(1698232896.713936) can0 160#00E8FF0A0000001D 0
(1698232896.713938) can0 164#00080008 0
(1698232896.713939) can0 220#87237D0000120D0F 0
(1698232896.713940) can0 394#E9030000E9231981 0
(1698232896.713941) can0 130#227A4D7C00000F90 0
(1698232896.714954) can0 140#657F006320000FC9 0
(1698232896.714955) can0 470#1444401540181400 0
(1698232896.714957) can0 47F#200000000000 0
(1698232896.717594) can0 340#1300000430005811 0
(1698232896.718645) can0 386#F704E004EB44D804 0
(1698232896.718647) can0 387#2BC7DAF600C50300 0
(1698232896.722115) can0 371#001E0080911B0010 0
(1698232896.723027) can0 251#E602C8460024F77B 0
(1698232896.723029) can0 2B0#E2FE000728 0
(1698232896.723030) can0 372#2700250008000000 0
(1698232896.723031) can0 153#208010FF00FF701E 0
(1698232896.723907) can0 160#00EBFF0A0000001E 0
(1698232896.723909) can0 164#0008020A 0
(1698232896.723910) can0 220#8AC37D0000100D1E 0
(1698232896.723911) can0 130#267A677C00000020 0
(1698232896.723912) can0 140#7B7F0063200000CA 0
(1698232896.724945) can0 381#8020390000E4C205 0
(1698232896.724947) can0 490#00000820000000 0
(1698232896.724949) can0 495#00000D10F5B02EA7 0
(1698232896.726088) can0 4F1#403666F0 0
(1698232896.727098) can0 389#0000000000000000 0
(1698232896.727100) can0 38D#0000080000000026 0
(1698232896.727101) can0 420#401418C8FC4F6A00 0
(1698232896.727102) can0 421#000000FFE37F0056 0
(1698232896.728933) can0 340#1300000440006811 0
(1698232896.732045) can0 2B0#E1FE000709 0
(1698232896.732834) can0 251#E702C9480024F77B 0
(1698232896.732835) can0 371#001E0000931C0010 0
(1698232896.732837) can0 372#270025000A000000 0
(1698232896.732838) can0 153#208010FF00FF802E 0
(1698232896.733875) can0 160#00E9FF0A0000001C 0
(1698232896.733877) can0 164#0008040C 0
(1698232896.733878) can0 220#8D237E0000120D24 0
(1698232896.733879) can0 130#307A637C000001E2 0
(1698232896.734892) can0 140#887F006320000199 0
(1698232896.734894) can0 394#F1230000F1231581 0
(1698232896.734895) can0 436#00000000 0
(1698232896.734896) can0 47F#200000000000 0
(1698232896.734897) can0 470#11000055555C0000 0
(1698232896.735892) can0 500#01 0
(1698232896.735894) can0 520#0000000000000000 0
(1698232896.735895) can0 5C1#5F210A1063010009 0
(1698232896.735896) can0 5FF#600000C800C80000 0
(1698232896.737426) can0 340#1300000450007811 0
(1698232896.738431) can0 485#00000000 0
(1698232896.738432) can0 386#F444DE04F2C4D704 0
(1698232896.738434) can0 387#35D1E40100EF0400 0
(1698232896.741830) can0 381#8020390000E5C305 0
(1698232896.742809) can0 251#E702CA490024F77B 0
(1698232896.742811) can0 2B0#E0FE00072A 0
(1698232896.742812) can0 371#001E0000131E0010 0
(1698232896.742813) can0 372#2700250016000000 0
(1698232896.743931) can0 153#208010FF00FF903E 0
(1698232896.743933) can0 160#00E8FF0A0000001D 0
(1698232896.743934) can0 164#0008060E 0
(1698232896.743935) can0 130#327A5D7C00000246 0
(1698232896.743936) can0 140#AA7F00632000026B 0
(1698232896.744898) can0 220#8D437E0000170D3B 0
(1698232896.744900) can0 50B#0000970000000000 0
(1698232896.746053) can0 389#0000000000000000 0
(1698232896.747080) can0 38D#0000080000000017 0
(1698232896.747081) can0 420#501418C8FC4F6A00 0
(1698232896.747082) can0 421#000000FFE37F0047 0
(1698232896.747083) can0 4F1#40366600 0
(1698232896.748041) can0 50C#0000000008000000 0
(1698232896.748042) can0 52A#2C00000006001B00 0
(1698232896.748043) can0 5B0#4D7E0300 0
(1698232896.749260) can0 340#1300000460008811 0
(1698232896.751872) can0 371#001E0000931F0010 0
(1698232896.752855) can0 251#E602CB390024E77B 0
(1698232896.752856) can0 2B0#E2FE00071B 0
(1698232896.752857) can0 372#2700250050000000 0
(1698232896.752858) can0 470#0544405155601400 0
(1698232896.753894) can0 153#208010FF00FFA04E 0
(1698232896.753896) can0 160#00E9FF0A0000001C 0
(1698232896.753897) can0 164#00080800 0
(1698232896.753898) can0 130#367A457C000003AB 0
(1698232896.753900) can0 140#D67F0063200003C5 0
(1698232896.754915) can0 220#8CE37E0000180D4B 0
(1698232896.754917) can0 394#F7430000F7231781 0
(1698232896.754918) can0 47F#200000000000 0
(1698232896.754918) can0 507#00000001 0
(1698232896.755907) can0 541#0304418080080005 0
(1698232896.757806) can0 386#F884DC04ED04D604 0
(1698232896.758823) can0 387#3FDBEE0B00180500 0
(1698232896.758825) can0 340#1300000470009811 0
(1698232896.761814) can0 381#8020390000E6C405 0
(1698232896.762833) can0 251#E702CC4B0024F77B 0
(1698232896.762835) can0 2B0#E2FE00076C 0
(1698232896.762836) can0 371#001E000093200010 0
(1698232896.762837) can0 372#2700250090000000 0
(1698232896.763832) can0 153#208010FF00FFB05E 0
(1698232896.763834) can0 160#00E7FF0A00000012 0
(1698232896.763835) can0 164#00080A02 0
(1698232896.763836) can0 130#387A2F7C00000404 0
(1698232896.764834) can0 140#FD7F0063200004CC 0
(1698232896.764836) can0 220#89837F00001A0D5B 0
(1698232896.764837) can0 54B#0010000000870100 0
(1698232896.765916) can0 4F1#60366610 0
(1698232896.766918) can0 389#0000000000000000 0
(1698232896.766920) can0 38D#0000080000000008 0
(1698232896.766921) can0 420#601418C8FC4F6A00 0
(1698232896.766922) can0 421#000000FFE37F0038 0
(1698232896.767926) can0 340#130000048000A811 0
(1698232896.771859) can0 371#001E000093210010 0
(1698232896.772858) can0 251#E602CD3B0024E77B 0
(1698232896.772860) can0 2B0#E0FE00075D 0
(1698232896.772861) can0 372#27002500A2000000 0
(1698232896.772862) can0 470#1544405555641400 0
(1698232896.773879) can0 153#208010FF00FFC06E 0
(1698232896.773881) can0 160#00EAFF0A0000001F 0
(1698232896.773882) can0 164#00080C04 0
(1698232896.773883) can0 130#387A527C00000501 0
(1698232896.774891) can0 140#3A80006320000529 0
(1698232896.774893) can0 220#86E37F00001B0D69 0
(1698232896.774894) can0 394#FF630000FF231581 0
(1698232896.774895) can0 47F#200000000000 0
(1698232896.774895) can0 490#00000820000000 0
(1698232896.777489) can0 340#130000049000B811 0
(1698232896.778496) can0 386#F5C4DE04EF44DC44 0
(1698232896.778498) can0 387#49E4F714003E0600 0
(1698232896.778499) can0 5E3#0000000000000000 0
(1698232896.782036) can0 381#8030390000E7D505 0
(1698232896.783013) can0 251#E902CE620026077C 0
(1698232896.783014) can0 2B0#E2FE00074E 0
(1698232896.783016) can0 371#001E000013220010 0
(1698232896.783017) can0 153#208010FF00FFD07E 0
(1698232896.784029) can0 160#00E9FF0A0000001C 0
(1698232896.784031) can0 164#00080E06 0
(1698232896.784032) can0 220#8AC38000001B0D7C 0
(1698232896.784033) can0 130#387A6E7C000006CB 0
(1698232896.784891) can0 140#5780006320000659 0
(1698232896.784894) can0 372#27002500A4000000 0
(1698232896.784895) can0 436#00000000 0
(1698232896.784896) can0 595#00002100ED0E0000 0
(1698232896.785895) can0 53E#000000002000 0
(1698232896.786942) can0 389#0000000000000000 0
(1698232896.786944) can0 38D#00000800000000F9 0
(1698232896.786945) can0 420#701418C8FC4F6A00 0
(1698232896.786945) can0 421#000000FFE37F0029 0
(1698232896.786946) can0 4F1#60366620 0
(1698232896.788657) can0 340#13000004A000C811 0
(1698232896.789629) can0 485#00000000 0
(1698232896.791855) can0 371#001E000093220010 0
(1698232896.792915) can0 251#EA02CF440027E77B 0
(1698232896.792917) can0 2B0#E2FE00075F 0
(1698232896.792918) can0 372#27002500B8000000 0
(1698232896.792919) can0 470#1544405555681400 0
(1698232896.793936) can0 153#208010FF00FFE08E 0
(1698232896.793938) can0 160#00E9FF0A0000001C 0
(1698232896.793939) can0 164#00081018 0
(1698232896.793940) can0 130#3C7A637C00000717 0
(1698232896.793941) can0 140#6C800063200007A7 0
(1698232896.794935) can0 220#8E438100001B0D83 0
(1698232896.794937) can0 394#0A8400000A241981 0
(1698232896.794938) can0 47F#200000000000 0
(1698232896.794939) can0 596#000000008E00FE64 0
(1698232896.797740) can0 386#F304DF44F544D944 0
(1698232896.798812) can0 387#53EE021E00680700 0
(1698232896.799790) can0 340#13000004B000D811 0
(1698232896.801907) can0 381#8020390000E8C605 0
(1698232896.802933) can0 251#E502D00C0023B77B 0
(1698232896.802934) can0 2B0#E0FE000780 0
(1698232896.802936) can0 592#40EF010000028348 0
(1698232896.802937) can0 153#208010FF00FF00AE 0
(1698232896.803931) can0 160#00E9FF0A0000001C 0
(1698232896.803933) can0 164#0008121A 0
(1698232896.803934) can0 220#8D838100001D0D92 0
(1698232896.803935) can0 130#367A4B7C00000872 0
(1698232896.803936) can0 140#9B8000632000083B 0
(1698232896.804937) can0 371#001E000013230010 0
(1698232896.804939) can0 372#27002500D8000000 0
(1698232896.806054) can0 389#0000000000000000 0
(1698232896.807041) can0 38D#00000800000000EA 0
(1698232896.807042) can0 420#801418C8FC4F6A00 0
(1698232896.807043) can0 421#000000FFE37F001A 0
(1698232896.807044) can0 4F1#40366630 0
(1698232896.808042) can0 340#13000004C000E811 0
(1698232896.808044) can0 50A#0A10000000000000 0
(1698232896.811854) can0 371#001E000013230010 0
(1698232896.812866) can0 251#DF02D1D3001F877B 0
(1698232896.812868) can0 2B0#E0FE000791 0
(1698232896.812869) can0 372#27002500D8000000 0
(1698232896.812870) can0 470#14444005406C1400 0
(1698232896.813890) can0 153#208010FF00FF10BE 0
(1698232896.813891) can0 160#00EAFF0A0000001F 0
(1698232896.813893) can0 164#0008141C 0
(1698232896.813893) can0 130#2C7A297C00000934 0
(1698232896.813895) can0 140#98800063200009C1 0
(1698232896.814914) can0 220#8A438200001A0DAF 0
(1698232896.814916) can0 394#12A4000012241581 0
(1698232896.814917) can0 47F#200000000000 0
(1698232896.817827) can0 386#F944DE44F5C4D404 0
(1698232896.818807) can0 387#5CF80C2800900800 0
(1698232896.818809) can0 340#13000004D000F811 0
(1698232896.821995) can0 371#001E000013230010 0
(1698232896.822983) can0 251#DB02D2CC001B877B 0
(1698232896.822985) can0 2B0#E2FE000782 0
(1698232896.822986) can0 372#27002500DC000000 0
(1698232896.822987) can0 153#208010FF00FF20CE 0
(1698232896.823981) can0 160#00EBFF0A0000001E 0
(1698232896.823982) can0 164#0008161E 0
(1698232896.823983) can0 220#8543820000150DB5 0
(1698232896.823984) can0 130#327A387C00000A2F 0
(1698232896.823985) can0 140#8080006320000A8D 0
(1698232896.825021) can0 381#80D8380000E97E05 0
(1698232896.825023) can0 490#00000820000000 0
(1698232896.825024) can0 495#00000D10F5B02EA7 0
(1698232896.826036) can0 4F1#60366640 0
(1698232896.827038) can0 389#0000000000000000 0
(1698232896.827040) can0 38D#00000800000000DB 0
(1698232896.827041) can0 420#901418C8FC4F6A00 0
(1698232896.827042) can0 421#000000FFE37F000B 0
(1698232896.828056) can0 340#13000004E0000811 0
(1698232896.831837) can0 2B0#E2FE000793 0
(1698232896.832834) can0 251#DD02D3D1001D877B 0
(1698232896.832836) can0 371#001E000013230010 0
(1698232896.832837) can0 372#27002500DC000000 0
(1698232896.832838) can0 412#0000000000000000 0
(1698232896.833770) can0 153#208010FF00FF30DE 0
(1698232896.833771) can0 160#00E9FF0A0000001C 0
(1698232896.833772) can0 164#00081810 0
(1698232896.833773) can0 130#387A427C00000B49 0
(1698232896.834780) can0 140#6180006320000BDD 0
(1698232896.834781) can0 220#87E3810000180DC9 0
(1698232896.834782) can0 394#0FC400000F241B81 0
(1698232896.834784) can0 436#00000000 0
(1698232896.834786) can0 47F#200000000000 0
(1698232896.835802) can0 470#1100005555700000 0
(1698232896.835804) can0 500#01 0
(1698232896.835805) can0 4C9#0000000001000000 0
(1698232896.835807) can0 520#0000000000000000 0
(1698232896.836778) can0 5C1#5F230A1063010009 0
(1698232896.836780) can0 5FF#600000C800C80000 0
(1698232896.837799) can0 386#F984E144F344D804 0
(1698232896.838800) can0 340#13000004F0001811 0
(1698232896.838801) can0 387#6603163100B90900 0
(1698232896.838803) can0 485#00000000 0
(1698232896.841819) can0 371#001E000013230010 0
(1698232896.842820) can0 251#DB02D48E001B477B 0
(1698232896.842822) can0 2B0#E0FE0007C4 0
(1698232896.842823) can0 372#27002500DA000000 0
(1698232896.842824) can0 381#80E0380000EA8705 0
(1698232896.843840) can0 153#208010FF00FF40EE 0
(1698232896.843842) can0 160#00E9FF0A0000001C 0
(1698232896.843843) can0 164#00081A12 0
(1698232896.843844) can0 130#2C7A147C00000CDA 0
(1698232896.843846) can0 140#3E80006320000CB5 0
(1698232896.844839) can0 220#88638100001B0DDD 0
(1698232896.844841) can0 410#E012211880020020 0
(1698232896.844842) can0 50B#0000970000000000 0
(1698232896.845982) can0 389#0000000000000000 0
(1698232896.847007) can0 38D#00000800000000CC 0
(1698232896.847009) can0 420#A01418C8FC4F6A00 0
(1698232896.847010) can0 421#000000FFE37F00FC 0
(1698232896.847012) can0 4F1#40366650 0
(1698232896.848006) can0 50C#0000000008000010 0
(1698232896.850023) can0 340#1300000400002811 0
(1698232896.851826) can0 2B0#E0FE0007D5 0
(1698232896.852830) can0 251#D602D5760017377B 0
(1698232896.852832) can0 371#001E000093230010 0
(1698232896.852833) can0 372#27002500DA000000 0
(1698232896.852834) can0 153#208010FF00FF50FE 0
(1698232896.853850) can0 160#00EAFF0A0000001F 0
(1698232896.853851) can0 164#00081C14 0
(1698232896.853852) can0 220#83C3800000150DE1 0
(1698232896.853853) can0 130#267A1F7C00000D66 0
(1698232896.854894) can0 140#2B80006320000D25 0
(1698232896.854896) can0 394#06E4000006241B81 0
(1698232896.854898) can0 470#0544405155B41400 0
(1698232896.854899) can0 47F#200000000000 0
(1698232896.854900) can0 507#00000001 0
(1698232896.855913) can0 50E#0000002000000000 0
(1698232896.855915) can0 541#0304418080080005 0
(1698232896.855916) can0 553#0001000201008000 0
(1698232896.856862) can0 593#441118181617 0
(1698232896.857900) can0 340#1300000410003811 0
(1698232896.857902) can0 386#F9C4E044F344DA04 0
(1698232896.858946) can0 387#700C203B00E10A00 0
(1698232896.861862) can0 371#001E000093230010 0
(1698232896.862872) can0 251#D602D6870017477B 0
(1698232896.862874) can0 2B0#E2FE0007C6 0
(1698232896.862875) can0 372#27002500CC000000 0
(1698232896.862876) can0 381#80B8380000EB6005 0
(1698232896.863874) can0 153#208010FF00FF600E 0
(1698232896.863876) can0 160#00E9FF0A0000001C 0
(1698232896.863877) can0 164#00081E16 0
(1698232896.863878) can0 130#2C7A3F7C00000EE8 0
(1698232896.863879) can0 140#5980006320000EB0 0
(1698232896.864876) can0 220#8483800000120DFF 0
(1698232896.864878) can0 54B#0010000000870100 0
(1698232896.864879) can0 559#0000000000000000 0
(1698232896.865974) can0 4F1#40366660 0
(1698232896.866974) can0 389#0000000000000000 0
(1698232896.866976) can0 38D#00000800000000BD 0
(1698232896.866977) can0 420#B01418C8FC4F6A00 0
(1698232896.866978) can0 421#000000FFE37F00ED 0
(1698232896.867949) can0 340#1300000420004811 0
(1698232896.871930) can0 371#001E000093230010 0
(1698232896.872902) can0 251#DA02D7CF001A877B 0
(1698232896.872903) can0 2B0#E2FE0007D7 0
(1698232896.872904) can0 372#27002500C4000000 0
(1698232896.872905) can0 153#208010FF00FF701E 0
(1698232896.873951) can0 160#00E9FF0A0000001C 0
(1698232896.873952) can0 164#00080008 0
(1698232896.873953) can0 220#8843810000150D07 0
(1698232896.873954) can0 130#2E7A487C00000FF4 0
(1698232896.873955) can0 140#9E80006320000F5C 0
(1698232896.874925) can0 394#0A0400000A241181 0
(1698232896.874927) can0 470#1544405555B81400 0
(1698232896.874929) can0 47F#200000000000 0
(1698232896.874930) can0 490#00000820000000 0
(1698232896.875953) can0 544#0000000000000000 0
(1698232896.877811) can0 386#F604DD84EF44D944 0
(1698232896.878806) can0 387#7A162A45000A0B00 0
(1698232896.879833) can0 340#1300000430005811 0
(1698232896.881930) can0 381#80D8380000EC8105 0
(1698232896.882936) can0 251#DB02D892001B477B 0
(1698232896.882938) can0 2B0#E2FE000728 0
(1698232896.882940) can0 371#001E000093230010 0
(1698232896.882940) can0 153#208010FF00FF802E 0
(1698232896.883953) can0 160#00E7FF0A00000012 0
(1698232896.883956) can0 164#0008020A 0
(1698232896.883957) can0 220#8963820000160D18 0
(1698232896.883958) can0 130#207A3C7C0000004B 0
(1698232896.883959) can0 140#62800063200000F5 0
(1698232896.884919) can0 372#27002500BC000000 0
(1698232896.884921) can0 436#00000000 0
(1698232896.884922) can0 595#00007100ED0E0000 0
(1698232896.885962) can0 4F1#60366670 0
(1698232896.886976) can0 389#0000000000000000 0
(1698232896.886978) can0 38D#00000800000000AE 0
(1698232896.886979) can0 420#C01418C8FC4F6A00 0
(1698232896.886980) can0 421#000000FFE37F00DE 0
(1698232896.887973) can0 340#1300000440006811 0
(1698232896.887975) can0 485#00000000 0
(1698232896.889011) can0 53E#000000002000 0
(1698232896.891853) can0 371#001E000093230010 0
(1698232896.892852) can0 251#D302D9340015F77A 0
(1698232896.892854) can0 2B0#E0FE000719 0
(1698232896.892855) can0 372#27002500C4000000 0
(1698232896.892856) can0 470#1544405555FC1400 0
(1698232896.893872) can0 153#208010FF00FF903E 0
(1698232896.893874) can0 160#00E9FF0A0000001C 0
(1698232896.893875) can0 164#0008040C 0
(1698232896.893876) can0 130#147A147C0000015F 0
(1698232896.894868) can0 140#EE7F0063200001FB 0
(1698232896.894871) can0 220#88638100000F0D21 0
(1698232896.894872) can0 394#0B2400000B241D81 0
(1698232896.894873) can0 47F#200000000000 0
(1698232896.894874) can0 596#000000008E00FE64 0
(1698232896.897804) can0 386#F744DB84F644DA44 0
(1698232896.898825) can0 387#8420334E00310C00 0
(1698232896.899833) can0 340#1300000450007811 0
(1698232896.901978) can0 381#8098380000ED4205 0
(1698232896.902989) can0 251#D102DA210013E77A 0
(1698232896.902990) can0 2B0#E0FE00072A 0
(1698232896.902991) can0 592#40EF020000028388 0
(1698232896.902992) can0 153#208010FF00FFA04E 0
(1698232896.903998) can0 160#00E7FF0A00000012 0
(1698232896.903999) can0 164#0008060E 0
(1698232896.904000) can0 220#83E37F0000090D32 0
(1698232896.904001) can0 130#127A567C000002E0 0
(1698232896.904002) can0 140#E47F0063200002B4 0
(1698232896.904980) can0 371#001E000093230010 0
(1698232896.904981) can0 372#27002500AE000000 0
(1698232896.906028) can0 4F1#60366680 0
(1698232896.907013) can0 389#0000000000000000 0
(1698232896.907015) can0 38D#0000080000000080 0
(1698232896.907016) can0 420#D01418C8FC4F6A00 0
(1698232896.907017) can0 421#000000FFE37F00B0 0
(1698232896.908037) can0 340#1300000460008811 0
(1698232896.911875) can0 371#001E000093230010 0
(1698232896.912833) can0 251#D002DB410012077B 0
(1698232896.912835) can0 2B0#E2FE00071B 0
(1698232896.912836) can0 372#27002500AE000000 0
(1698232896.912837) can0 470#1444401540001400 0
(1698232896.913855) can0 153#208010FF00FFB05E 0
(1698232896.913856) can0 160#00E9FF0A0000001C 0
(1698232896.913857) can0 164#00080800 0
(1698232896.913858) can0 130#0E7AA27C000003D9 0
(1698232896.914892) can0 140#3E8000632000030E 0
(1698232896.914893) can0 220#8BC37F0000080D4B 0
(1698232896.914895) can0 394#FE430000FE231981 0
(1698232896.914896) can0 47F#200000000000 0
(1698232896.917641) can0 340#1300000470009811 0
(1698232896.918639) can0 386#FA84DA84EEC4DC04 0
(1698232896.918641) can0 387#8E293D5800590D00 0
(1698232896.921866) can0 381#80E0380000EE8B05 0
(1698232896.922892) can0 251#DC02DCD8001C877B 0
(1698232896.922894) can0 2B0#E2FE00076C 0
(1698232896.922895) can0 371#001E000093230010 0
(1698232896.922896) can0 372#27002500B8000000 0
(1698232896.923915) can0 153#208010FF00FFC06E 0
(1698232896.923917) can0 160#00E9FF0A0000001C 0
(1698232896.923918) can0 164#00080A02 0
(1698232896.923919) can0 130#147A887C00000439 0
(1698232896.923920) can0 140#74800063200004EB 0
(1698232896.924877) can0 220#95C3800000060D52 0
(1698232896.924879) can0 490#00000820000000 0
(1698232896.924880) can0 495#00000D10F5B02EA7 0
(1698232896.925932) can0 4F1#40366690 0
(1698232896.926896) can0 389#0000000000000000 0
(1698232896.926898) can0 38D#0000080000000071 0
(1698232896.926899) can0 420#E01418C8FC4F6A00 0
(1698232896.926900) can0 421#000000FFE37F00A1 0
(1698232896.927895) can0 340#130000048000A811 0
(1698232896.931932) can0 371#001E000093230010 0
(1698232896.932951) can0 251#E102DDC20020677B 0
(1698232896.932953) can0 2B0#E0FE00075D 0
(1698232896.932955) can0 372#27002500A4000000 0
(1698232896.932956) can0 153#208010FF00FFD07E 0
(1698232896.934057) can0 160#00E9FF0A0000001C 0
(1698232896.934059) can0 164#00080C04 0
(1698232896.934060) can0 220#91A3810000090D62 0
(1698232896.934061) can0 130#147A8C7C00000591 0
(1698232896.934062) can0 140#3080006320000541 0
(1698232896.934976) can0 394#0D6400000D241581 0
(1698232896.934978) can0 436#00000000 0
(1698232896.934979) can0 47F#200000000000 0
(1698232896.934980) can0 470#1100005555040000 0
(1698232896.934981) can0 500#01 0
(1698232896.935970) can0 520#0000000000000000 0
(1698232896.935972) can0 5C1#5F230A1063010009 0
(1698232896.935973) can0 5FF#600000C800C80000 0
(1698232896.937915) can0 386#F4C4DC84F6C4DB04 0
(1698232896.938906) can0 387#9833476200820E00 0
(1698232896.938908) can0 340#130000049000B811 0
(1698232896.938909) can0 485#00000000 0
(1698232896.942111) can0 371#001E000093230010 0
(1698232896.942999) can0 251#DF02DE9F001E477B 0
(1698232896.943001) can0 2B0#E0FE00076E 0
(1698232896.943002) can0 372#27002500A0000000 0
(1698232896.943003) can0 381#80F8380000EFA405 0
(1698232896.944007) can0 153#208010FF00FFE08E 0
(1698232896.944008) can0 160#00EAFF0A0000001F 0
(1698232896.944009) can0 164#00080E06 0
(1698232896.944010) can0 130#0E7A797C0000062B 0
(1698232896.944011) can0 140#F27F0063200006AA 0
(1698232896.944896) can0 220#92A3800000090D72 0
(1698232896.944898) can0 50B#0000970000000000 0
(1698232896.946052) can0 4F1#403666A0 0
(1698232896.947034) can0 389#0000000000000000 0
(1698232896.947036) can0 38D#0000080000000062 0
(1698232896.947037) can0 420#F01418C8FC4F6A00 0
(1698232896.947038) can0 421#000000FFE37F0092 0
(1698232896.947916) can0 50C#0000000008000020 0
(1698232896.947917) can0 52A#2C00000006001B00 0
(1698232896.949549) can0 340#13000004A000C811 0
(1698232896.952115) can0 2B0#E2FE00075F 0
(1698232896.952874) can0 251#D302DFFA0015B77A 0
(1698232896.952876) can0 371#001E000093230010 0
(1698232896.952877) can0 372#27002500A0000000 0
(1698232896.952878) can0 153#208010FF00FF00AE 0
(1698232896.953953) can0 160#00E7FF0A00000012 0
(1698232896.953955) can0 164#00081018 0
(1698232896.953956) can0 220#8FE37F0000060D8D 0
(1698232896.953957) can0 130#0A7A4D7C000007C5 0
(1698232896.954935) can0 140#E77F00632000073A 0
(1698232896.954937) can0 394#FF830000FF231381 0
(1698232896.954939) can0 470#0544405155481400 0
(1698232896.954940) can0 47F#200000000000 0
(1698232896.954941) can0 507#00000001 0
(1698232896.955932) can0 541#0304418080080005 0
(1698232896.957459) can0 340#13000004B000D811 0
(1698232896.958390) can0 386#F404E0C4F404D8C4 0
(1698232896.958391) can0 387#A23D516B009B0000 0
(1698232896.962009) can0 381#8078380000F02505 0
(1698232896.963009) can0 251#CC02E00E000FD77A 0
(1698232896.963011) can0 2B0#E2FE0007A0 0
(1698232896.963012) can0 371#001E000093230010 0
(1698232896.963013) can0 372#270025009E000000 0
(1698232896.964027) can0 153#208010FF00FF10BE 0
(1698232896.964029) can0 160#00E7FF0A00000012 0
(1698232896.964030) can0 164#0008121A 0
(1698232896.964031) can0 130#027A6E7C000008D3 0
(1698232896.964032) can0 140#F47F0063200008DF 0
(1698232896.964897) can0 220#8AC37F0000040D94 0
(1698232896.964898) can0 54B#0010000000870100 0
(1698232896.965916) can0 4F1#603666B0 0
(1698232896.966940) can0 389#0000000000000000 0
(1698232896.966941) can0 38D#0000080000000053 0
(1698232896.966942) can0 420#001418C8FC4F6A00 0
(1698232896.966943) can0 421#000000FFE37F0083 0
(1698232896.967934) can0 340#13000004C000E811 0
(1698232896.971887) can0 371#001E000093230010 0
(1698232896.972934) can0 251#D102E1380013F77A 0
(1698232896.972936) can0 2B0#E0FE000791 0
(1698232896.972937) can0 372#2700250096000000 0
(1698232896.972938) can0 153#208010FF00FF20CE 0
(1698232896.973924) can0 160#00E9FF0A0000001C 0
(1698232896.973926) can0 164#0008141C 0
(1698232896.973927) can0 220#8EE37F0000000DA4 0
(1698232896.973928) can0 394#FFA30000FF231181 0
(1698232896.974930) can0 130#007A877C00000914 0
(1698232896.974931) can0 140#14800063200009DB 0
(1698232896.974933) can0 470#15444055558C1400 0
(1698232896.974935) can0 47F#200000000000 0
(1698232896.974935) can0 490#00000820000000 0
(1698232896.977811) can0 386#F644DEC4F1C4DA04 0
(1698232896.978825) can0 387#AC465B7500C30100 0
(1698232896.978827) can0 340#13000004D000F811 0
(1698232896.981948) can0 381#8098380000F14605 0
(1698232896.982954) can0 251#D102E23A0014F77A 0
(1698232896.982956) can0 2B0#E0FE0007A2 0
(1698232896.982957) can0 371#001E000013240010 0
(1698232896.982958) can0 153#208010FF00FF30DE 0
(1698232896.983937) can0 160#00E7FF0A00000012 0
(1698232896.983939) can0 164#0008161E 0
(1698232896.983940) can0 220#9123800000FF0CB6 0
(1698232896.983941) can0 372#2700250092000000 0
(1698232896.983942) can0 130#0A7A7A7C00000A60 0
(1698232896.984963) can0 140#0E80006320000A2D 0
(1698232896.984964) can0 436#00000000 0
(1698232896.984965) can0 595#0000B800E40E0000 0
(1698232896.985996) can0 4F1#403666C0 0
(1698232896.986958) can0 389#0000000000000000 0
(1698232896.986960) can0 38D#0000080000000044 0
(1698232896.986961) can0 420#101418C8FC4F6A00 0
(1698232896.986962) can0 421#000000FFE37F0074 0
(1698232896.987995) can0 340#13000004E0000811 0
(1698232896.987997) can0 485#00000000 0
(1698232896.991780) can0 371#001E000093240010 0
(1698232896.992767) can0 251#D602E3650018177B 0
(1698232896.992768) can0 2B0#E0FE0007B3 0
(1698232896.992769) can0 372#270025008C000000 0
(1698232896.992770) can0 470#1544405555501400 0
(1698232896.993793) can0 153#208010FF00FF40EE 0
(1698232896.993795) can0 160#00E9FF0A0000001C 0
(1698232896.993796) can0 164#00081810 0
(1698232896.993797) can0 220#9003800000040DCD 0
(1698232896.993798) can0 130#0C7A667C00000B82 0
(1698232896.994786) can0 140#E97F006320000BA7 0
(1698232896.994787) can0 394#00C4000000241981 0
(1698232896.994788) can0 47F#200000000000 0
(1698232896.994789) can0 53E#000000002000 0
(1698232896.995812) can0 596#000000008E00FE64 0
(1698232896.997707) can0 386#F984DDC4F284DB04 0
(1698232896.998727) can0 387#B550657F00EB0200 0
(1698232896.999725) can0 340#13000004F0001811 0
(1698232897.001855) can0 381#8098380000F24705 0
(1698232897.002873) can0 251#D002E40A0013C77A 0
(1698232897.002875) can0 2B0#E0FE0007C4 0
(1698232897.002875) can0 592#40EF0400000282C8 0
(1698232897.002877) can0 153#208010FF00FF50FE 0
(1698232897.003872) can0 160#00EAFF0A0000001F 0
(1698232897.003873) can0 164#00081A12 0
(1698232897.003874) can0 220#8DE37F0000050DD8 0
(1698232897.003875) can0 371#001E000093250010 0
(1698232897.003876) can0 130#047A697C00000C7F 0
(1698232897.004900) can0 140#D67F006320000C7E 0
(1698232897.004901) can0 372#270025008C000000 0
(1698232897.005890) can0 4F1#603666D0 0
(1698232897.006891) can0 389#0000000000000000 0
(1698232897.006892) can0 38D#0000080000000035 0
(1698232897.006893) can0 420#201418C8FC4F6A00 0
(1698232897.006894) can0 421#000000FFE37F0065 0
(1698232897.006895) can0 4A2#0100 0
(1698232897.007910) can0 50A#0A10000000000000 0
(1698232897.008913) can0 340#1300000400002811 0
(1698232897.011808) can0 2B0#DEFE000705 0
(1698232897.012808) can0 251#D102E51C0013D77A 0
(1698232897.012809) can0 371#001E000013260010 0
(1698232897.012810) can0 372#270025008E000000 0
(1698232897.012811) can0 153#208010FF00FF600E 0
(1698232897.013828) can0 160#00E9FF0A0000001C 0
(1698232897.013830) can0 164#00081C14 0
(1698232897.013830) can0 220#8D837F0000010DE4 0
(1698232897.013831) can0 130#087A8F7C00000DC5 0
(1698232897.014832) can0 140#E77F006320000DE8 0
(1698232897.014833) can0 394#FCE30000FC231381 0
(1698232897.014834) can0 470#1444401540141400 0
(1698232897.014835) can0 47F#200000000000 0
(1698232897.016810) can0 340#1300000410003811 0
(1698232897.017810) can0 386#FBC4DEC4F484DA04 0
(1698232897.018829) can0 387#BF5A6F8800130300 0
(1698232897.022028) can0 371#001E000093260010 0
(1698232897.022855) can0 251#C902E68F000D577A 0
(1698232897.022857) can0 2B0#DCFE010706 0
(1698232897.022858) can0 372#2700250094000000 0
(1698232897.022859) can0 381#8070380000F32005 0
(1698232897.023896) can0 153#208010FF00FF701E 0
(1698232897.023897) can0 160#00EBFF0A0000001E 0
(1698232897.023898) can0 164#00081E16 0
(1698232897.023899) can0 130#0A7A8C7C00000EE6 0
(1698232897.023900) can0 140#0F80006320000E04 0
(1698232897.024941) can0 220#92C37F0000030DFD 0
(1698232897.024942) can0 490#00000820000000 0
(1698232897.024944) can0 495#00000D10F5B02EA7 0
(1698232897.025954) can0 4F1#603666E0 0
(1698232897.026955) can0 389#0000000000000000 0
(1698232897.026957) can0 38D#0000080000000026 0
(1698232897.026958) can0 420#301418C8FC4F6A00 0
(1698232897.026959) can0 421#000000FFE37F0056 0
(1698232897.028015) can0 340#1300000420004811 0
(1698232897.031868) can0 2B0#DDFE000717 0
(1698232897.032873) can0 251#C402E7B70009877A 0
(1698232897.032875) can0 371#001E000013270010 0
(1698232897.032877) can0 372#2700250092000000 0
(1698232897.032879) can0 153#208010FF00FF802E 0
(1698232897.033799) can0 160#00E9FF0A0000001C 0
(1698232897.033801) can0 164#00080008 0
(1698232897.033802) can0 220#9203800000040D0F 0
(1698232897.033804) can0 394#0004000000241581 0
(1698232897.034802) can0 130#007A607C00000F2C 0
(1698232897.034804) can0 140#2580006320000F1E 0
(1698232897.034805) can0 412#0000000000000000 0
(1698232897.034806) can0 47F#200000000000 0
(1698232897.034808) can0 436#00000000 0
(1698232897.035845) can0 500#01 0
(1698232897.035847) can0 470#1100005555180000 0
(1698232897.035848) can0 4C9#0000000001000000 0
(1698232897.035850) can0 520#0000000000000000 0
(1698232897.036815) can0 5C1#5F230A1063010009 0
(1698232897.036817) can0 5FF#600000C800C80000 0
(1698232897.037819) can0 386#FB04DF04F844DA44 0
(1698232897.038840) can0 387#C9637892003A0400 0
(1698232897.038842) can0 340#1300000430005811 0
(1698232897.038843) can0 485#00000000 0
(1698232897.041802) can0 371#001E000093270010 0
(1698232897.042821) can0 251#CA02E8F3000EB77A 0
(1698232897.042823) can0 2B0#DCFE0107E8 0
(1698232897.042825) can0 372#2700250090000000 0
(1698232897.042827) can0 381#8070380000F42105 0
(1698232897.043841) can0 153#208010FF00FF903E 0
(1698232897.043843) can0 160#00E8FF0A0000001D 0
(1698232897.043845) can0 164#0008020A 0
(1698232897.043846) can0 130#FC79597C0000007D 0
(1698232897.043847) can0 140#1D800063200000A1 0
(1698232897.044840) can0 220#8C63800000FF0C13 0
(1698232897.044841) can0 410#E012211880020020 0
(1698232897.044843) can0 50B#0000970000000000 0
(1698232897.045861) can0 4F1#403666F0 0
(1698232897.046862) can0 389#0000000000000000 0
(1698232897.046864) can0 38D#0000080000000017 0
(1698232897.046865) can0 420#401418C8FC4F6A00 0
(1698232897.046867) can0 421#000000FFE37F0047 0
(1698232897.047860) can0 50C#0000000008000030 0
(1698232897.048921) can0 340#1300000440006811 0
(1698232897.051814) can0 371#001E000093270010 0
(1698232897.052791) can0 251#CB02E9D6000F977A 0
(1698232897.052793) can0 2B0#DAFE0207A9 0
(1698232897.052794) can0 372#2700250084000000 0
(1698232897.052795) can0 470#05444051559C1400 0
(1698232897.053851) can0 153#208010FF00FFA04E 0
(1698232897.053852) can0 160#00E7FF0A00000012 0
(1698232897.053853) can0 164#0008040C 0
(1698232897.053854) can0 130#047A567C000001AD 0
(1698232897.054872) can0 140#0380006320000104 0
(1698232897.054874) can0 220#8B43800000FD0C2E 0
(1698232897.054876) can0 394#0224000002241F81 0
(1698232897.054877) can0 47F#200000000000 0
(1698232897.054878) can0 507#00000001 0
(1698232897.055871) can0 50E#0000002000000000 0
(1698232897.055873) can0 541#0304418080080005 0
(1698232897.055874) can0 553#0001000201008000 0
(1698232897.056833) can0 593#441118181617 0
(1698232897.057892) can0 340#1300000450007811 0
(1698232897.057894) can0 386#FA44E204F7C4DC04 0
(1698232897.058893) can0 387#D36D829C00630500 0
(1698232897.061901) can0 381#8088380000F53A05 0
(1698232897.062893) can0 251#CE02EA0C0011C77A 0
(1698232897.062894) can0 2B0#DAFE0107AA 0
(1698232897.062895) can0 371#001E000093270010 0
(1698232897.062897) can0 372#2700250092000000 0
(1698232897.063932) can0 153#208010FF00FFB05E 0
(1698232897.063934) can0 160#00EAFF0A0000001F 0
(1698232897.063935) can0 130#0E7A5B7C0000024A 0
(1698232897.063936) can0 140#0A800063200002AC 0
(1698232897.063937) can0 164#0008060E 0
(1698232897.064945) can0 220#8BE37F0000010D32 0
(1698232897.064946) can0 54B#0010000000870100 0
(1698232897.064947) can0 559#0000000000000000 0
(1698232897.066089) can0 4F1#40366600 0
(1698232897.066939) can0 389#0000000000000000 0
(1698232897.066941) can0 38D#0000080000000008 0
(1698232897.066942) can0 420#501418C8FC4F6A00 0
(1698232897.066943) can0 421#000000FFE37F0038 0
(1698232897.068231) can0 340#1300000460008811 0
(1698232897.072070) can0 2B0#D8FE01079B 0
(1698232897.072959) can0 251#CA02EBA6000E677A 0
(1698232897.072960) can0 371#001E000093270010 0
(1698232897.072962) can0 372#270025009A000000 0
(1698232897.072963) can0 153#208010FF00FFC06E 0
(1698232897.073894) can0 160#00E9FF0A0000001C 0
(1698232897.073896) can0 164#00080800 0
(1698232897.073897) can0 220#8C03800000060D4B 0
(1698232897.073898) can0 130#0A7A5E7C000003E1 0
(1698232897.074897) can0 140#32800063200003B5 0
(1698232897.074899) can0 394#0044000000241181 0
(1698232897.074900) can0 470#1544405555601400 0
(1698232897.074901) can0 47F#200000000000 0
(1698232897.074902) can0 490#00000820000000 0
(1698232897.075913) can0 544#0000000000000000 0
(1698232897.077830) can0 386#F884E204EFC4DD04 0
(1698232897.078829) can0 340#1300000470009811 0
(1698232897.078830) can0 387#DD778CA5008B0600 0
(1698232897.081935) can0 381#8058380000F60B05 0
(1698232897.082977) can0 251#C602ECA0000B677A 0
(1698232897.082979) can0 2B0#D7FE02072C 0
(1698232897.082980) can0 371#001E000013280010 0
(1698232897.082981) can0 153#208010FF00FFD07E 0
(1698232897.083999) can0 160#00E7FF0A00000012 0
(1698232897.084001) can0 164#00080A02 0
(1698232897.084002) can0 130#0A7A437C000004F4 0
(1698232897.084003) can0 140#51800063200004B0 0
(1698232897.084005) can0 220#8CA3800000040D59 0
(1698232897.084964) can0 372#2700250092000000 0
(1698232897.084966) can0 436#00000000 0
(1698232897.084967) can0 595#00009200E70E0000 0
(1698232897.085997) can0 4F1#60366610 0
(1698232897.086979) can0 389#0000000000000000 0
(1698232897.086981) can0 38D#00000800000000F9 0
(1698232897.086982) can0 420#601418C8FC4F6A00 0
(1698232897.086983) can0 421#000000FFE37F0029 0
(1698232897.087982) can0 340#130000048000A811 0
(1698232897.087983) can0 485#00000000 0
(1698232897.091825) can0 371#001E000093280010 0
(1698232897.092850) can0 251#CA02EDE8000EA77A 0
(1698232897.092852) can0 2B0#D7FE01070D 0
(1698232897.092853) can0 372#2700250096000000 0
(1698232897.092854) can0 470#1544405555641400 0
(1698232897.093870) can0 153#208010FF00FFE08E 0
(1698232897.093872) can0 160#00E9FF0A0000001C 0
(1698232897.093873) can0 164#00080C04 0
(1698232897.093874) can0 130#0C7A5B7C000005A3 0
(1698232897.093875) can0 140#4080006320000549 0
(1698232897.094867) can0 220#8923810000040D67 0
(1698232897.094869) can0 394#0964000009241D81 0
(1698232897.094870) can0 47F#200000000000 0
(1698232897.094871) can0 596#000000008E00FE64 0
(1698232897.097078) can0 53E#000000002000 0
(1698232897.098102) can0 386#F8C4DF04F644DD44 0
(1698232897.098103) can0 387#E78196AF00B40700 0
(1698232897.100289) can0 340#130000049000B811 0
(1698232897.101992) can0 381#8090380000F74405 0
(1698232897.102998) can0 251#D002EE130012C77A 0
(1698232897.103000) can0 2B0#D5FE01071E 0
(1698232897.103001) can0 371#001E000093280010 0
(1698232897.103002) can0 153#208010FF00FF00AE 0
(1698232897.103998) can0 160#00E9FF0A0000001C 0
(1698232897.103999) can0 164#00080E06 0
(1698232897.104000) can0 130#0A7A817C000006A6 0
(1698232897.104001) can0 140#FF7F00632000064C 0
(1698232897.104003) can0 220#8CE3800000050D78 0
(1698232897.104950) can0 372#2700250096000000 0
(1698232897.104952) can0 592#40EF080000027F08 0
(1698232897.106016) can0 4F1#60366620 0
(1698232897.107018) can0 389#0000000000000000 0
(1698232897.107019) can0 38D#00000800000000EA 0
(1698232897.107020) can0 420#701418C8FC4F6A00 0
(1698232897.107021) can0 421#000000FFE37F001A 0
(1698232897.108063) can0 340#13000004A000C811 0
(1698232897.111871) can0 2B0#D3FE02075F 0
(1698232897.112892) can0 251#D902EF76001A177B 0
(1698232897.112893) can0 371#001E000093280010 0
(1698232897.112895) can0 372#2700250094000000 0
(1698232897.112895) can0 153#208010FF00FF10BE 0
(1698232897.113894) can0 160#00EAFF0A0000001F 0
(1698232897.113896) can0 164#00081018 0
(1698232897.113897) can0 220#90E37F0000040D8A 0
(1698232897.113898) can0 130#0C7A667C0000071E 0
(1698232897.114914) can0 140#12800063200007AE 0
(1698232897.114916) can0 394#FF830000FF231381 0
(1698232897.114918) can0 470#1444401540281400 0
(1698232897.114919) can0 47F#200000000000 0
(1698232897.117282) can0 340#13000004B000D811 0
(1698232897.118284) can0 386#F604E044F704DA04 0
(1698232897.118285) can0 387#F18AA0B900DC0800 0
(1698232897.121931) can0 381#80A8380000F85D05 0
(1698232897.122933) can0 251#D202F0E90014977A 0
(1698232897.122934) can0 2B0#D1FE030790 0
(1698232897.122936) can0 371#001E000013290010 0
(1698232897.122937) can0 153#208010FF00FF20CE 0
(1698232897.123952) can0 160#00EBFF0A0000001E 0
(1698232897.123954) can0 164#0008121A 0
(1698232897.123955) can0 220#8D23800000050D9B 0
(1698232897.123956) can0 130#047A677C0000081D 0
(1698232897.123957) can0 140#5C800063200008CA 0
(1698232897.124920) can0 372#270025009E000000 0
(1698232897.124921) can0 490#00000820000000 0
(1698232897.124922) can0 495#00000D10F5B02EA7 0
(1698232897.125975) can0 4F1#40366630 0
(1698232897.126977) can0 389#0000000000000000 0
(1698232897.126979) can0 38D#00000800000000DB 0
(1698232897.126980) can0 420#801418C8FC4F6A00 0
(1698232897.126981) can0 421#000000FFE37F000B 0
(1698232897.128534) can0 340#13000004C000E811 0
(1698232897.131869) can0 371#001E000013290010 0
(1698232897.132892) can0 251#C702F177000C377A 0
(1698232897.132894) can0 2B0#D1FE020791 0
(1698232897.132896) can0 372#270025009E000000 0
(1698232897.132897) can0 436#00000000 0
(1698232897.133888) can0 153#208010FF00FF30DE 0
(1698232897.133890) can0 160#00E9FF0A0000001C 0
(1698232897.133891) can0 164#0008141C 0
(1698232897.133892) can0 130#F879357C0000097D 0
(1698232897.133893) can0 140#5E8000632000096D 0
(1698232897.134914) can0 220#8D43810000010DA6 0
(1698232897.134916) can0 394#0AA400000A241781 0
(1698232897.134917) can0 470#11000055556C0000 0
(1698232897.134918) can0 47F#200000000000 0
(1698232897.134919) can0 500#01 0
(1698232897.135911) can0 520#0000000000000000 0
(1698232897.135913) can0 5C1#5F230A1063010009 0
(1698232897.135914) can0 5FF#600000C800C80000 0
(1698232897.137638) can0 340#13000004D000F811 0
(1698232897.138663) can0 386#FC44DF44F5C4DF44 0
(1698232897.138665) can0 387#FB94AAC200040900 0
(1698232897.138666) can0 485#00000000 0
(1698232897.141842) can0 371#001E000013290010 0
(1698232897.142858) can0 251#BE02F2480005177A 0
(1698232897.142859) can0 2B0#CFFE020752 0
(1698232897.142860) can0 372#2700250096000000 0
(1698232897.142861) can0 381#8028380000F9DE05 0
(1698232897.143855) can0 153#208010FF00FF40EE 0
(1698232897.143857) can0 160#00E9FF0A0000001C 0
(1698232897.143858) can0 164#0008161E 0
(1698232897.143860) can0 130#EE79D47B00000AD3 0
(1698232897.143861) can0 140#1280006320000A2F 0
(1698232897.144876) can0 220#8743810000FB0CBB 0
(1698232897.144878) can0 50B#0000970000000000 0
(1698232897.145913) can0 4F1#60366640 0
(1698232897.146896) can0 50C#0000000008000040 0
(1698232897.146898) can0 389#0000000000000000 0
(1698232897.146899) can0 38D#00000800000000CC 0
(1698232897.146900) can0 420#901418C8FC4F6A00 0
(1698232897.147895) can0 421#000000FFE37F00FC 0
(1698232897.147897) can0 52A#2C00000006001B00 0
(1698232897.148958) can0 340#13000004E0000811 0
(1698232897.151832) can0 2B0#CEFE020753 0
(1698232897.152855) can0 251#CD02F3640010177B 0
(1698232897.152857) can0 371#001E000013290010 0
(1698232897.152858) can0 372#270025009A000000 0
(1698232897.152858) can0 470#0544405155B01400 0
(1698232897.153846) can0 153#208010FF00FF50FE 0
(1698232897.153848) can0 160#00E8FF0A0000001D 0
(1698232897.153849) can0 130#E879007C00000B0E 0
(1698232897.153850) can0 140#EB7F006320000B1D 0
(1698232897.154872) can0 164#00081810 0
(1698232897.154874) can0 220#7A23800000F60CC6 0
(1698232897.154875) can0 394#01C4000001241781 0
(1698232897.154876) can0 47F#200000000000 0
(1698232897.154876) can0 507#00000001 0
(1698232897.155832) can0 541#0304418080080005 0
(1698232897.157811) can0 386#F884DC44F804DD04 0
(1698232897.158828) can0 387#069EB4CC002E0A00 0
(1698232897.158830) can0 340#13000004F0001811 0
(1698232897.162073) can0 381#80F0380000FAA705 0
(1698232897.163049) can0 251#E002F4C7001F577B 0
(1698232897.163051) can0 2B0#CDFE030704 0
(1698232897.163052) can0 371#001E000013290010 0
(1698232897.163053) can0 153#208010FF00FF600E 0
(1698232897.164073) can0 160#00E9FF0A0000001C 0
(1698232897.164075) can0 164#00081A12 0
(1698232897.164076) can0 220#80E37F0000F30CD8 0
(1698232897.164077) can0 130#E279667C00000C0A 0
(1698232897.164078) can0 140#3A80006320000CDC 0
(1698232897.164940) can0 372#27002500A2000000 0
(1698232897.164942) can0 54B#0010000000870100 0
(1698232897.165937) can0 4F1#40366650 0
(1698232897.166956) can0 389#0000000000000000 0
(1698232897.166957) can0 38D#00000800000000BD 0
(1698232897.166958) can0 420#A01418C8FC4F6A00 0
(1698232897.166960) can0 421#000000FFE37F00ED 0
(1698232897.167957) can0 340#1300000400002811 0
(1698232897.172091) can0 371#001E000013290010 0
(1698232897.172981) can0 251#DB02F52E001BC77A 0
(1698232897.172982) can0 2B0#CDFE020705 0
(1698232897.172983) can0 372#270025009C000000 0
(1698232897.172984) can0 470#1544405555B41400 0
(1698232897.174012) can0 153#208010FF00FF701E 0
(1698232897.174014) can0 160#00E9FF0A0000001C 0
(1698232897.174016) can0 164#00081C14 0
(1698232897.174017) can0 130#DA795B7C00000D94 0
(1698232897.174018) can0 140#7D80006320000D91 0
(1698232897.174909) can0 220#8DC3800000F00CE5 0
(1698232897.174911) can0 394#06E4000006241B81 0
(1698232897.174912) can0 47F#200000000000 0
(1698232897.174913) can0 490#00000820000000 0
(1698232897.177936) can0 386#F8C4DF44F2C4DA04 0
(1698232897.178830) can0 340#1300000410003811 0
(1698232897.178831) can0 387#10A7BED600560B00 0
(1698232897.182050) can0 381#8088380000FB4005 0
(1698232897.183056) can0 251#CD02F6B70011677A 0
(1698232897.183057) can0 2B0#CCFE010716 0
(1698232897.183058) can0 371#001E000013290010 0
(1698232897.183059) can0 153#208010FF00FF802E 0
(1698232897.184049) can0 160#00E9FF0A0000001C 0
(1698232897.184051) can0 164#00081E16 0
(1698232897.184052) can0 220#8CC3810000EC0CF1 0
(1698232897.184053) can0 130#C879107C00000EE6 0
(1698232897.184054) can0 140#5080006320000E3F 0
(1698232897.184922) can0 372#270025009E000000 0
(1698232897.184924) can0 436#00000000 0
(1698232897.184925) can0 595#00008E00E70E0000 0
(1698232897.186087) can0 4F1#40366660 0
(1698232897.186962) can0 389#0000000000000000 0
(1698232897.186964) can0 38D#00000800000000AE 0
(1698232897.186965) can0 420#B01418C8FC4F6A00 0
(1698232897.186967) can0 421#000000FFE37F00DE 0
(1698232897.187978) can0 340#1300000420004811 0
(1698232897.188988) can0 485#00000000 0
(1698232897.192138) can0 371#001E000013290010 0
(1698232897.193044) can0 251#C302F7550008177A 0
(1698232897.193046) can0 2B0#CBFE020747 0
(1698232897.193047) can0 372#27002500A2000000 0
(1698232897.193048) can0 153#208010FF00FF903E 0
(1698232897.193953) can0 160#00E9FF0A0000001C 0
(1698232897.193954) can0 164#00080008 0
(1698232897.193955) can0 220#8223810000E30C0C 0
(1698232897.193956) can0 130#B479DC7B00000FC2 0
(1698232897.193957) can0 140#0680006320000F96 0
(1698232897.194975) can0 394#0904000009241381 0
(1698232897.194977) can0 470#1544405555B81400 0
(1698232897.194978) can0 47F#200000000000 0
(1698232897.194979) can0 596#000000008E00FE64 0
(1698232897.197923) can0 386#FB04E184F504D804 0
(1698232897.198932) can0 387#19B1C7DF007C0C00 0
(1698232897.199922) can0 340#1300000430005811 0
(1698232897.200811) can0 53E#000000002000 0
(1698232897.201856) can0 381#8028380000FCE105 0
(1698232897.202879) can0 251#BE02F85E0005277A 0
(1698232897.202880) can0 2B0#CAFE010798 0
(1698232897.202881) can0 592#40EF0C0000037A48 0
(1698232897.202882) can0 153#208010FF00FFA04E 0
(1698232897.203919) can0 160#00E9FF0A0000001C 0
(1698232897.203921) can0 164#0008020A 0
(1698232897.203922) can0 220#7BE37F0000D90C1B 0
(1698232897.203923) can0 130#A879CF7B0000002B 0
(1698232897.204874) can0 140#F97F0063200000D1 0
(1698232897.204876) can0 371#001E000013290010 0
(1698232897.204877) can0 372#27002500A2000000 0
(1698232897.205894) can0 4F1#60366670 0
(1698232897.207071) can0 389#0000000000000000 0
(1698232897.207072) can0 38D#0000080000000080 0
(1698232897.207073) can0 420#C01418C8FC4F6A00 0
(1698232897.207074) can0 421#000000FFE37F00B0 0
(1698232897.208051) can0 50A#0A10000000000000 0
(1698232897.208053) can0 340#1300000440006811 0
(1698232897.212069) can0 371#001E000013290010 0
(1698232897.212969) can0 251#C202F9860008477A 0
(1698232897.212971) can0 2B0#C9FE020789 0
(1698232897.212972) can0 372#27002500A2000000 0
(1698232897.212973) can0 470#1444401540BC1400 0
(1698232897.213988) can0 153#208010FF00FFB05E 0
(1698232897.213990) can0 160#00E9FF0A0000001C 0
(1698232897.213991) can0 164#0008040C 0
(1698232897.213992) can0 130#A079DA7B000001D5 0
(1698232897.213993) can0 140#2780006320000102 0
(1698232897.214893) can0 220#7AE37F0000D30C22 0
(1698232897.214894) can0 394#FF230000FF231981 0
(1698232897.214895) can0 47F#200000000000 0
(1698232897.217936) can0 386#F844DD84F4C4D704 0
(1698232897.218951) can0 340#1300000450007811 0
(1698232897.218953) can0 387#23BBD1E900A50D00 0
(1698232897.219810) can0 4A7#0100 0
(1698232897.222110) can0 381#8070380000FD2A05 0
(1698232897.222819) can0 251#CC02FA190010C77A 0
(1698232897.222822) can0 2B0#C8FE0207AA 0
(1698232897.222823) can0 371#001E000013290010 0
(1698232897.222825) can0 372#27002500A0000000 0
(1698232897.223828) can0 153#208010FF00FFC06E 0
(1698232897.223829) can0 160#00EBFF0A0000001E 0
(1698232897.223830) can0 164#0008060E 0
(1698232897.223831) can0 130#9879F77B0000029F 0
(1698232897.224823) can0 140#408000632000021A 0
(1698232897.224824) can0 220#7B63800000CF0C30 0
(1698232897.224825) can0 490#00000820000000 0
(1698232897.224826) can0 495#00000D10F5B02EA7 0
(1698232897.225931) can0 4F1#60366680 0
(1698232897.226975) can0 389#0000000000000000 0
(1698232897.226977) can0 38D#0000080000000071 0
(1698232897.226978) can0 420#D01418C8FC4F6A00 0
(1698232897.226979) can0 421#000000FFE37F00A1 0
(1698232897.228142) can0 340#1300000460008811 0
(1698232897.231847) can0 2B0#C6FE03074B 0
(1698232897.232813) can0 251#D402FB180016B77A 0
(1698232897.232814) can0 371#001E000013290010 0
(1698232897.232815) can0 372#270025009E000000 0
(1698232897.232816) can0 412#0000000000000000 0
(1698232897.233792) can0 153#208010FF00FFD07E 0
(1698232897.233794) can0 160#00E7FF0A00000012 0
(1698232897.233796) can0 164#00080800 0
(1698232897.233798) can0 130#9479E17B000003B6 0
(1698232897.234781) can0 140#2880006320000364 0
(1698232897.234783) can0 220#7FE3800000CB0C40 0
(1698232897.234784) can0 394#0744000007241381 0
(1698232897.234785) can0 436#00000000 0
(1698232897.234787) can0 47F#200000000000 0
(1698232897.235823) can0 470#1100005555000000 0
(1698232897.235825) can0 500#01 0
(1698232897.235826) can0 4C9#0000000001000000 0
(1698232897.235828) can0 520#0000000000000000 0
(1698232897.236796) can0 5C1#5F230A1063010009 0
(1698232897.236798) can0 5FF#600000C800C80000 0
(1698232897.237822) can0 340#1300000470009811 0
(1698232897.237824) can0 485#00000000 0
(1698232897.238820) can0 386#FA84E084F484D9C4 0
(1698232897.238822) can0 387#2DC5DBF300CE0E00 0
(1698232897.241867) can0 381#8098380000FE5305 0
(1698232897.242863) can0 251#D102FCF30013977A 0
(1698232897.242865) can0 2B0#C8FE0107FC 0
(1698232897.242866) can0 371#001E000013290010 0
(1698232897.242868) can0 153#208010FF00FFE08E 0
(1698232897.243884) can0 160#00E8FF0A0000001D 0
(1698232897.243886) can0 164#00080A02 0
(1698232897.243887) can0 220#7C83800000C90C5D 0
(1698232897.243889) can0 130#8C79B67B000004F4 0
(1698232897.243890) can0 140#F27F006320000490 0
(1698232897.244897) can0 372#27002500A2000000 0
(1698232897.244901) can0 410#E012211880020020 0
(1698232897.244902) can0 50B#0000970000000000 0
(1698232897.245904) can0 4F1#40366690 0
(1698232897.246947) can0 50C#0000000008000050 0
(1698232897.246949) can0 389#0000000000000000 0
(1698232897.246950) can0 38D#0000080000000062 0
(1698232897.246952) can0 420#E01418C8FC4F6A00 0
(1698232897.246954) can0 421#000000FFE37F0092 0
(1698232897.249327) can0 340#130000048000A811 0
(1698232897.251808) can0 371#001E000013290010 0
(1698232897.252824) can0 251#D102FDE40013877A 0
(1698232897.252825) can0 2B0#C6FE01070D 0
(1698232897.252827) can0 372#27002500A2000000 0
(1698232897.252827) can0 470#0544405155441400 0
(1698232897.253821) can0 153#208010FF00FF00AE 0
(1698232897.253823) can0 160#00EAFF0A0000001F 0
(1698232897.253824) can0 164#00080C04 0
(1698232897.253825) can0 220#77E37F0000C50C63 0
(1698232897.253826) can0 130#7C79FD7B00000516 0
(1698232897.254828) can0 140#A77F0063200005DE 0
(1698232897.254830) can0 394#FF630000FF231581 0
(1698232897.254831) can0 47F#200000000000 0
(1698232897.254831) can0 507#00000001 0
(1698232897.255871) can0 50E#0000002000000000 0
(1698232897.255873) can0 541#0304418080080005 0
(1698232897.255874) can0 553#0001000201008000 0
(1698232897.256907) can0 593#441118181617 0
(1698232897.257889) can0 386#FBC4E184F984D704 0
(1698232897.258893) can0 340#130000049000B811 0
(1698232897.258894) can0 387#37CEE5FC00E60000 0
(1698232897.261876) can0 381#8068380000FF2405 0
(1698232897.262872) can0 251#C802FE75000C277A 0
(1698232897.262874) can0 2B0#C6FE02070E 0
(1698232897.262875) can0 371#001E000013290010 0
(1698232897.262876) can0 372#27002500A0000000 0
(1698232897.263900) can0 153#208010FF00FF10BE 0
(1698232897.263901) can0 160#00EAFF0A0000001F 0
(1698232897.263902) can0 164#00080E06 0
(1698232897.263903) can0 130#7279137C000006AF 0
(1698232897.263904) can0 140#DB7F00632000064A 0
(1698232897.264843) can0 220#80C37E0000BD0C73 0
(1698232897.264844) can0 54B#0010000000870100 0
(1698232897.264845) can0 559#0000000000000000 0
(1698232897.264846) can0 57F#0000000400000002 0
(1698232897.265917) can0 4F1#403666A0 0
(1698232897.266954) can0 389#0000000000000000 0
(1698232897.266955) can0 38D#0000080000000053 0
(1698232897.266956) can0 420#F01418C8FC4F6A00 0
(1698232897.266957) can0 421#000000FFE37F0083 0
(1698232897.267957) can0 340#13000004A000C811 0
(1698232897.271926) can0 371#001E000013290010 0
(1698232897.272938) can0 251#C202FF6B0007277A 0
(1698232897.272939) can0 2B0#C6FE01072F 0
(1698232897.272940) can0 372#27002500A2000000 0
(1698232897.272941) can0 153#208010FF00FF20CE 0
(1698232897.273951) can0 160#00EAFF0A0000001F 0
(1698232897.273953) can0 164#00081018 0
(1698232897.273954) can0 220#82A37F0000B80C81 0
(1698232897.273955) can0 130#6C79FE7B0000072B 0
(1698232897.274971) can0 140#2F8000632000079E 0
(1698232897.274973) can0 394#FD830000FD231781 0
(1698232897.274974) can0 470#1544405555481400 0
(1698232897.274975) can0 47F#200000000000 0
(1698232897.274976) can0 490#00000820000000 0
(1698232897.275974) can0 544#0000000000000000 0
(1698232897.277793) can0 386#F604DFC4F504DB44 0
(1698232897.278829) can0 387#41D8EF0700100100 0
(1698232897.278830) can0 340#13000004B000D811 0
(1698232897.281895) can0 381#8048380000000505 0
(1698232897.282912) can0 07F#0000000000000000 0
(1698232897.282914) can0 251#C40200A00009577A 0
(1698232897.282915) can0 2B0#C6FE0107D0 0
(1698232897.282916) can0 371#001E000013290010 0
(1698232897.283934) can0 153#208010FF00FF30DE 0
(1698232897.283935) can0 160#00E7FF0A00000012 0
(1698232897.283937) can0 164#0008121A 0
(1698232897.283938) can0 130#62790E7C000008F6 0
(1698232897.284910) can0 140#3380006320000827 0
(1698232897.284912) can0 220#8083800000B50C9D 0
(1698232897.284913) can0 372#270025009E000000 0
(1698232897.284914) can0 436#00000000 0
(1698232897.284915) can0 595#00009700E70E0000 0
(1698232897.285934) can0 4F1#603666B0 0
(1698232897.286952) can0 389#0000000000000000 0
(1698232897.286954) can0 38D#0000080000000044 0
(1698232897.286955) can0 420#001418C8FC4F6A00 0
(1698232897.286956) can0 421#000000FFE37F0074 0
(1698232897.288376) can0 340#13000004C000E811 0
(1698232897.289411) can0 485#00000000 0
(1698232897.291847) can0 371#001E000013290010 0
(1698232897.292850) can0 251#CD0201F10010977A 0
(1698232897.292852) can0 2B0#C4FE0207D1 0
(1698232897.292853) can0 372#27002500A4000000 0
(1698232897.292854) can0 470#15444055558C1400 0
(1698232897.293874) can0 153#208010FF00FF40EE 0
(1698232897.293876) can0 160#00E8FF0A0000001D 0
(1698232897.293877) can0 164#0008141C 0
(1698232897.293878) can0 220#82A3800000B00CA8 0
(1698232897.293879) can0 130#6079E47B0000097B 0
(1698232897.294889) can0 140#1C80006320000909 0
(1698232897.294891) can0 394#05A4000005241181 0
(1698232897.294892) can0 47F#200000000000 0
(1698232897.294893) can0 596#000000008E00FE64 0
(1698232897.297828) can0 386#F944DFC4F784DF44 0
(1698232897.298869) can0 387#4BE2F91100390200 0
(1698232897.299867) can0 340#13000004D000F811 0
(1698232897.301918) can0 371#001E000093290010 0
(1698232897.303071) can0 251#CC0202C10010677A 0
(1698232897.303072) can0 2B0#C4FE0107D2 0
(1698232897.303074) can0 372#27002500AC000000 0
(1698232897.303075) can0 153#208010FF00FF50FE 0
(1698232897.303978) can0 160#00E9FF0A0000001C 0
(1698232897.303979) can0 164#0008161E 0
(1698232897.303980) can0 130#6479C77B00000A4A 0
(1698232897.303981) can0 140#0380006320000ACB 0
(1698232897.303982) can0 220#7C43800000AF0CB3 0
(1698232897.304967) can0 381#8080380000013E05 0
(1698232897.304968) can0 592#40EF0F0000037488 0
(1698232897.305937) can0 53E#000000002000 0
(1698232897.305938) can0 4F1#403666C0 0
(1698232897.306957) can0 389#0000000000000000 0
(1698232897.306959) can0 38D#0000080000000035 0
(1698232897.306960) can0 420#101418C8FC4F6A00 0
(1698232897.306961) can0 421#000000FFE37F0065 0
(1698232897.308106) can0 340#13000004E0000811 0
(1698232897.312026) can0 2B0#C3FE0107B3 0
(1698232897.312920) can0 251#CE0203F50011977A 0
(1698232897.312922) can0 371#001E000093290010 0
(1698232897.312923) can0 372#27002500AA000000 0
(1698232897.312924) can0 153#208010FF00FF600E 0
(1698232897.313848) can0 160#00E9FF0A0000001C 0
(1698232897.313851) can0 164#00081810 0
(1698232897.313852) can0 130#5E79E87B00000B54 0
(1698232897.313853) can0 140#0380006320000BD6 0
(1698232897.314817) can0 220#79E37F0000B10CC1 0
(1698232897.314819) can0 394#FFC30000FF231F81 0
(1698232897.314820) can0 470#1444401540101400 0
(1698232897.314821) can0 47F#200000000000 0
(1698232897.317946) can0 386#FA84DCC4F5C4DC04 0
(1698232897.318926) can0 387#55EB041A00610300 0
(1698232897.318928) can0 340#13000004F0001811 0
(1698232897.322048) can0 381#8078380000023705 0
(1698232897.323030) can0 251#CB0204B1000F577A 0
(1698232897.323032) can0 2B0#C2FE0107D4 0
(1698232897.323033) can0 371#001E000093290010 0
(1698232897.323034) can0 372#27002500A2000000 0
(1698232897.323916) can0 153#208010FF00FF701E 0
(1698232897.323918) can0 160#00EDFF0A00000018 0
(1698232897.323919) can0 130#5679EF7B00000CDE 0
(1698232897.323920) can0 140#1580006320000CEF 0
(1698232897.323921) can0 164#00081A12 0
(1698232897.324962) can0 220#7DE37F0000AE0CD0 0
(1698232897.324963) can0 490#00000820000000 0
(1698232897.324964) can0 495#00000D10F5B02EA7 0
(1698232897.325942) can0 4F1#603666D0 0
(1698232897.327119) can0 389#0000000000000000 0
(1698232897.327121) can0 38D#0000080000000026 0
(1698232897.327122) can0 420#201418C8FC4F6A00 0
(1698232897.327123) can0 421#000000FFE37F0056 0
(1698232897.327980) can0 340#1300000400002811 0
(1698232897.331874) can0 371#001E000093290010 0
(1698232897.333054) can0 251#CB0205E2000F877A 0
(1698232897.333056) can0 2B0#C2FE0107C5 0
(1698232897.333057) can0 372#270025009C000000 0
(1698232897.333058) can0 436#00000000 0
(1698232897.334020) can0 153#208010FF00FF802E 0
(1698232897.334022) can0 160#00E9FF0A0000001C 0
(1698232897.334023) can0 164#00081C14 0
(1698232897.334024) can0 130#5079C77B00000DA6 0
(1698232897.334025) can0 140#3880006320000D7B 0
(1698232897.334948) can0 220#7E23800000AA0CEE 0
(1698232897.334950) can0 394#01E4000001241581 0
(1698232897.334951) can0 470#1100005555140000 0
(1698232897.334952) can0 47F#200000000000 0
(1698232897.334953) can0 500#01 0
(1698232897.335918) can0 520#0000000000000000 0
(1698232897.335920) can0 5C1#5F230A1063010009 0
(1698232897.335921) can0 5FF#600000C800C80000 0
(1698232897.337644) can0 340#1300000410003811 0
(1698232897.338645) can0 386#FDC4DEC4FA04DB44 0
(1698232897.338647) can0 387#5FF50E24008A0400 0
(1698232897.338648) can0 485#00000000 0
(1698232897.342093) can0 371#001E000093290010 0
(1698232897.342985) can0 251#CE0206F80011977A 0
(1698232897.342987) can0 2B0#C1FE0107C6 0
(1698232897.342988) can0 372#27002500A0000000 0
(1698232897.342989) can0 381#8080380000034005 0
(1698232897.343876) can0 153#208010FF00FF903E 0
(1698232897.343878) can0 160#00E8FF0A0000001D 0
(1698232897.343879) can0 130#5079C07B00000E8A 0
(1698232897.343880) can0 140#3A80006320000EE6 0
(1698232897.343881) can0 164#00081E16 0
(1698232897.344919) can0 220#79C3800000A70CF6 0
(1698232897.344921) can0 50B#0000970000000000 0
(1698232897.345928) can0 4F1#603666E0 0
(1698232897.346951) can0 50C#0000000008000060 0
(1698232897.346953) can0 389#0000000000000000 0
(1698232897.346954) can0 38D#0000080000000017 0
(1698232897.346955) can0 420#301418C8FC4F6A00 0
(1698232897.347953) can0 421#000000FFE37F0047 0
(1698232897.347955) can0 52A#2C00000006001B00 0
(1698232897.350152) can0 340#1300000420004811 0
(1698232897.352032) can0 2B0#C1FE0107D7 0
(1698232897.352991) can0 251#D002070D0013A77A 0
(1698232897.352993) can0 371#001E000093290010 0
(1698232897.352994) can0 372#27002500A4000000 0
(1698232897.352995) can0 153#208010FF00FFA04E 0
(1698232897.353984) can0 160#00E8FF0A0000001D 0
(1698232897.353986) can0 164#00080008 0
(1698232897.353987) can0 130#5279FD7B00000FAA 0
(1698232897.353988) can0 140#1C80006320000F47 0
(1698232897.354919) can0 220#78C3800000A70C07 0
(1698232897.354921) can0 394#0604000006241981 0
(1698232897.354922) can0 470#0544405155581400 0
(1698232897.354923) can0 47F#200000000000 0
(1698232897.354924) can0 507#00000001 0
(1698232897.355874) can0 541#0304418080080005 0
(1698232897.357142) can0 340#1300000430005811 0
(1698232897.358273) can0 386#FD04E004F904DA04 0
(1698232897.358275) can0 387#6900182E00B40500 0
(1698232897.362093) can0 381#80A0380000046105 0
(1698232897.362980) can0 251#D20208110014A77A 0
(1698232897.362982) can0 2B0#C0FE020708 0
(1698232897.362983) can0 371#001E000093290010 0
(1698232897.362984) can0 372#27002500A6000000 0
(1698232897.364009) can0 153#208010FF00FFB05E 0
(1698232897.364010) can0 160#00EAFF0A0000001F 0
(1698232897.364012) can0 130#5479ED7B0000002C 0
(1698232897.364013) can0 140#25800063200000A5 0
(1698232897.364014) can0 164#0008020A 0
(1698232897.364896) can0 220#8043800000A80C1E 0
(1698232897.364900) can0 54B#0010000000870100 0
(1698232897.365896) can0 4F1#403666F0 0
(1698232897.366938) can0 389#0000000000000000 0
(1698232897.366939) can0 38D#0000080000000008 0
(1698232897.366941) can0 420#401418C8FC4F6A00 0
(1698232897.366942) can0 421#000000FFE37F0038 0
(1698232897.367973) can0 340#1300000440006811 0
(1698232897.372083) can0 371#001E000093290010 0
(1698232897.372982) can0 251#D40209360016C77A 0
(1698232897.372984) can0 2B0#C2FE000719 0
(1698232897.372985) can0 372#27002500A6000000 0
(1698232897.372986) can0 470#15444055559C1400 0
(1698232897.373894) can0 153#208010FF00FFC06E 0
(1698232897.373896) can0 160#00E9FF0A0000001C 0
(1698232897.373897) can0 130#4E79CB7B00000140 0
(1698232897.373898) can0 140#49800063200001B2 0
(1698232897.374914) can0 164#0008040C 0
(1698232897.374916) can0 220#7E63800000A90C2F 0
(1698232897.374917) can0 394#0324000003241D81 0
(1698232897.374918) can0 47F#200000000000 0
(1698232897.374920) can0 490#00000820000000 0
(1698232897.377943) can0 386#FD44DF04F7C4DC44 0
(1698232897.378952) can0 387#7309213700DA0600 0
(1698232897.378954) can0 340#1300000450007811 0
(1698232897.382133) can0 381#80D0380000059205 0
(1698232897.383021) can0 251#DB020A94001B177B 0
(1698232897.383023) can0 2B0#C1FE00071A 0
(1698232897.383024) can0 371#001E000093290010 0
(1698232897.383025) can0 153#208010FF00FFD07E 0
(1698232897.383914) can0 160#00EBFF0A0000001E 0
(1698232897.383916) can0 164#0008060E 0
(1698232897.383917) can0 130#4279C77B0000021E 0
(1698232897.383918) can0 140#62800063200002CF 0
(1698232897.384946) can0 220#7903810000A60C36 0
(1698232897.384948) can0 372#27002500A0000000 0
(1698232897.384949) can0 436#00000000 0
(1698232897.384950) can0 595#00009A00E70E0000 0
(1698232897.386085) can0 4F1#40366600 0
(1698232897.387077) can0 389#0000000000000000 0
(1698232897.387078) can0 38D#00000800000000F9 0
(1698232897.387079) can0 420#501418C8FC4F6A00 0
(1698232897.387080) can0 421#000000FFE37F0029 0
(1698232897.388088) can0 340#1300000460008811 0
(1698232897.388090) can0 485#00000000 0
(1698232897.392069) can0 371#001E000093290010 0
(1698232897.392988) can0 251#E3020BE30021577B 0
(1698232897.392990) can0 2B0#C0FE01070B 0
(1698232897.392991) can0 372#27002500A2000000 0
(1698232897.392992) can0 470#1544405555601400 0
(1698232897.393894) can0 153#208010FF00FFE08E 0
(1698232897.393896) can0 160#00E9FF0A0000001C 0
(1698232897.393897) can0 130#4279B17B000003D2 0
(1698232897.393898) can0 140#48800063200003D5 0
(1698232897.393899) can0 164#00080800 0
(1698232897.394911) can0 220#7963810000A00C40 0
(1698232897.394913) can0 394#0B4400000B241B81 0
(1698232897.394914) can0 47F#200000000000 0
(1698232897.394915) can0 596#000000008E00FE64 0
(1698232897.397937) can0 386#F784E004FD84DE04 0
(1698232897.398847) can0 387#7D132B4100030700 0
(1698232897.399843) can0 340#1300000470009811 0
(1698232897.401914) can0 592#40EF120000036EC8 0
(1698232897.402895) can0 251#EB020C130028777B 0
(1698232897.402897) can0 2B0#C0FE01077C 0
(1698232897.402898) can0 371#001E000093290010 0
(1698232897.402899) can0 381#803839000006FC05 0
(1698232897.403897) can0 153#208010FF00FF00AE 0
(1698232897.403898) can0 160#00E9FF0A0000001C 0
(1698232897.403899) can0 130#4279D17B000004DF 0
(1698232897.403900) can0 140#5480006320000484 0
(1698232897.403901) can0 164#00080A02 0
(1698232897.404922) can0 220#7603810000A00C5F 0
(1698232897.404923) can0 372#27002500A6000000 0
(1698232897.405916) can0 4F1#60366610 0
(1698232897.406913) can0 389#0000000000000000 0
(1698232897.406915) can0 38D#00000800000000EA 0
(1698232897.406917) can0 420#601418C8FC4F6A00 0
(1698232897.406918) can0 421#000000FFE37F001A 0
(1698232897.407970) can0 50A#0A10000000000000 0
(1698232897.407972) can0 340#130000048000A811 0
(1698232897.409742) can0 53E#000000002000 0
(1698232897.411873) can0 371#001E000093290010 0
(1698232897.412870) can0 251#EC020D150028777B 0
(1698232897.412873) can0 2B0#C2FE00075D 0
(1698232897.412874) can0 372#27002500A0000000 0
(1698232897.412875) can0 470#1444401540241400 0
(1698232897.413891) can0 153#208010FF00FF10BE 0
(1698232897.413893) can0 160#00E9FF0A0000001C 0
(1698232897.413894) can0 130#3C79EA7B0000052D 0
(1698232897.413895) can0 140#83800063200005D1 0
(1698232897.413896) can0 164#00080C04 0
(1698232897.414873) can0 220#7A23810000A00C63 0
(1698232897.414875) can0 394#0964000009241D81 0
(1698232897.414876) can0 47F#200000000000 0
(1698232897.417725) can0 340#130000049000B811 0
(1698232897.418743) can0 386#F7C4E004F904DC04 0
(1698232897.418744) can0 387#871D354B002C0800 0
(1698232897.422127) can0 381#8048390000070D05 0
(1698232897.422864) can0 251#ED020E280029877B 0
(1698232897.422866) can0 2B0#C2FE00076E 0
(1698232897.422867) can0 371#001E000093290010 0
(1698232897.422868) can0 153#208010FF00FF20CE 0
(1698232897.423901) can0 160#00EDFF0A00000018 0
(1698232897.423903) can0 164#00080E06 0
(1698232897.423904) can0 130#4279B57B0000060E 0
(1698232897.423905) can0 140#6D800063200006E7 0
(1698232897.423906) can0 220#7DE38100009D0C73 0
(1698232897.424924) can0 372#270025009E000000 0
(1698232897.424926) can0 490#00000820000000 0
(1698232897.424927) can0 495#00000D10F5B02EA7 0
(1698232897.425920) can0 4F1#60366620 0
(1698232897.426943) can0 389#0000000000000000 0
(1698232897.426945) can0 38D#00000800000000DB 0
(1698232897.426946) can0 420#701418C8FC4F6A00 0
(1698232897.426947) can0 421#000000FFE37F000B 0
(1698232897.427941) can0 340#13000004A000C811 0
(1698232897.431814) can0 371#001E000093290010 0
(1698232897.432837) can0 251#EC020F380029977B 0
(1698232897.432839) can0 2B0#C1FE00074F 0
(1698232897.432840) can0 372#27002500A0000000 0
(1698232897.432841) can0 412#0000000000000000 0
(1698232897.433860) can0 153#208010FF00FF30DE 0
(1698232897.433861) can0 160#00ECFF0A00000019 0
(1698232897.433862) can0 130#4879B97B000007B9 0
(1698232897.433863) can0 140#3B8000632000074E 0
(1698232897.434884) can0 164#00081018 0
(1698232897.434886) can0 220#7683810000A00C8F 0
(1698232897.434887) can0 394#0C8400000C241581 0
(1698232897.434888) can0 436#00000000 0
(1698232897.434889) can0 47F#200000000000 0
(1698232897.435859) can0 470#1100005555280000 0
(1698232897.435860) can0 500#01 0
(1698232897.435861) can0 4C9#0000000001000000 0
(1698232897.435862) can0 520#0000000000000000 0
(1698232897.435863) can0 5BE#080000FF00000000 0
(1698232897.436877) can0 5C1#5F230A1063010009 0
(1698232897.436878) can0 5FF#600000C800C80000 0
(1698232897.437878) can0 386#FA04E044F804DF04 0
(1698232897.438899) can0 387#91263F5400530900 0
(1698232897.438901) can0 340#13000004B000D811 0
(1698232897.438902) can0 485#00000000 0
(1698232897.441847) can0 371#001E000093290010 0
(1698232897.442855) can0 251#ED02103A0029977B 0
(1698232897.442855) can0 2B0#C1FE0007B0 0
(1698232897.442855) can0 372#27002500A0000000 0
(1698232897.442856) can0 381#8048390000080E05 0
(1698232897.443901) can0 153#208010FF00FF40EE 0
(1698232897.443902) can0 160#00E8FF0A0000001D 0
(1698232897.443902) can0 130#4A79E57B0000080B 0
(1698232897.443902) can0 140#35800063200008F4 0
(1698232897.443902) can0 164#0008121A 0
(1698232897.444871) can0 220#77C3800000A30C90 0
(1698232897.444872) can0 410#E012211880020020 0
(1698232897.444872) can0 50B#0000970000000000 0
(1698232897.445984) can0 4F1#40366630 0
(1698232897.446889) can0 50C#0000000008000070 0
(1698232897.446890) can0 389#0000000000000000 0
(1698232897.446890) can0 38D#00000800000000CC 0
(1698232897.446890) can0 420#801418C8FC4F6A00 0
(1698232897.448003) can0 421#000000FFE37F00FC 0
(1698232897.449473) can0 340#13000004C000E811 0
(1698232897.451872) can0 371#001E000093290010 0
(1698232897.452921) can0 251#E90211140026777B 0
(1698232897.452922) can0 2B0#C0FE0107A1 0
(1698232897.452922) can0 372#270025009E000000 0
(1698232897.452923) can0 470#0544405155AC1400 0
(1698232897.453888) can0 153#208010FF00FF50FE 0
(1698232897.453888) can0 160#00E8FF0A0000001D 0
(1698232897.453889) can0 164#0008141C 0
(1698232897.453889) can0 130#4C79B17B00000901 0
(1698232897.453890) can0 140#338000632000093A 0
(1698232897.454900) can0 220#7DA3800000A40CA9 0
(1698232897.454900) can0 394#05A4000005241181 0
(1698232897.454901) can0 47F#200000000000 0
(1698232897.454901) can0 507#00000001 0
(1698232897.455892) can0 50E#0000002000000000 0
(1698232897.455892) can0 541#0304418080080005 0
(1698232897.455893) can0 553#0001000201008000 0
(1698232897.456928) can0 593#441118181617 0
(1698232897.457952) can0 340#13000004D000F811 0
(1698232897.457953) can0 386#0045E044F844E084 0
(1698232897.458972) can0 387#9A30495E007B0A00 0
(1698232897.461920) can0 381#802039000009E705 0
(1698232897.462939) can0 251#E70212210024877B 0
(1698232897.462940) can0 2B0#C0FE010792 0
(1698232897.462940) can0 371#001E000093290010 0
(1698232897.462941) can0 372#27002500A6000000 0
(1698232897.463958) can0 153#208010FF00FF600E 0
(1698232897.463959) can0 160#00EAFF0A0000001F 0
(1698232897.463960) can0 130#4E79AD7B00000AB0 0
(1698232897.463960) can0 140#3680006320000A29 0
(1698232897.463961) can0 164#0008161E 0
(1698232897.464921) can0 220#76A3800000A50CB3 0
(1698232897.464922) can0 54B#0010000000870100 0
(1698232897.464923) can0 559#0000000000000000 0
(1698232897.465965) can0 4F1#60366640 0
(1698232897.466958) can0 389#0000000000000000 0
(1698232897.466959) can0 38D#00000800000000BD 0
(1698232897.466961) can0 420#901418C8FC4F6A00 0
(1698232897.466961) can0 421#000000FFE37F00ED 0
(1698232897.467961) can0 340#13000004E0000811 0
(1698232897.471898) can0 371#001E000093290010 0
(1698232897.472929) can0 251#E60213310024977B 0
(1698232897.472930) can0 2B0#C0FE010783 0
(1698232897.472931) can0 372#27002500A6000000 0
(1698232897.472932) can0 470#1544405555B01400 0
(1698232897.473941) can0 153#208010FF00FF701E 0
(1698232897.473942) can0 160#00E9FF0A0000001C 0
(1698232897.473943) can0 164#00081810 0
(1698232897.473944) can0 130#4E79D97B00000BA8 0
(1698232897.473945) can0 140#4E80006320000BEE 0
(1698232897.474921) can0 220#75A3800000A60CC3 0
(1698232897.474922) can0 394#05C4000005241F81 0
(1698232897.474924) can0 47F#200000000000 0
(1698232897.474925) can0 490#00000820000000 0
(1698232897.475917) can0 544#0000000000000000 0
(1698232897.477827) can0 386#FF84E344F744E244 0
(1698232897.478829) can0 387#A43A536800A40B00 0
(1698232897.478831) can0 340#13000004F0001811 0
(1698232897.482025) can0 381#80303900000AF805 0
(1698232897.482914) can0 251#E90214570026B77B 0
(1698232897.482915) can0 2B0#C2FE0007C4 0
(1698232897.482916) can0 371#001E000093290010 0
(1698232897.482917) can0 372#27002500A4000000 0
(1698232897.483914) can0 153#208010FF00FF802E 0
(1698232897.483916) can0 160#00E9FF0A0000001C 0
(1698232897.483917) can0 164#00081A12 0
(1698232897.483918) can0 130#4C79C67B00000CD3 0
(1698232897.483919) can0 140#6280006320000C69 0
(1698232897.484898) can0 220#7B03810000A60CD8 0
(1698232897.484900) can0 436#00000000 0
(1698232897.484901) can0 595#00009A00E70E0000 0
(1698232897.485893) can0 4F1#40366650 0
(1698232897.486967) can0 389#0000000000000000 0
(1698232897.486969) can0 38D#00000800000000AE 0
(1698232897.486970) can0 420#A01418C8FC4F6A00 0
(1698232897.486971) can0 421#000000FFE37F00DE 0
(1698232897.487915) can0 340#1300000400002811 0
(1698232897.487917) can0 485#00000000 0
(1698232897.491901) can0 371#001E000093290010 0
(1698232897.492943) can0 251#EC02155D0028B77B 0
(1698232897.492944) can0 2B0#C1FE0007E5 0
(1698232897.492945) can0 372#27002500A4000000 0
(1698232897.492946) can0 153#208010FF00FF903E 0
(1698232897.493921) can0 160#00E9FF0A0000001C 0
(1698232897.493923) can0 164#00081C14 0
(1698232897.493924) can0 220#7963810000A50CE7 0
(1698232897.493925) can0 130#4E79C77B00000D1E 0
(1698232897.493926) can0 140#3680006320000D7A 0
(1698232897.494941) can0 394#0BE400000B241181 0
(1698232897.494943) can0 470#1544405555B41400 0
(1698232897.494944) can0 47F#200000000000 0
(1698232897.494945) can0 596#000000008E00FE64 0
(1698232897.497777) can0 386#01C5E044FB04DAC4 0
(1698232897.498795) can0 387#AE445D7100CC0C00 0
(1698232897.499816) can0 340#1300000410003811 0
(1698232897.501882) can0 371#001E000093290010 0
(1698232897.502955) can0 251#EC02166F0029C77B 0
(1698232897.502957) can0 2B0#C0FE0007C6 0
(1698232897.502958) can0 372#27002500A6000000 0
(1698232897.502959) can0 153#208010FF00FFA04E 0
(1698232897.503937) can0 160#00E8FF0A0000001D 0
(1698232897.503939) can0 164#00081E16 0
(1698232897.503940) can0 220#79A3800000A60CF7 0
(1698232897.503941) can0 130#5079B87B00000E4D 0
(1698232897.503942) can0 140#2480006320000E5E 0
(1698232897.504964) can0 381#80483900000B1105 0
(1698232897.504966) can0 592#40EF140000036608 0
(1698232897.505936) can0 4F1#40366660 0
(1698232897.506959) can0 389#0000000000000000 0
(1698232897.506960) can0 38D#0000080000000080 0
(1698232897.506962) can0 420#B01418C8FC4F6A00 0
(1698232897.506963) can0 421#000000FFE37F00B0 0
(1698232897.507958) can0 4A2#0100 0
(1698232897.507960) can0 340#1300000420004811 0
(1698232897.510431) can0 53E#000000002000 0
(1698232897.511884) can0 371#001E000093290010 0
(1698232897.512913) can0 251#EF021795002BE77B 0
(1698232897.512915) can0 2B0#C0FE0007D7 0
(1698232897.512916) can0 372#27002500A4000000 0
(1698232897.512918) can0 470#1444401540781400 0
(1698232897.513932) can0 153#208010FF00FFB05E 0
(1698232897.513935) can0 160#00E9FF0A0000001C 0
(1698232897.513936) can0 164#00080008 0
(1698232897.513937) can0 130#54798C7B00000FA3 0
(1698232897.514954) can0 140#5980006320000FAD 0
(1698232897.514956) can0 220#7763800000A70C04 0
(1698232897.514957) can0 394#0304000003241F81 0
(1698232897.514958) can0 47F#200000000000 0
(1698232897.517212) can0 340#1300000430005811 0
(1698232897.518262) can0 386#0505E084FA04DCC4 0
(1698232897.518264) can0 387#B84D677B00F40D00 0
(1698232897.521905) can0 381#80603900000C2A05 0
(1698232897.522912) can0 251#F10218A9002CF77B 0
(1698232897.522914) can0 2B0#C2FE000708 0
(1698232897.522915) can0 371#001E000093290010 0
(1698232897.522916) can0 372#270025009E000000 0
(1698232897.523895) can0 153#208010FF00FFC06E 0
(1698232897.523897) can0 160#00EAFF0A0000001F 0
(1698232897.523898) can0 164#0008020A 0
(1698232897.523899) can0 130#5A79947B00000080 0
(1698232897.524914) can0 140#4580006320000014 0
(1698232897.524916) can0 220#7143810000A90C13 0
(1698232897.524917) can0 490#00000820000000 0
(1698232897.524918) can0 495#00000D10F5B02EA7 0
(1698232897.525950) can0 4F1#60366670 0
(1698232897.526973) can0 389#0000000000000000 0
(1698232897.526975) can0 38D#0000080000000071 0
(1698232897.526976) can0 420#C01418C8FC4F6A00 0
(1698232897.526977) can0 421#000000FFE37F00A1 0
(1698232897.527937) can0 340#1300000440006811 0
(1698232897.531852) can0 371#001E000093290010 0
(1698232897.532876) can0 251#F50219E30030277C 0
(1698232897.532877) can0 2B0#C2FE000719 0
(1698232897.532878) can0 372#27002500A6000000 0
(1698232897.532879) can0 436#00000000 0
(1698232897.533917) can0 153#208010FF00FFD07E 0
(1698232897.533919) can0 160#00E9FF0A0000001C 0
(1698232897.533920) can0 164#0008040C 0
(1698232897.533921) can0 220#72E3800000AC0C24 0
(1698232897.533922) can0 130#5A79AE7B00000111 0
(1698232897.534927) can0 140#0F800063200001BF 0
(1698232897.534929) can0 394#0724000007241581 0
(1698232897.534930) can0 470#1100005555BC0000 0
(1698232897.534931) can0 47F#200000000000 0
(1698232897.534932) can0 500#01 0
(1698232897.535930) can0 520#0000000000000000 0
(1698232897.535931) can0 5C1#5F230A1063010009 0
(1698232897.535933) can0 5FF#600000C800C80000 0
(1698232897.537941) can0 386#0245E784FA44DE04 0
(1698232897.538929) can0 387#C2577185001D0E00 0
(1698232897.538930) can0 340#1300000450007811 0
(1698232897.538931) can0 485#00000000 0
(1698232897.542055) can0 381#80903900000D5B05 0
(1698232897.542933) can0 251#F9021AFA0032377C 0
(1698232897.542934) can0 2B0#C1FE00071A 0
(1698232897.542935) can0 371#001E000093290010 0
(1698232897.542936) can0 372#27002500A8000000 0
(1698232897.543969) can0 153#208010FF00FFE08E 0
(1698232897.543972) can0 160#00E9FF0A0000001C 0
(1698232897.543973) can0 164#0008060E 0
(1698232897.543974) can0 130#5479977B00000205 0
(1698232897.543975) can0 140#1C800063200002C6 0
(1698232897.544944) can0 220#7603800000AC0C38 0
(1698232897.544946) can0 50B#0000970000000000 0
(1698232897.546004) can0 4F1#60366680 0
(1698232897.546006) can0 50C#0000000008000080 0
(1698232897.546996) can0 52A#2C00000006001B00 0
(1698232897.546998) can0 389#0000000000000000 0
(1698232897.546999) can0 38D#0000080000000062 0
(1698232897.547000) can0 420#D01418C8FC4F6A00 0
(1698232897.548018) can0 421#000000FFE37F0092 0
(1698232897.548982) can0 340#1300000460008811 0
(1698232897.551853) can0 371#001E0000132A0010 0
(1698232897.552849) can0 251#FA021B0E0034477C 0
(1698232897.552851) can0 2B0#C1FE00070B 0
(1698232897.552852) can0 372#27002500A4000000 0
(1698232897.552853) can0 470#0544405155401400 0
(1698232897.553874) can0 153#208010FF00FF00AE 0
(1698232897.553876) can0 160#00E8FF0A0000001D 0
(1698232897.553877) can0 164#00080800 0
(1698232897.553878) can0 220#7343800000A90C42 0
(1698232897.553878) can0 130#5279867B0000034F 0
(1698232897.554886) can0 140#20800063200003B6 0
(1698232897.554888) can0 394#0244000002241D81 0
(1698232897.554889) can0 47F#200000000000 0
(1698232897.554890) can0 507#00000001 0
(1698232897.555893) can0 541#0304418080080005 0
(1698232897.557511) can0 340#1300000470009811 0
(1698232897.558517) can0 386#FA84E484FCC4DD04 0
(1698232897.558519) can0 387#CC617B8E00360000 0
(1698232897.561954) can0 381#80B83900000E8405 0
(1698232897.562972) can0 251#00031C4A0038777C 0
(1698232897.562974) can0 2B0#C0FE00076C 0
(1698232897.562975) can0 371#001E0000132B0010 0
(1698232897.562976) can0 153#208010FF00FF10BE 0
(1698232897.563976) can0 160#00E8FF0A0000001D 0
(1698232897.563978) can0 164#00080A02 0
(1698232897.563979) can0 220#7063800000A80C5E 0
(1698232897.563980) can0 130#5679BB7B000004F2 0
(1698232897.563981) can0 140#2B800063200004D0 0
(1698232897.564962) can0 372#27002500A4000000 0
(1698232897.564964) can0 54B#0010000000870100 0
(1698232897.565991) can0 4F1#40366690 0
(1698232897.566994) can0 389#0000000000000000 0
(1698232897.566995) can0 38D#0000080000000053 0
(1698232897.566996) can0 420#E01418C8FC4F6A00 0
(1698232897.566997) can0 421#000000FFE37F0083 0
(1698232897.567978) can0 340#130000048000A811 0
(1698232897.571885) can0 371#001E0000142C0010 0
(1698232897.572881) can0 251#02031D4F003A777C 0
(1698232897.572882) can0 2B0#C2FE00075D 0
(1698232897.572884) can0 372#27002500AA000000 0
(1698232897.572885) can0 153#208010FF00FF20CE 0
(1698232897.573901) can0 160#00E9FF0A0000001C 0
(1698232897.573902) can0 164#00080C04 0
(1698232897.573904) can0 220#7783800000AA0C69 0
(1698232897.573905) can0 130#5079FA7B000005C9 0
(1698232897.574922) can0 140#3080006320000541 0
(1698232897.574924) can0 394#0464000004241781 0
(1698232897.574925) can0 470#1544405555441400 0
(1698232897.574926) can0 47F#200000000000 0
(1698232897.574928) can0 490#00000820000000 0
(1698232897.577793) can0 386#FDC4E784FB84DF44 0
(1698232897.578801) can0 340#130000049000B811 0
(1698232897.578802) can0 387#D66B8598005F0100 0
(1698232897.581974) can0 371#001E0000142E0010 0
(1698232897.582970) can0 251#08031EAB003FC77C 0
(1698232897.582972) can0 2B0#C2FE00076E 0
(1698232897.582973) can0 372#27002500AC000000 0
(1698232897.582974) can0 153#208010FF00FF30DE 0
(1698232897.583990) can0 160#00E8FF0A0000001D 0
(1698232897.583992) can0 164#00080E06 0
(1698232897.583993) can0 220#7FA3800000A70C7C 0
(1698232897.583994) can0 130#5079DD7B00000624 0
(1698232897.583995) can0 140#158000632000063D 0
(1698232897.584967) can0 381#80F03900000FBD05 0
(1698232897.584969) can0 436#00000000 0
(1698232897.584971) can0 595#00009800E60E0000 0
(1698232897.586016) can0 4F1#403666A0 0
(1698232897.587014) can0 389#0000000000000000 0
(1698232897.587016) can0 38D#0000080000000044 0
(1698232897.587017) can0 420#F01418C8FC4F6A00 0
(1698232897.587019) can0 421#000000FFE37F0074 0
(1698232897.588035) can0 340#13000004A000C811 0
(1698232897.588036) can0 485#00000000 0
(1698232897.591894) can0 2B0#C1FE00074F 0
(1698232897.592942) can0 251#0D031FA40042B77C 0
(1698232897.592946) can0 371#001E000014300010 0
(1698232897.592947) can0 372#27002500B6000000 0
(1698232897.592949) can0 153#208010FF00FF40EE 0
(1698232897.593938) can0 160#00E9FF0A0000001C 0
(1698232897.593940) can0 164#00081018 0
(1698232897.593941) can0 130#5079CF7B00000703 0
(1698232897.593942) can0 140#0E800063200007AC 0
(1698232897.594950) can0 220#7C23800000A70C8B 0
(1698232897.594952) can0 394#0184000001241B81 0
(1698232897.594953) can0 470#1544405555481400 0
(1698232897.594954) can0 47F#200000000000 0
(1698232897.594955) can0 596#000000008E00FE64 0
(1698232897.597832) can0 386#FE04E6C4FB04DD44 0
(1698232897.598848) can0 387#E0748EA200860200 0
(1698232897.599889) can0 340#13000004B000D811 0
(1698232897.601926) can0 592#40EF160000035E48 0
(1698232897.602874) can0 251#0C0320B30041C77C 0
(1698232897.602876) can0 2B0#C0FE0007A0 0
(1698232897.602877) can0 371#001E000094320010 0
(1698232897.602878) can0 381#80083A000010D705 0
(1698232897.603897) can0 153#208010FF00FF50FE 0
(1698232897.603899) can0 160#00E9FF0A0000001C 0
(1698232897.603900) can0 130#4879037C00000859 0
(1698232897.603901) can0 140#2080006320000879 0
(1698232897.603902) can0 164#0008121A 0
(1698232897.604899) can0 220#7A03800000A70C99 0
(1698232897.604901) can0 372#27002500AA000000 0
(1698232897.605916) can0 4F1#603666B0 0
(1698232897.606916) can0 389#0000000000000000 0
(1698232897.606917) can0 38D#0000080000000035 0
(1698232897.606919) can0 420#001418C8FC4F6A00 0
(1698232897.607916) can0 340#13000004C000E811 0
(1698232897.607918) can0 421#000000FFE37F0065 0
(1698232897.607919) can0 50A#0A10000000000000 0
(1698232897.611811) can0 2B0#C0FE0007B1 0
(1698232897.612812) can0 251#0F0321DA0044E77C 0
(1698232897.612814) can0 371#001E000094340010 0
(1698232897.612815) can0 372#27002500B4000000 0
(1698232897.612816) can0 153#208010FF00FF600E 0
(1698232897.613851) can0 160#00E9FF0A0000001C 0
(1698232897.613852) can0 164#0008141C 0
(1698232897.613854) can0 130#4479087C00000936 0
(1698232897.613855) can0 140#4C8000632000096E 0
(1698232897.614875) can0 220#8063800000A30CAB 0
(1698232897.614876) can0 394#03A4000003241581 0
(1698232897.614878) can0 470#14444015404C1400 0
(1698232897.614879) can0 47F#200000000000 0
(1698232897.615826) can0 53E#000000002000 0
(1698232897.617411) can0 340#13000004D000F811 0
(1698232897.618398) can0 386#0245E3C4F984DEC4 0
(1698232897.618399) can0 387#EA7E98AC00AF0300 0
(1698232897.621956) can0 381#80383A0000110805 0
(1698232897.622901) can0 251#140322140047177D 0
(1698232897.622903) can0 2B0#C1FE000792 0
(1698232897.622904) can0 371#001E000014370010 0
(1698232897.622905) can0 153#208010FF00FF701E 0
(1698232897.623923) can0 160#00E9FF0A0000001C 0
(1698232897.623924) can0 164#0008161E 0
(1698232897.623925) can0 130#4079097C00000A12 0
(1698232897.623926) can0 140#3D80006320000A1C 0
(1698232897.623927) can0 220#8103810000A10CBB 0
(1698232897.624928) can0 372#27002500C2000000 0
(1698232897.624930) can0 490#00000820000000 0
(1698232897.624931) can0 495#00000D10F5B02EA7 0
(1698232897.625947) can0 4F1#403666C0 0
(1698232897.626943) can0 389#0000000000000000 0
(1698232897.626944) can0 38D#0000080000000026 0
(1698232897.626945) can0 420#101418C8FC4F6A00 0
(1698232897.626946) can0 421#000000FFE37F0056 0
(1698232897.628976) can0 340#13000004E0000811 0
(1698232897.631819) can0 371#001E000014390010 0
(1698232897.632804) can0 251#130323040047077D 0
(1698232897.632806) can0 2B0#C1FE000783 0
(1698232897.632808) can0 372#27002500C4000000 0
(1698232897.632809) can0 412#0000000000000000 0
(1698232897.633801) can0 153#208010FF00FF802E 0
(1698232897.633803) can0 160#00E9FF0A0000001C 0
(1698232897.633805) can0 130#3C79247C00000BD5 0
(1698232897.633807) can0 140#2480006320000B37 0
(1698232897.634841) can0 164#00081810 0
(1698232897.634843) can0 220#81C38000009F0CC6 0
(1698232897.634844) can0 394#06C4000006241D81 0
(1698232897.634845) can0 436#00000000 0
(1698232897.634846) can0 47F#200000000000 0
(1698232897.635834) can0 470#1100005555100000 0
(1698232897.635836) can0 500#01 0
(1698232897.635838) can0 4C9#0000000001000000 0
(1698232897.635839) can0 520#0000000000000000 0
(1698232897.635841) can0 5C1#5F250A1063010009 0
(1698232897.636820) can0 5FF#600000C800C80000 0
(1698232897.637842) can0 340#13000004F0001811 0
(1698232897.637844) can0 485#00000000 0
(1698232897.637846) can0 386#0485E6C4F704E0C4 0
(1698232897.638840) can0 387#F488A2B500D70400 0
(1698232897.641844) can0 381#80283A000012F905 0
(1698232897.642862) can0 251#100324CF0045D77C 0
(1698232897.642864) can0 2B0#C0FE0007E4 0
(1698232897.642865) can0 371#001E0080953B0010 0
(1698232897.642866) can0 372#27002500E0000000 0
(1698232897.643883) can0 153#208010FF00FF903E 0
(1698232897.643885) can0 160#00E9FF0A0000001C 0
(1698232897.643887) can0 130#4279217C00000C50 0
(1698232897.643888) can0 140#4180006320000CE1 0
(1698232897.643890) can0 164#00081A12 0
(1698232897.644884) can0 220#85638000009D0CD8 0
(1698232897.644885) can0 410#E012211880020020 0
(1698232897.644887) can0 50B#0000970000000000 0
(1698232897.645904) can0 4F1#603666D0 0
(1698232897.645906) can0 50C#0000000008000090 0
(1698232897.646904) can0 389#0000000000000000 0
(1698232897.646906) can0 38D#0000080000000017 0
(1698232897.646907) can0 420#201418C8FC4F6A00 0
(1698232897.646908) can0 421#000000FFE37F0047 0
(1698232897.649081) can0 340#1300000400002811 0
(1698232897.651885) can0 371#001E0080953D0010 0
(1698232897.652887) can0 251#0D0325DA0042E77C 0
(1698232897.652890) can0 2B0#C0FE0007F5 0
(1698232897.652892) can0 372#27002500E0000000 0
(1698232897.652892) can0 470#0544405155541400 0
(1698232897.653910) can0 153#208010FF00FFA04E 0
(1698232897.653912) can0 160#00E9FF0A0000001C 0
(1698232897.653913) can0 130#4C79227C00000DF2 0
(1698232897.653914) can0 140#5480006320000D71 0
(1698232897.653915) can0 164#00081C14 0
(1698232897.654916) can0 220#84E3800000A00CEA 0
(1698232897.654917) can0 394#07E4000007241981 0
(1698232897.654918) can0 47F#200000000000 0
(1698232897.654919) can0 507#00000001 0
(1698232897.655916) can0 50E#0000002000000000 0
(1698232897.655918) can0 541#0304418080080005 0
(1698232897.655919) can0 553#0001000201008000 0
(1698232897.656941) can0 593#441118181617 0
(1698232897.657975) can0 386#03C5E5C4F804E2C4 0
(1698232897.658997) can0 387#FE92ACBF00000500 0
(1698232897.658998) can0 340#1300000410003811 0
(1698232897.661905) can0 371#001E0080953E0010 0
(1698232897.662973) can0 251#130326370047377D 0
(1698232897.662975) can0 2B0#C0FE0007C6 0
(1698232897.662976) can0 372#27002500E0000000 0
(1698232897.662977) can0 153#208010FF00FFB05E 0
(1698232897.663976) can0 160#00E9FF0A0000001C 0
(1698232897.663978) can0 164#00081E16 0
(1698232897.663979) can0 130#52792A7C00000E1A 0
(1698232897.663980) can0 140#6180006320000EB4 0
(1698232897.663981) can0 220#8423810000A50CF0 0
(1698232897.664963) can0 381#80303A0000130205 0
(1698232897.664965) can0 54B#0010000000870100 0
(1698232897.664966) can0 559#0000000000000000 0
(1698232897.665953) can0 4F1#603666E0 0
(1698232897.666954) can0 389#0000000000000000 0
(1698232897.666955) can0 38D#0000080000000008 0
(1698232897.666956) can0 420#301418C8FC4F6A00 0
(1698232897.666957) can0 421#000000FFE37F0038 0
(1698232897.668018) can0 340#1300000420004811 0
(1698232897.671844) can0 371#001E0080153F0010 0
(1698232897.672871) can0 251#1C032778004E677D 0
(1698232897.672873) can0 2B0#C2FE0007F7 0
(1698232897.672875) can0 372#27002500EC000000 0
(1698232897.672876) can0 470#1544405555581400 0
(1698232897.673892) can0 153#208010FF00FFC06E 0
(1698232897.673894) can0 160#00E9FF0A0000001C 0
(1698232897.673895) can0 130#52791F7C00000FF7 0
(1698232897.673897) can0 140#7D80006320000FAB 0
(1698232897.674894) can0 164#00080008 0
(1698232897.674896) can0 220#8563810000A80C04 0
(1698232897.674897) can0 394#0B0400000B241F81 0
(1698232897.674898) can0 47F#200000000000 0
(1698232897.674899) can0 490#00000820000000 0
(1698232897.675905) can0 544#0000000000000000 0
(1698232897.677858) can0 386#0205E904FCC4E5C4 0
(1698232897.678851) can0 387#099BB6C900290600 0
(1698232897.678853) can0 340#1300000430005811 0
(1698232897.681914) can0 381#80803A0000145305 0
(1698232897.682972) can0 251#1E03286D0050577D 0
(1698232897.682974) can0 2B0#C2FE000708 0
(1698232897.682975) can0 371#001E0080953F0010 0
(1698232897.682975) can0 153#208010FF00FFD07E 0
(1698232897.683977) can0 160#00E7FF0A00000012 0
(1698232897.683979) can0 164#0008020A 0
(1698232897.683980) can0 130#5479357C000000FD 0
(1698232897.683981) can0 140#9680006320000035 0
(1698232897.683982) can0 220#84C3810000A80C15 0
(1698232897.684963) can0 372#27002500FE000000 0
(1698232897.684964) can0 436#00000000 0
(1698232897.684965) can0 595#0000A000E60E0000 0
(1698232897.685982) can0 4F1#403666F0 0
(1698232897.686959) can0 389#0000000000000000 0
(1698232897.686960) can0 38D#00000800000000F9 0
(1698232897.686962) can0 420#401418C8FC4F6A00 0
(1698232897.686963) can0 421#000000FFE37F0029 0
(1698232897.688018) can0 340#1300000440006811 0
(1698232897.688999) can0 485#00000000 0
(1698232897.691910) can0 371#001E0080953F0010 0
(1698232897.692939) can0 251#1403290C0048077D 0
(1698232897.692941) can0 2B0#C2FE000719 0
(1698232897.692942) can0 372#2700250008010000 0
(1698232897.692943) can0 470#15444055559C1400 0
(1698232897.693930) can0 153#208010FF00FFE08E 0
(1698232897.693932) can0 160#00E9FF0A0000001C 0
(1698232897.693933) can0 130#5A79327C000001EA 0
(1698232897.693934) can0 140#7B800063200001DE 0
(1698232897.693935) can0 164#0008040C 0
(1698232897.694954) can0 220#8743820000A90C28 0
(1698232897.694956) can0 394#1224000012241D81 0
(1698232897.694957) can0 47F#200000000000 0
(1698232897.694958) can0 596#000000008E00FE64 0
(1698232897.697830) can0 386#0145E904FEC4E1C4 0
(1698232897.698850) can0 387#13A5C0D200510700 0
(1698232897.699849) can0 340#1300000450007811 0
(1698232897.701921) can0 381#80303A0000150405 0
(1698232897.702966) can0 251#12032A290046277D 0
(1698232897.702967) can0 2B0#C4FE00074A 0
(1698232897.702968) can0 371#001E008015400010 0
(1698232897.702969) can0 153#208010FF00FF00AE 0
(1698232897.703973) can0 160#00E9FF0A0000001C 0
(1698232897.703975) can0 164#0008060E 0
(1698232897.703977) can0 130#6279107C000002DC 0
(1698232897.703978) can0 140#5380006320000244 0
(1698232897.703979) can0 220#86C3810000AC0C3B 0
(1698232897.704945) can0 372#270025000A010000 0
(1698232897.704946) can0 592#40EF180000045888 0
(1698232897.706085) can0 4F1#40366600 0
(1698232897.706996) can0 389#0000000000000000 0
(1698232897.706998) can0 38D#00000800000000EA 0
(1698232897.706999) can0 420#501418C8FC4F6A00 0
(1698232897.707000) can0 421#000000FFE37F001A 0
(1698232897.708016) can0 340#1300000460008811 0
(1698232897.712068) can0 371#001E008095400010 0
(1698232897.712964) can0 251#0D032BF00042F77C 0
(1698232897.712966) can0 2B0#C4FE00075B 0
(1698232897.712967) can0 372#270025000C010000 0
(1698232897.712968) can0 470#1444401540201400 0
(1698232897.713890) can0 153#208010FF00FF10BE 0
(1698232897.713892) can0 160#00E9FF0A0000001C 0
(1698232897.713893) can0 130#6C79117C000003AA 0
(1698232897.713894) can0 140#5F800063200003E2 0
(1698232897.713895) can0 164#00080800 0
(1698232897.714912) can0 220#8223810000B00C4B 0
(1698232897.714914) can0 394#0944000009241F81 0
(1698232897.714916) can0 47F#200000000000 0
(1698232897.717849) can0 386#0085E8040105DE84 0
(1698232897.718847) can0 340#1300000470009811 0
(1698232897.718849) can0 387#1DAFCADC007A0800 0
(1698232897.720533) can0 53E#000000002000 0
(1698232897.721914) can0 381#80203A000016F505 0
(1698232897.722908) can0 251#10032C580045577D 0
(1698232897.722909) can0 2B0#C4FE00072C 0
(1698232897.722911) can0 371#001E008095400010 0
(1698232897.722912) can0 372#27002500FE000000 0
(1698232897.723936) can0 153#208010FF00FF20CE 0
(1698232897.723937) can0 160#00EBFF0A0000001E 0
(1698232897.723938) can0 130#74790B7C000004DF 0
(1698232897.723939) can0 140#9E80006320000493 0
(1698232897.723940) can0 164#00080A02 0
(1698232897.724922) can0 220#8263810000B50C5E 0
(1698232897.724924) can0 490#00000820000000 0
(1698232897.724925) can0 495#00000D10F5B02EA7 0
(1698232897.725953) can0 4F1#60366610 0
(1698232897.726970) can0 389#0000000000000000 0
(1698232897.726972) can0 38D#00000800000000DB 0
(1698232897.726973) can0 420#601418C8FC4F6A00 0
(1698232897.727990) can0 421#000000FFE37F000B 0
(1698232897.728940) can0 340#130000048000A811 0
(1698232897.731915) can0 371#001E008095410010 0
(1698232897.732897) can0 251#14032D400048377D 0
(1698232897.732899) can0 2B0#C4FE00073D 0
(1698232897.732900) can0 372#2700250006010000 0
(1698232897.732901) can0 436#00000000 0
(1698232897.733892) can0 153#208010FF00FF30DE 0
(1698232897.733894) can0 160#00E9FF0A0000001C 0
(1698232897.733895) can0 130#70792D7C0000050B 0
(1698232897.733896) can0 140#CA80006320000580 0
(1698232897.733898) can0 164#00080C04 0
(1698232897.734948) can0 220#8163820000B90C62 0
(1698232897.734950) can0 394#1364000013241781 0
(1698232897.734951) can0 470#1100005555240000 0
(1698232897.734952) can0 47F#200000000000 0
(1698232897.734953) can0 500#01 0
(1698232897.735955) can0 520#0000000000000000 0
(1698232897.735957) can0 5C1#5F270A1063010009 0
(1698232897.735958) can0 5FF#600000C800C80000 0
(1698232897.737537) can0 340#130000049000B811 0
(1698232897.738520) can0 485#00000000 0
(1698232897.738522) can0 386#02C5E6040105E184 0
(1698232897.738523) can0 387#27B9D4E600A30900 0
(1698232897.740124) can0 4A7#0100 0
(1698232897.741890) can0 371#001E008095410010 0
(1698232897.742911) can0 251#11032E0B0045077D 0
(1698232897.742912) can0 2B0#C4FE00070E 0
(1698232897.742914) can0 372#2700250012010000 0
(1698232897.742915) can0 381#80303A0000170605 0
(1698232897.743910) can0 153#208010FF00FF40EE 0
(1698232897.743912) can0 160#00E8FF0A0000001D 0
(1698232897.743913) can0 130#6A792C7C00000697 0
(1698232897.743914) can0 140#A08000632000067E 0
(1698232897.743915) can0 164#00080E06 0
(1698232897.744895) can0 220#8603830000B70C76 0
(1698232897.744897) can0 50B#0000970000000000 0
(1698232897.745922) can0 4F1#60366620 0
(1698232897.745923) can0 50C#00000000080000A0 0
(1698232897.746934) can0 52A#2C00000006001B00 0
(1698232897.746936) can0 389#0000000000000000 0
(1698232897.746937) can0 38D#00000800000000CC 0
(1698232897.746938) can0 420#701418C8FC4F6A00 0
(1698232897.747916) can0 421#000000FFE37F00FC 0
(1698232897.747917) can0 5B0#4D7E0300 0
(1698232897.749532) can0 340#13000004A000C811 0
(1698232897.751910) can0 2B0#C6FE01072F 0
(1698232897.752916) can0 251#09032FED003FF77C 0
(1698232897.752918) can0 371#001E008015420010 0
(1698232897.752919) can0 372#2700250016010000 0
(1698232897.752920) can0 153#208010FF00FF50FE 0
(1698232897.753896) can0 160#00E8FF0A0000001D 0
(1698232897.753897) can0 164#00081018 0
(1698232897.753898) can0 130#7079037C000007E6 0
(1698232897.753899) can0 140#5C80006320000771 0
(1698232897.754926) can0 220#8663820000B40C82 0
(1698232897.754927) can0 394#1384000013241581 0
(1698232897.754928) can0 470#0544405155681400 0
(1698232897.754929) can0 47F#200000000000 0
(1698232897.754930) can0 507#00000001 0
(1698232897.755927) can0 541#0304418080080005 0
(1698232897.757980) can0 386#0405EC4404C5E384 0
(1698232897.758890) can0 340#13000004B000D811 0
(1698232897.758891) can0 387#31C2DEF000CB0A00 0
(1698232897.762037) can0 381#80003A000018D705 0
(1698232897.763032) can0 251#0B0330230041277D 0
(1698232897.763034) can0 2B0#C6FE0107D0 0
(1698232897.763035) can0 371#001E008095430010 0
(1698232897.763036) can0 372#270025001E010000 0
(1698232897.763918) can0 153#208010FF00FF600E 0
(1698232897.763919) can0 160#00E9FF0A0000001C 0
(1698232897.763920) can0 130#7A792C7C00000888 0
(1698232897.763921) can0 140#5F8000632000082D 0
(1698232897.763922) can0 164#0008121A 0
(1698232897.765065) can0 220#8043810000B70C9E 0
(1698232897.765067) can0 54B#0010000000870100 0
(1698232897.766047) can0 4F1#40366630 0
(1698232897.766976) can0 389#0000000000000000 0
(1698232897.766978) can0 38D#00000800000000BD 0
(1698232897.766979) can0 420#801418C8FC4F6A00 0
(1698232897.767936) can0 421#000000FFE37F00ED 0
(1698232897.768961) can0 340#13000004C000E811 0
(1698232897.771814) can0 2B0#C6FE0007D1 0
(1698232897.772989) can0 251#0D0331170042177D 0
(1698232897.772990) can0 371#001E008015440010 0
(1698232897.772991) can0 372#2700250010010000 0
(1698232897.772992) can0 153#208010FF00FF701E 0
(1698232897.773957) can0 160#00E9FF0A0000001C 0
(1698232897.773959) can0 164#0008141C 0
(1698232897.773960) can0 130#7C79647C000009AE 0
(1698232897.773961) can0 140#AC8000632000097E 0
(1698232897.774980) can0 220#8663810000BC0CAB 0
(1698232897.774981) can0 394#0BA400000B241581 0
(1698232897.774983) can0 470#1544405555AC1400 0
(1698232897.774984) can0 47F#200000000000 0
(1698232897.774985) can0 490#00000820000000 0
(1698232897.777975) can0 340#13000004D000F811 0
(1698232897.778789) can0 386#0145E944FCC4E3C4 0
(1698232897.778791) can0 387#3BCCE8F900F30B00 0
(1698232897.778792) can0 5E3#0000000000000000 0
(1698232897.782056) can0 381#80E039000019B705 0
(1698232897.783028) can0 251#03033285003A977C 0
(1698232897.783029) can0 2B0#C6FE0007E2 0
(1698232897.783030) can0 371#001E008015450010 0
(1698232897.783031) can0 372#270025000A010000 0
(1698232897.783972) can0 153#208010FF00FF802E 0
(1698232897.783974) can0 160#00E9FF0A0000001C 0
(1698232897.783975) can0 130#7679407C00000A95 0
(1698232897.783976) can0 140#EB80006320000A09 0
(1698232897.784944) can0 164#0008161E 0
(1698232897.784945) can0 220#8D83820000BD0CB2 0
(1698232897.784946) can0 436#00000000 0
(1698232897.784947) can0 595#0000CB00E40E0000 0
(1698232897.786080) can0 4F1#60366640 0
(1698232897.786938) can0 389#0000000000000000 0
(1698232897.786940) can0 38D#00000800000000AE 0
(1698232897.786941) can0 420#901418C8FC4F6A00 0
(1698232897.787957) can0 421#000000FFE37F00DE 0
(1698232897.788990) can0 340#13000004E0000811 0
(1698232897.788992) can0 485#00000000 0
(1698232897.791916) can0 371#001E008015460010 0
(1698232897.792896) can0 251#F70233600031877C 0
(1698232897.792897) can0 2B0#C8FE010703 0
(1698232897.792898) can0 372#270025000A010000 0
(1698232897.792899) can0 470#1544405555B01400 0
(1698232897.794067) can0 153#208010FF00FF903E 0
(1698232897.794069) can0 160#00E9FF0A0000001C 0
(1698232897.794070) can0 130#7479217C00000B06 0
(1698232897.794071) can0 140#C280006320000BF4 0
(1698232897.794072) can0 164#00081810 0
(1698232897.795042) can0 220#8883830000BA0CCD 0
(1698232897.795043) can0 394#1CC400001C241F81 0
(1698232897.795044) can0 47F#200000000000 0
(1698232897.795045) can0 596#000000008E00FE64 0
(1698232897.797964) can0 386#0585E844F904E2C4 0
(1698232897.798946) can0 387#45D6F204001D0C00 0
(1698232897.798948) can0 340#13000004F0001811 0
(1698232897.802134) can0 381#80983900001A7005 0
(1698232897.803019) can0 251#FA0234A70034C77C 0
(1698232897.803021) can0 2B0#C6FE000784 0
(1698232897.803022) can0 592#40EF1900000552C8 0
(1698232897.803023) can0 371#001E008015470010 0
(1698232897.803896) can0 153#208010FF00FFA04E 0
(1698232897.803898) can0 160#00E9FF0A0000001C 0
(1698232897.803899) can0 130#7C79487C00000CC4 0
(1698232897.803900) can0 140#6480006320000CBA 0
(1698232897.803901) can0 164#00081A12 0
(1698232897.804922) can0 220#84E3820000B90CD7 0
(1698232897.804923) can0 372#2700250018010000 0
(1698232897.805956) can0 4F1#40366650 0
(1698232897.806974) can0 389#0000000000000000 0
(1698232897.806975) can0 38D#0000080000000080 0
(1698232897.806976) can0 420#A01418C8FC4F6A00 0
(1698232897.807937) can0 421#000000FFE37F00B0 0
(1698232897.807939) can0 50A#0A10000000000000 0
(1698232897.807940) can0 340#1300000400002811 0
(1698232897.812106) can0 371#001E008095470010 0
(1698232897.813028) can0 251#000335C30038D77C 0
(1698232897.813030) can0 2B0#C6FE000795 0
(1698232897.813031) can0 372#2700250020010000 0
(1698232897.813032) can0 470#1444400540741400 0
(1698232897.813955) can0 153#208010FF00FFB05E 0
(1698232897.813957) can0 160#00EAFF0A0000001F 0
(1698232897.813958) can0 164#00081C14 0
(1698232897.813959) can0 130#8879617C00000DC5 0
(1698232897.814930) can0 140#5180006320000D45 0
(1698232897.814932) can0 220#8963810000BD0CEF 0
(1698232897.814933) can0 394#0BE400000B241181 0
(1698232897.814934) can0 47F#200000000000 0
(1698232897.817992) can0 386#07C5ED44F884E2C4 0
(1698232897.818872) can0 340#1300000410003811 0
(1698232897.818874) can0 387#4FE0FC0E00460D00 0
(1698232897.822073) can0 371#001E008095480010 0
(1698232897.822913) can0 251#030336C9003AD77C 0
(1698232897.822914) can0 2B0#C8FE010756 0
(1698232897.822915) can0 372#2700250026010000 0
(1698232897.822916) can0 153#208010FF00FFC06E 0
(1698232897.823922) can0 160#00E9FF0A0000001C 0
(1698232897.823924) can0 164#00081E16 0
(1698232897.823925) can0 220#8C23810000C30CF6 0
(1698232897.823926) can0 130#8A797D7C00000E74 0
(1698232897.823927) can0 140#6F80006320000EB5 0
(1698232897.824926) can0 381#80D03900001BA905 0
(1698232897.824928) can0 490#00000820000000 0
(1698232897.824929) can0 495#00000D10F5B02EA7 0
(1698232897.824930) can0 53E#000000002000 0
(1698232897.825921) can0 4F1#40366660 0
(1698232897.826948) can0 389#0000000000000000 0
(1698232897.826950) can0 38D#0000080000000071 0
(1698232897.826951) can0 420#B01418C8FC4F6A00 0
(1698232897.827942) can0 421#000000FFE37F00A1 0
(1698232897.827943) can0 340#1300000420004811 0
(1698232897.831795) can0 371#001E008095480010 0
(1698232897.832796) can0 251#020337B9003AC77C 0
(1698232897.832798) can0 2B0#C6FE0007B7 0
(1698232897.832799) can0 372#2700250014010000 0
(1698232897.832800) can0 412#0000000000000000 0
(1698232897.833780) can0 153#208010FF00FFD07E 0
(1698232897.833782) can0 160#00E9FF0A0000001C 0
(1698232897.833783) can0 164#00080008 0
(1698232897.833784) can0 130#8C79777C00000F19 0
(1698232897.834788) can0 140#A480006320000FE2 0
(1698232897.834790) can0 220#90A3810000C40C0D 0
(1698232897.834791) can0 394#0D0400000D241B81 0
(1698232897.834792) can0 436#00000000 0
(1698232897.834793) can0 47F#200000000000 0
(1698232897.835824) can0 470#1100005555780000 0
(1698232897.835826) can0 500#01 0
(1698232897.835827) can0 4C9#0000000001000000 0
(1698232897.835829) can0 520#0000000000000000 0
(1698232897.835830) can0 5C1#5F290A1063010009 0
(1698232897.836801) can0 5FF#600000C800C80000 0
(1698232897.837822) can0 340#1300000430005811 0
(1698232897.838819) can0 386#0405EA84FF84E4C4 0
(1698232897.838821) can0 387#59EA0717006F0E00 0
(1698232897.838822) can0 485#00000000 0
(1698232897.841845) can0 381#80C03900001C9A05 0
(1698232897.842841) can0 251#FF0238A40038B77C 0
(1698232897.842843) can0 2B0#C8FE0107B8 0
(1698232897.842844) can0 371#001E008096490010 0
(1698232897.842845) can0 153#208010FF00FFE08E 0
(1698232897.843882) can0 160#00E9FF0A0000001C 0
(1698232897.843884) can0 164#0008020A 0
(1698232897.843886) can0 220#8F63820000C50C1C 0
(1698232897.843887) can0 130#8A79567C000000DA 0
(1698232897.844862) can0 140#BF800063200000D5 0
(1698232897.844863) can0 372#270025001C010000 0
(1698232897.844865) can0 410#E012211880020020 0
(1698232897.844866) can0 50B#0000970000000000 0
(1698232897.845882) can0 4F1#60366670 0
(1698232897.845884) can0 50C#00000000080000B0 0
(1698232897.846882) can0 389#0000000000000000 0
(1698232897.846884) can0 38D#0000080000000062 0
(1698232897.846886) can0 420#C01418C8FC4F6A00 0
(1698232897.847898) can0 421#000000FFE37F0092 0
(1698232897.849946) can0 340#1300000440006811 0
(1698232897.851901) can0 2B0#C6FE000759 0
(1698232897.852896) can0 251#FD0239910036A77C 0
(1698232897.852898) can0 371#001E0080164B0010 0
(1698232897.852899) can0 372#270025002C010000 0
(1698232897.852901) can0 153#208010FF00FF00AE 0
(1698232897.853912) can0 160#00E9FF0A0000001C 0
(1698232897.853913) can0 164#0008040C 0
(1698232897.853914) can0 220#8BE3820000C40C29 0
(1698232897.853915) can0 130#8679597C00000100 0
(1698232897.854956) can0 140#B4800063200001FD 0
(1698232897.854958) can0 394#1724000017241381 0
(1698232897.854959) can0 470#0544405155FC1400 0
(1698232897.854960) can0 47F#200000000000 0
(1698232897.854961) can0 507#00000001 0
(1698232897.855976) can0 50E#0000002000000000 0
(1698232897.855977) can0 541#0304418080080005 0
(1698232897.855978) can0 553#0001000201008000 0
(1698232897.856951) can0 593#441118181617 0
(1698232897.857968) can0 340#1300000450007811 0
(1698232897.857970) can0 386#0845EB8404C5E884 0
(1698232897.858994) can0 387#63F3112100880000 0
(1698232897.861915) can0 381#80A83900001D8305 0
(1698232897.862896) can0 251#FD023AA20036B77C 0
(1698232897.862897) can0 2B0#C7FE00077A 0
(1698232897.862899) can0 371#001E0080164C0010 0
(1698232897.862900) can0 372#2700250034010000 0
(1698232897.863917) can0 153#208010FF00FF10BE 0
(1698232897.863919) can0 160#00E7FF0A00000012 0
(1698232897.863920) can0 164#0008060E 0
(1698232897.863921) can0 130#8E79827C0000026E 0
(1698232897.863922) can0 140#A480006320000263 0
(1698232897.864940) can0 220#8BA3820000C20C37 0
(1698232897.864941) can0 54B#0010000000870100 0
(1698232897.864943) can0 559#0000000000000000 0
(1698232897.865932) can0 4F1#A0366680 0
(1698232897.866934) can0 389#0000000000000000 0
(1698232897.866935) can0 38D#0000080000000053 0
(1698232897.866936) can0 420#D01418C8FC4F6A00 0
(1698232897.867937) can0 421#000000FFE37F0083 0
(1698232897.867939) can0 340#1300000460008811 0
(1698232897.871831) can0 371#001E0080164C0010 0
(1698232897.872873) can0 251#FF023BB60037C77C 0
(1698232897.872874) can0 2B0#C6FE00077B 0
(1698232897.872876) can0 372#2700250038010000 0
(1698232897.872877) can0 470#1544405555401400 0
(1698232897.873893) can0 153#208010FF00FF20CE 0
(1698232897.873895) can0 160#00E9FF0A0000001C 0
(1698232897.873896) can0 130#9A79A87C000003C1 0
(1698232897.873897) can0 140#7F8000632000038D 0
(1698232897.874897) can0 164#00080800 0
(1698232897.874899) can0 220#9163820000C60C41 0
(1698232897.874900) can0 394#1344000013241981 0
(1698232897.874901) can0 47F#200000000000 0
(1698232897.874902) can0 490#00000820000000 0
(1698232897.875914) can0 544#0000000000000000 0
(1698232897.877876) can0 386#0685EE840345E8C4 0
(1698232897.878872) can0 387#6DFD1B2B00B10100 0
(1698232897.879866) can0 340#1300000470009811 0
(1698232897.881879) can0 381#80C83900001EA405 0
(1698232897.882896) can0 251#01033CCC0039D77C 0
(1698232897.882897) can0 2B0#C8FE0007EC 0
(1698232897.882898) can0 371#001E0080164C0010 0
(1698232897.882899) can0 372#2700250026010000 0
(1698232897.883917) can0 153#208010FF00FF30DE 0
(1698232897.883919) can0 160#00E9FF0A0000001C 0
(1698232897.883920) can0 130#9C797A7C000004C7 0
(1698232897.883921) can0 140#AB80006320000471 0
(1698232897.883922) can0 164#00080A02 0
(1698232897.884939) can0 220#95E3810000CC0C58 0
(1698232897.884940) can0 436#00000000 0
(1698232897.884941) can0 595#0000E700E20E0000 0
(1698232897.885936) can0 4F1#80366690 0
(1698232897.886976) can0 389#0000000000000000 0
(1698232897.886977) can0 38D#0000080000000044 0
(1698232897.886978) can0 420#E01418C8FC4F6A00 0
(1698232897.887959) can0 340#130000048000A811 0
(1698232897.887960) can0 421#000000FFE37F0074 0
(1698232897.887961) can0 485#00000000 0
(1698232897.891906) can0 371#001E0080164C0010 0
(1698232897.892915) can0 251#02033DBF003AC77C 0
(1698232897.892917) can0 2B0#C6FE00071D 0
(1698232897.892919) can0 372#2700250022010000 0
(1698232897.892920) can0 470#1544405555441400 0
(1698232897.894033) can0 153#208010FF00FF40EE 0
(1698232897.894035) can0 160#00E9FF0A0000001C 0
(1698232897.894036) can0 130#94793A7C00000597 0
(1698232897.894037) can0 140#E5800063200005B3 0
(1698232897.894038) can0 164#00080C04 0
(1698232897.894930) can0 220#9083820000CD0C67 0
(1698232897.894932) can0 394#1464000014241581 0
(1698232897.894933) can0 47F#200000000000 0
(1698232897.894934) can0 596#000000008E00FE64 0
(1698232897.897815) can0 386#05C5EF8403C5E9C4 0
(1698232897.898971) can0 387#7708253500DB0200 0
(1698232897.899871) can0 340#130000049000B811 0
(1698232897.901943) can0 381#80D83900001FB505 0
(1698232897.903113) can0 251#03033ED2003BD77C 0
(1698232897.903114) can0 2B0#C8FE0007CE 0
(1698232897.903115) can0 371#001E0080164C0010 0
(1698232897.903116) can0 153#208010FF00FF50FE 0
(1698232897.903992) can0 160#00E9FF0A0000001C 0
(1698232897.903994) can0 164#00080E06 0
(1698232897.903995) can0 130#8879407C000006A1 0
(1698232897.903996) can0 140#D2800063200006CC 0
(1698232897.903997) can0 220#8783830000C90C7B 0
(1698232897.904999) can0 372#2700250032010000 0
(1698232897.905000) can0 592#40EF1C0000054C08 0
(1698232897.906128) can0 4F1#803666A0 0
(1698232897.907038) can0 389#0000000000000000 0
(1698232897.907040) can0 38D#0000080000000035 0
(1698232897.907041) can0 420#F01418C8FC4F6A00 0
(1698232897.908062) can0 421#000000FFE37F0065 0
(1698232897.909007) can0 340#13000004A000C811 0
(1698232897.911898) can0 371#001E0080164C0010 0
(1698232897.912909) can0 251#06033FD8003DD77C 0
(1698232897.912911) can0 2B0#C7FE00072F 0
(1698232897.912912) can0 372#270025003C010000 0
(1698232897.912913) can0 470#1444401540081400 0
(1698232897.913910) can0 153#208010FF00FF600E 0
(1698232897.913912) can0 160#00E8FF0A0000001D 0
(1698232897.913913) can0 130#8679857C000007DE 0
(1698232897.913914) can0 140#B680006320000709 0
(1698232897.913915) can0 164#00081018 0
(1698232897.914935) can0 220#8823830000C30C84 0
(1698232897.914936) can0 394#1984000019241981 0
(1698232897.914937) can0 47F#200000000000 0
(1698232897.917006) can0 340#13000004B000D811 0
(1698232897.918037) can0 386#0A05EEC40105E7C4 0
(1698232897.919057) can0 387#81122F3F00040300 0
(1698232897.921935) can0 381#80E839000020C605 0
(1698232897.922956) can0 251#060340E9003DE77C 0
(1698232897.922957) can0 2B0#C6FE0007C0 0
(1698232897.922958) can0 371#001E0080964C0010 0
(1698232897.922959) can0 372#270025003A010000 0
(1698232897.923916) can0 153#208010FF00FF701E 0
(1698232897.923918) can0 160#00EBFF0A0000001E 0
(1698232897.923919) can0 130#8C79AE7C00000805 0
(1698232897.923920) can0 140#A980006320000857 0
(1698232897.924945) can0 164#0008121A 0
(1698232897.924946) can0 220#91C3820000C20C9D 0
(1698232897.924947) can0 490#00000820000000 0
(1698232897.924949) can0 495#00000D10F5B02EA7 0
(1698232897.926085) can0 53E#000000002000 0
(1698232897.926087) can0 4F1#A03666B0 0
(1698232897.926977) can0 389#0000000000000000 0
(1698232897.926979) can0 38D#0000080000000026 0
(1698232897.926980) can0 420#001418C8FC4F6A00 0
(1698232897.927960) can0 421#000000FFE37F0056 0
(1698232897.927961) can0 340#13000004C000E811 0
(1698232897.932065) can0 2B0#C8FE000731 0
(1698232897.932941) can0 251#080341ED003EE77C 0
(1698232897.932942) can0 371#001E0080164D0010 0
(1698232897.932943) can0 372#2700250032010000 0
(1698232897.932944) can0 436#00000000 0
(1698232897.933942) can0 153#208010FF00FF802E 0
(1698232897.933944) can0 160#00E9FF0A0000001C 0
(1698232897.933945) can0 130#8A796F7C0000091D 0
(1698232897.933946) can0 140#BD8000632000099A 0
(1698232897.933947) can0 164#0008141C 0
(1698232897.934970) can0 220#9683820000C50CA5 0
(1698232897.934972) can0 394#14A4000014241181 0
(1698232897.934973) can0 470#11000055554C0000 0
(1698232897.934974) can0 47F#200000000000 0
(1698232897.935852) can0 500#01 0
(1698232897.935854) can0 520#0000000000000000 0
(1698232897.935855) can0 5C1#5F290A1063010009 0
(1698232897.935856) can0 5FF#600000C800C80000 0
(1698232897.937962) can0 386#0945ECC40285E984 0
(1698232897.938955) can0 387#8B1B3948002B0400 0
(1698232897.938957) can0 340#13000004D000F811 0
(1698232897.938958) can0 485#00000000 0
(1698232897.941874) can0 371#001E0080164D0010 0
(1698232897.943007) can0 251#060342CB003DC77C 0
(1698232897.943008) can0 2B0#C6FE0007E2 0
(1698232897.943009) can0 372#270025002E010000 0
(1698232897.943010) can0 381#80E839000021C705 0
(1698232897.943880) can0 153#208010FF00FF903E 0
(1698232897.943881) can0 160#00E8FF0A0000001D 0
(1698232897.943882) can0 130#80792A7C00000A12 0
(1698232897.943883) can0 140#CB80006320000A66 0
(1698232897.943884) can0 164#0008161E 0
(1698232897.944874) can0 220#8EE3820000C40CBA 0
(1698232897.944875) can0 50B#0000970000000000 0
(1698232897.946052) can0 4F1#803666C0 0
(1698232897.946054) can0 50C#00000000080000C0 0
(1698232897.946897) can0 52A#2C00000006001B00 0
(1698232897.946898) can0 389#0000000000000000 0
(1698232897.946899) can0 38D#0000080000000017 0
(1698232897.946900) can0 420#101418C8FC4F6A00 0
(1698232897.948068) can0 421#000000FFE37F0047 0
(1698232897.949054) can0 340#13000004E0000811 0
(1698232897.951793) can0 2B0#C6FE0007F3 0
(1698232897.952835) can0 251#030343C6003AC77C 0
(1698232897.952837) can0 371#001E0080164D0010 0
(1698232897.952838) can0 372#2700250038010000 0
(1698232897.952839) can0 153#208010FF00FFA04E 0
(1698232897.953981) can0 160#00E9FF0A0000001C 0
(1698232897.953983) can0 164#00081810 0
(1698232897.953984) can0 130#74791F7C00000B3F 0
(1698232897.953985) can0 140#AF80006320000BA3 0
(1698232897.954834) can0 220#8503830000BF0CCF 0
(1698232897.954836) can0 394#18C4000018241781 0
(1698232897.954837) can0 470#0544405155501400 0
(1698232897.954838) can0 47F#200000000000 0
(1698232897.954839) can0 507#00000001 0
(1698232897.955854) can0 541#0304418080080005 0
(1698232897.957570) can0 340#13000004F0001811 0
(1698232897.958618) can0 386#0685F0C40685E684 0
(1698232897.958620) can0 387#9525435200540500 0
(1698232897.962095) can0 381#80C839000022A805 0
(1698232897.962915) can0 251#010344B40039B77C 0
(1698232897.962917) can0 2B0#C8FE000764 0
(1698232897.962918) can0 371#001E0080164D0010 0
(1698232897.962919) can0 372#270025003A010000 0
(1698232897.963931) can0 153#208010FF00FFB05E 0
(1698232897.963932) can0 160#00E9FF0A0000001C 0
(1698232897.963934) can0 130#6E79137C00000C7F 0
(1698232897.963935) can0 140#9980006320000CF5 0
(1698232897.963936) can0 164#00081A12 0
(1698232897.964898) can0 220#84A3820000B90CD7 0
(1698232897.964900) can0 54B#0010000000870100 0
(1698232897.965895) can0 4F1#A03666D0 0
(1698232897.966912) can0 389#0000000000000000 0
(1698232897.966913) can0 38D#0000080000000008 0
(1698232897.966914) can0 420#201418C8FC4F6A00 0
(1698232897.967916) can0 421#000000FFE37F0038 0
(1698232897.968958) can0 340#1300000400002811 0
(1698232897.971933) can0 371#001E0080164D0010 0
(1698232897.972921) can0 251#FC02457B0035877C 0
(1698232897.972923) can0 2B0#C6FE000795 0
(1698232897.972925) can0 372#2700250034010000 0
(1698232897.972926) can0 470#1544405555541400 0
(1698232897.973952) can0 153#208010FF00FFC06E 0
(1698232897.973954) can0 160#00E9FF0A0000001C 0
(1698232897.973955) can0 130#7079147C00000DD1 0
(1698232897.973956) can0 140#B780006320000D86 0
(1698232897.973957) can0 164#00081C14 0
(1698232897.974975) can0 220#8243820000B60CE0 0
(1698232897.974977) can0 394#12E4000012241181 0
(1698232897.974978) can0 47F#200000000000 0
(1698232897.974979) can0 490#00000820000000 0
(1698232897.977636) can0 340#1300000410003811 0
(1698232897.978641) can0 386#0BC5F1C40445E6C4 0
(1698232897.978643) can0 387#9F2F4D5C007D0600 0
(1698232897.981892) can0 381#8090390000237105 0
(1698232897.982916) can0 251#F90246860032977C 0
(1698232897.982918) can0 2B0#C6FE0007A6 0
(1698232897.982919) can0 371#001E0080164D0010 0
(1698232897.982920) can0 372#2700250036010000 0
(1698232897.983898) can0 153#208010FF00FFD07E 0
(1698232897.983899) can0 160#00E7FF0A00000012 0
(1698232897.983900) can0 130#7479277C00000E0E 0
(1698232897.983901) can0 140#C780006320000EA9 0
(1698232897.983902) can0 164#00081E16 0
(1698232897.984912) can0 220#83C3820000B70CF2 0
(1698232897.984914) can0 436#00000000 0
(1698232897.984916) can0 595#0000F900E20E0000 0
(1698232897.985955) can0 4F1#A03666E0 0
(1698232897.986916) can0 389#0000000000000000 0
(1698232897.986917) can0 38D#00000800000000F9 0
(1698232897.986918) can0 420#301418C8FC4F6A00 0
(1698232897.987940) can0 421#000000FFE37F0029 0
(1698232897.987942) can0 340#1300000420004811 0
(1698232897.987943) can0 485#00000000 0
(1698232897.991798) can0 371#001E0080164D0010 0
(1698232897.992800) can0 251#FC0247AD0035B77C 0
(1698232897.992802) can0 2B0#C8FE000757 0
(1698232897.992803) can0 372#270025003A010000 0
(1698232897.992804) can0 470#1544405555581400 0
(1698232897.993818) can0 153#208010FF00FFE08E 0
(1698232897.993819) can0 160#00E9FF0A0000001C 0
(1698232897.993820) can0 130#7A794E7C00000F51 0
(1698232897.993821) can0 140#9B80006320000F68 0
(1698232897.993822) can0 164#00080008 0
(1698232897.994838) can0 220#8503830000B90C09 0
(1698232897.994840) can0 394#1804000018241381 0
(1698232897.994841) can0 47F#200000000000 0
(1698232897.994842) can0 596#000000008E00FE64 0
(1698232897.997794) can0 386#0C05EB040645E4C4 0
(1698232897.998820) can0 387#A939576600A60700 0
(1698232897.999948) can0 340#1300000430005811 0
(1698232898.001859) can0 381#80B8390000249A05 0
(1698232898.002879) can0 251#FF0248C30037C77C 0
(1698232898.002881) can0 2B0#C8FE0007A8 0
(1698232898.002883) can0 592#40EF1F0000064548 0
(1698232898.002883) can0 371#001E0080164D0010 0
(1698232898.003903) can0 153#208010FF00FF00AE 0
(1698232898.003905) can0 160#00EDFF0A00000018 0
(1698232898.003906) can0 130#7E79697C00000049 0
(1698232898.003907) can0 140#7780006320000078 0
(1698232898.003908) can0 164#0008020A 0
(1698232898.004911) can0 220#8A43820000BC0C1E 0
(1698232898.004913) can0 372#2700250032010000 0
(1698232898.005920) can0 4F1#803666F0 0
(1698232898.006921) can0 389#0000000000000000 0
(1698232898.006923) can0 38D#00000800000000EA 0
(1698232898.006924) can0 420#401418C8FC4F6A00 0
(1698232898.007942) can0 421#000000FFE37F001A 0
(1698232898.007944) can0 340#1300000440006811 0
(1698232898.007945) can0 4A2#0100 0
(1698232898.007947) can0 50A#0A10000000000000 0
(1698232898.011794) can0 2B0#C8FE0007B9 0
(1698232898.012796) can0 251#000349B70038B77C 0
(1698232898.012797) can0 371#001E0080164D0010 0
(1698232898.012798) can0 372#2700250034010000 0
(1698232898.012799) can0 470#14444015405C1400 0
(1698232898.013817) can0 153#208010FF00FF10BE 0
(1698232898.013819) can0 160#00E9FF0A0000001C 0
(1698232898.013820) can0 130#7A797A7C0000016D 0
(1698232898.013821) can0 140#A7800063200001A3 0
(1698232898.014817) can0 164#0008040C 0
(1698232898.014819) can0 220#8DC3810000BE0C22 0
(1698232898.014820) can0 394#0E2400000E241781 0
(1698232898.014821) can0 47F#200000000000 0
(1698232898.017337) can0 340#1300000450007811 0
(1698232898.018341) can0 386#0845F0040445E884 0
(1698232898.018342) can0 387#B343616F00CE0800 0
(1698232898.022034) can0 381#80C039000025A305 0
(1698232898.022860) can0 251#00034AC80038C77C 0
(1698232898.022861) can0 2B0#C6FE00076A 0
(1698232898.022862) can0 371#001E0080164D0010 0
(1698232898.022863) can0 372#2700250036010000 0
(1698232898.023880) can0 153#208010FF00FF20CE 0
(1698232898.023882) can0 160#00EBFF0A0000001E 0
(1698232898.023883) can0 130#72795B7C00000233 0
(1698232898.023884) can0 140#C58000632000028F 0
(1698232898.023885) can0 164#0008060E 0
(1698232898.024900) can0 220#9083820000BC0C34 0
(1698232898.024901) can0 490#00000820000000 0
(1698232898.024902) can0 495#00000D10F5B02EA7 0
(1698232898.025899) can0 4F1#80366600 0
(1698232898.026900) can0 389#0000000000000000 0
(1698232898.026901) can0 38D#00000800000000DB 0
(1698232898.026902) can0 420#501418C8FC4F6A00 0
(1698232898.027923) can0 421#000000FFE37F000B 0
(1698232898.028922) can0 340#1300000460008811 0
(1698232898.029920) can0 53E#000000002000 0
(1698232898.031818) can0 371#001E0080164D0010 0
(1698232898.032844) can0 251#01034BBB0039B77C 0
(1698232898.032846) can0 2B0#C8FE00079B 0
(1698232898.032847) can0 372#270025003A010000 0
(1698232898.032848) can0 412#0000000000000000 0
(1698232898.033840) can0 153#208010FF00FF30DE 0
(1698232898.033841) can0 160#00E9FF0A0000001C 0
(1698232898.033842) can0 130#6C79327C000003D5 0
(1698232898.033843) can0 140#C4800063200003CF 0
(1698232898.033844) can0 164#00080800 0
(1698232898.034881) can0 220#8C03830000B80C4F 0
(1698232898.034883) can0 394#1844000018241F81 0
(1698232898.034884) can0 436#00000000 0
(1698232898.034885) can0 47F#200000000000 0
(1698232898.035859) can0 470#1100005555200000 0
(1698232898.035861) can0 500#01 0
(1698232898.035862) can0 4C9#0000000001000000 0
(1698232898.035863) can0 520#0000000000000000 0
(1698232898.035864) can0 5C1#5F290A1063010009 0
(1698232898.036878) can0 5FF#600000C800C80000 0
(1698232898.037878) can0 386#0B85F0040605EEC4 0
(1698232898.038879) can0 340#1300000470009811 0
(1698232898.038880) can0 387#BD4D6B7900F70900 0
(1698232898.038881) can0 485#00000000 0
(1698232898.041845) can0 371#001E0080164D0010 0
(1698232898.042864) can0 251#03034CDF003AD77C 0
(1698232898.042864) can0 2B0#C8FE0007EC 0
(1698232898.042864) can0 372#2700250038010000 0
(1698232898.042865) can0 381#80D039000026B405 0
(1698232898.043988) can0 153#208010FF00FF40EE 0
(1698232898.043989) can0 160#00E9FF0A0000001C 0
(1698232898.043989) can0 130#7079527C000004DA 0
(1698232898.043990) can0 140#B980006320000472 0
(1698232898.043990) can0 164#00080A02 0
(1698232898.044942) can0 220#86E3820000B50C55 0
(1698232898.044943) can0 410#E012211880020020 0
(1698232898.044943) can0 50B#0000970000000000 0
(1698232898.045925) can0 4F1#A0366610 0
(1698232898.045925) can0 50C#00000000080000D0 0
(1698232898.047046) can0 389#0000000000000000 0
(1698232898.047047) can0 38D#00000800000000CC 0
(1698232898.047047) can0 420#601418C8FC4F6A00 0
(1698232898.048066) can0 421#000000FFE37F00FC 0
(1698232898.049098) can0 340#130000048000A811 0
(1698232898.051925) can0 2B0#C6FE00071D 0
(1698232898.052956) can0 251#08034D1A003E077D 0
(1698232898.052956) can0 371#001E0080164D0010 0
(1698232898.052957) can0 372#2700250038010000 0
(1698232898.052957) can0 470#0544405155641400 0
(1698232898.053936) can0 153#208010FF00FF50FE 0
(1698232898.053937) can0 160#00E9FF0A0000001C 0
(1698232898.053937) can0 130#70799E7C000005B9 0
(1698232898.053937) can0 140#9980006320000500 0
(1698232898.054923) can0 164#00080C04 0
(1698232898.054924) can0 220#8AC3820000B70C6B 0
(1698232898.054924) can0 394#1664000016241181 0
(1698232898.054925) can0 47F#200000000000 0
(1698232898.054925) can0 507#00000001 0
(1698232898.055921) can0 50E#0000002000000000 0
(1698232898.055921) can0 541#0304418080080005 0
(1698232898.055922) can0 553#0001000201008000 0
(1698232898.057079) can0 593#441118181617 0
(1698232898.057966) can0 386#0CC5EC0407C5EDC4 0
(1698232898.059002) can0 340#130000049000B811 0
(1698232898.059003) can0 387#C7567583001F0A00 0
(1698232898.062108) can0 371#001E0080164D0010 0
(1698232898.062976) can0 251#0D034E350043177D 0
(1698232898.062977) can0 2B0#C6FE00072E 0
(1698232898.062977) can0 372#270025003A010000 0
(1698232898.062978) can0 381#80103A000027F605 0
(1698232898.064140) can0 153#208010FF00FF600E 0
(1698232898.064141) can0 160#00E9FF0A0000001C 0
(1698232898.064141) can0 130#7679CD7C00000682 0
(1698232898.064141) can0 140#A08000632000067E 0
(1698232898.064142) can0 164#00080E06 0
(1698232898.064990) can0 220#9443820000B70C75 0
(1698232898.064991) can0 54B#0010000000870100 0
(1698232898.064992) can0 559#0000000000000000 0
(1698232898.066140) can0 4F1#A0366620 0
(1698232898.067045) can0 389#0000000000000000 0
(1698232898.067046) can0 38D#00000800000000BD 0
(1698232898.067047) can0 420#701418C8FC4F6A00 0
(1698232898.068044) can0 421#000000FFE37F00ED 0
(1698232898.068045) can0 340#13000004A000C811 0
(1698232898.071891) can0 371#001E0080164D0010 0
(1698232898.072898) can0 251#11034F4C0045277D 0
(1698232898.072899) can0 2B0#C8FE0007DF 0
(1698232898.072900) can0 372#2700250036010000 0
(1698232898.072901) can0 470#1544405555681400 0
(1698232898.073933) can0 153#208010FF00FF701E 0
(1698232898.073934) can0 160#00EAFF0A0000001F 0
(1698232898.073935) can0 130#7479617C00000705 0
(1698232898.073935) can0 140#C4800063200007BB 0
(1698232898.073935) can0 164#00081018 0
(1698232898.074905) can0 220#9A63820000BA0C8C 0
(1698232898.074906) can0 394#1384000013241581 0
(1698232898.074907) can0 47F#200000000000 0
(1698232898.074908) can0 490#00000820000000 0
(1698232898.075907) can0 544#0000000000000000 0
(1698232898.077866) can0 386#0A05EF440945EF04 0
(1698232898.078862) can0 340#13000004B000D811 0
(1698232898.078863) can0 387#D1607F8D00480B00 0
(1698232898.081928) can0 371#001E0080164E0010 0
(1698232898.082982) can0 251#0B0350F20041D77C 0
(1698232898.082983) can0 2B0#C8FE000720 0
(1698232898.082984) can0 372#270025002E010000 0
(1698232898.082985) can0 381#80083A000028EF05 0
(1698232898.083984) can0 153#208010FF00FF802E 0
(1698232898.083985) can0 160#00E8FF0A0000001D 0
(1698232898.083986) can0 130#6879DF7B00000852 0
(1698232898.083987) can0 140#CA80006320000801 0
(1698232898.083988) can0 164#0008121A 0
(1698232898.084966) can0 220#8CE3820000B90C9F 0
(1698232898.084968) can0 436#00000000 0
(1698232898.084970) can0 595#00000401E00E0000 0
(1698232898.086109) can0 4F1#80366630 0
(1698232898.086958) can0 389#0000000000000000 0
(1698232898.086960) can0 38D#00000800000000AE 0
(1698232898.086961) can0 420#801418C8FC4F6A00 0
(1698232898.087979) can0 421#000000FFE37F00DE 0
(1698232898.087981) can0 340#13000004C000E811 0
(1698232898.087982) can0 485#00000000 0
(1698232898.092132) can0 371#001E0080964E0010 0
(1698232898.092896) can0 251#080351FD003EE77C 0
(1698232898.092897) can0 2B0#C8FE000731 0
(1698232898.092898) can0 372#2700250034010000 0
(1698232898.092899) can0 470#1544405555AC1400 0
(1698232898.093954) can0 153#208010FF00FF903E 0
(1698232898.093956) can0 160#00E9FF0A0000001C 0
(1698232898.093957) can0 130#6079ED7B00000966 0
(1698232898.093958) can0 140#A680006320000916 0
(1698232898.093959) can0 164#0008141C 0
(1698232898.094966) can0 220#7C03830000B30CA8 0
(1698232898.094967) can0 394#18A4000018241981 0
(1698232898.094968) can0 47F#200000000000 0
(1698232898.094969) can0 596#000000008E00FE64 0
(1698232898.097966) can0 386#0D45EE440C85EDC4 0
(1698232898.098847) can0 387#DB6A899700710C00 0
(1698232898.099867) can0 340#13000004D000F811 0
(1698232898.101978) can0 381#80083A000029F005 0
(1698232898.102991) can0 251#0D0352480042277D 0
(1698232898.102993) can0 2B0#C9FE000712 0
(1698232898.102995) can0 371#001E0080164F0010 0
(1698232898.102996) can0 153#208010FF00FFA04E 0
(1698232898.103997) can0 160#00E7FF0A00000012 0
(1698232898.103999) can0 164#0008161E 0
(1698232898.104000) can0 220#7E83820000AF0CB7 0
(1698232898.104001) can0 130#6079317C00000A25 0
(1698232898.104002) can0 140#9B80006320000A01 0
(1698232898.104965) can0 372#270025003E010000 0
(1698232898.104967) can0 592#40EF220000063E88 0
(1698232898.106004) can0 4F1#A0366640 0
(1698232898.107039) can0 389#0000000000000000 0
(1698232898.107040) can0 38D#0000080000000080 0
(1698232898.107041) can0 420#901418C8FC4F6A00 0
(1698232898.108146) can0 421#000000FFE37F00B0 0
(1698232898.108148) can0 340#13000004E0000811 0
(1698232898.112113) can0 371#001E0080164F0010 0
(1698232898.112877) can0 251#130353740047477D 0
(1698232898.112878) can0 2B0#C8FE000713 0
(1698232898.112879) can0 372#270025003C010000 0
(1698232898.112881) can0 470#1444401540701400 0
(1698232898.113932) can0 153#208010FF00FFB05E 0
(1698232898.113934) can0 160#00EAFF0A0000001F 0
(1698232898.113935) can0 164#00081810 0
(1698232898.113936) can0 130#68794E7C00000B26 0
(1698232898.114968) can0 140#9880006320000BFB 0
(1698232898.114970) can0 220#8643820000AF0CCF 0
(1698232898.114971) can0 394#12C4000012241381 0
(1698232898.114972) can0 47F#200000000000 0
(1698232898.117730) can0 340#13000004F0001811 0
(1698232898.118770) can0 386#0E85F2440845F2C4 0
(1698232898.118772) can0 387#E57493A000990D00 0
(1698232898.122111) can0 371#001E0080964F0010 0
(1698232898.123005) can0 251#1703548C004A577D 0
(1698232898.123007) can0 2B0#C8FE000764 0
(1698232898.123008) can0 372#2700250036010000 0
(1698232898.123009) can0 381#80503A00002A3905 0
(1698232898.123939) can0 153#208010FF00FFC06E 0
(1698232898.123940) can0 160#00EBFF0A0000001E 0
(1698232898.123941) can0 164#00081A12 0
(1698232898.123942) can0 130#6A79327C00000CBD 0
(1698232898.123943) can0 140#A780006320000C22 0
(1698232898.124896) can0 220#8A43820000B30CD7 0
(1698232898.124897) can0 490#00000820000000 0
(1698232898.124898) can0 495#00000D10F5B02EA7 0
(1698232898.126074) can0 4F1#80366650 0
(1698232898.126937) can0 389#0000000000000000 0
(1698232898.126938) can0 38D#0000080000000071 0
(1698232898.126939) can0 420#A01418C8FC4F6A00 0
(1698232898.127937) can0 421#000000FFE37F00A1 0
(1698232898.128992) can0 340#1300000400002811 0
(1698232898.132091) can0 371#001E0080964F0010 0
(1698232898.132987) can0 251#140355480048177D 0
(1698232898.132989) can0 2B0#C8FE000775 0
(1698232898.132991) can0 372#2800250038010000 0
(1698232898.132992) can0 436#00000000 0
(1698232898.133911) can0 153#208010FF00FFD07E 0
(1698232898.133913) can0 160#00E9FF0A0000001C 0
(1698232898.133914) can0 164#00081C14 0
(1698232898.133915) can0 130#6879F87B00000DF1 0
(1698232898.133917) can0 140#E180006320000D32 0
(1698232898.134927) can0 220#8683820000B40CE2 0
(1698232898.134929) can0 394#14E4000014241D81 0
(1698232898.134930) can0 470#1100005555740000 0
(1698232898.134931) can0 47F#200000000000 0
(1698232898.134932) can0 500#01 0
(1698232898.135935) can0 520#0000000000000000 0
(1698232898.135936) can0 53E#000000002000 0
(1698232898.135937) can0 5C1#5F2B0A1063010009 0
(1698232898.135938) can0 5FF#600000C800C80000 0
(1698232898.137551) can0 340#1300000410003811 0
(1698232898.138516) can0 485#00000000 0
(1698232898.138518) can0 386#0CC5F3440AC5EDC4 0
(1698232898.138520) can0 387#EF7E9DAA00C20E00 0
(1698232898.142087) can0 371#001E008016500010 0
(1698232898.142993) can0 251#0A0356F60040D77C 0
(1698232898.142995) can0 2B0#CAFE000766 0
(1698232898.142996) can0 372#280025003E010000 0
(1698232898.142997) can0 153#208010FF00FFE08E 0
(1698232898.143996) can0 160#00E9FF0A0000001C 0
(1698232898.143998) can0 164#00081E16 0
(1698232898.144000) can0 220#7F63830000B30CFD 0
(1698232898.144001) can0 130#6479DD7B00000E73 0
(1698232898.144002) can0 140#DE80006320000E9F 0
(1698232898.145026) can0 381#80083A00002BF205 0
(1698232898.145027) can0 50B#0000970000000000 0
(1698232898.146131) can0 4F1#80366660 0
(1698232898.146133) can0 50C#00000000080000E0 0
(1698232898.146135) can0 52A#2C00000006001B00 0
(1698232898.147122) can0 389#0000000000000000 0
(1698232898.147123) can0 38D#0000080000000062 0
(1698232898.147124) can0 420#B01418C8FC4F6A00 0
(1698232898.148135) can0 421#000000FFE37F0092 0
(1698232898.149103) can0 340#1300000420004811 0
(1698232898.151912) can0 371#001E008016500010 0
(1698232898.152916) can0 251#09035726003F077D 0
(1698232898.152918) can0 2B0#CAFE000777 0
(1698232898.152919) can0 372#280025003C010000 0
(1698232898.152920) can0 153#208010FF00FF00AE 0
(1698232898.154043) can0 160#00E9FF0A0000001C 0
(1698232898.154045) can0 164#00080008 0
(1698232898.154046) can0 220#7C63830000B10C06 0
(1698232898.154047) can0 130#6079177C00000FEC 0
(1698232898.155029) can0 140#AB80006320000FBE 0
(1698232898.155031) can0 394#1B0400001B241D81 0
(1698232898.155032) can0 470#0544405155B81400 0
(1698232898.155033) can0 47F#200000000000 0
(1698232898.155034) can0 507#00000001 0
(1698232898.156047) can0 541#0304418080080005 0
(1698232898.157941) can0 386#0F05F2840D05EF04 0
(1698232898.158971) can0 387#F988A7B400DC0000 0
(1698232898.158973) can0 340#1300000430005811 0
(1698232898.162095) can0 371#001E008016500010 0
(1698232898.163071) can0 251#0B03583B0041177D 0
(1698232898.163073) can0 2B0#CAFE000788 0
(1698232898.163074) can0 372#280025003C010000 0
(1698232898.163075) can0 153#208010FF00FF10BE 0
(1698232898.163959) can0 160#00E8FF0A0000001D 0
(1698232898.163961) can0 164#0008020A 0
(1698232898.163962) can0 220#8383820000AF0C1A 0
(1698232898.163963) can0 130#6A79557C00000074 0
(1698232898.163964) can0 140#9680006320000035 0
(1698232898.164964) can0 381#80003A00002CEB05 0
(1698232898.164966) can0 54B#0010000000870100 0
(1698232898.166129) can0 4F1#E0366670 0
(1698232898.166978) can0 389#0000000000000000 0
(1698232898.166979) can0 38D#0000080000000053 0
(1698232898.166980) can0 340#1300000440006811 0
(1698232898.168003) can0 420#C01418C8FC4F6A00 0
(1698232898.168004) can0 421#000000FFE37F0083 0
(1698232898.171872) can0 371#001E008016500010 0
(1698232898.173012) can0 251#110359860045577D 0
(1698232898.173013) can0 2B0#CAFE000799 0
(1698232898.173014) can0 372#280025003A010000 0
(1698232898.173015) can0 470#1544405555FC1400 0
(1698232898.174010) can0 153#208010FF00FF20CE 0
(1698232898.174012) can0 160#00E8FF0A0000001D 0
(1698232898.174013) can0 130#7279597C000001C0 0
(1698232898.174014) can0 140#BF800063200001C8 0
(1698232898.174936) can0 164#0008040C 0
(1698232898.174938) can0 220#8B43820000B40C29 0
(1698232898.174939) can0 394#1224000012241D81 0
(1698232898.174940) can0 47F#200000000000 0
(1698232898.174941) can0 490#00000820000000 0
(1698232898.177964) can0 386#1545F8840BC5F1C4 0
(1698232898.178972) can0 387#0591B1BE00060100 0
(1698232898.178973) can0 340#1300000450007811 0
(1698232898.182075) can0 381#80383A00002D2405 0
(1698232898.182917) can0 251#12035A5A0047277D 0
(1698232898.182918) can0 2B0#CBFE0007BA 0
(1698232898.182919) can0 371#001E008016500010 0
(1698232898.182920) can0 372#2800250038010000 0
(1698232898.183939) can0 153#208010FF00FF30DE 0
(1698232898.183940) can0 160#00E9FF0A0000001C 0
(1698232898.183941) can0 130#76794B7C000002B4 0
(1698232898.183942) can0 140#F480006320000204 0
(1698232898.183943) can0 164#0008060E 0
(1698232898.185088) can0 220#8BE3820000B80C3D 0
(1698232898.185090) can0 436#00000000 0
(1698232898.185091) can0 595#00000701E00E0000 0
(1698232898.186073) can0 4F1#E0366680 0
(1698232898.186959) can0 389#0000000000000000 0
(1698232898.186961) can0 38D#0000080000000044 0
(1698232898.186962) can0 420#D01418C8FC4F6A00 0
(1698232898.187986) can0 421#000000FFE37F0074 0
(1698232898.188982) can0 340#1300000460008811 0
(1698232898.188984) can0 485#00000000 0
(1698232898.192053) can0 371#001E008016500010 0
(1698232898.192975) can0 251#0C035B0E0041E77C 0
(1698232898.192976) can0 2B0#CCFE0107CB 0
(1698232898.192977) can0 372#2800250042010000 0
(1698232898.192979) can0 470#1544405555401400 0
(1698232898.193994) can0 153#208010FF00FF40EE 0
(1698232898.193996) can0 160#00EAFF0A0000001F 0
(1698232898.193996) can0 130#7C79537C00000358 0
(1698232898.193997) can0 140#CA800063200003CE 0
(1698232898.193998) can0 164#00080800 0
(1698232898.194982) can0 220#8AC3830000BA0C4F 0
(1698232898.194984) can0 394#1E4400001E241381 0
(1698232898.194985) can0 47F#200000000000 0
(1698232898.194986) can0 596#000000008E00FE64 0
(1698232898.197962) can0 386#1385F6840B85ECC4 0
(1698232898.198972) can0 387#0F9BBBC8002F0200 0
(1698232898.199973) can0 340#1300000470009811 0
(1698232898.201898) can0 592#40EF2500000639C8 0
(1698232898.203077) can0 251#0C035C500041277D 0
(1698232898.203079) can0 2B0#CCFE0107BC 0
(1698232898.203080) can0 371#001E008096500010 0
(1698232898.203081) can0 381#80083A00002EF505 0
(1698232898.204048) can0 153#208010FF00FF50FE 0
(1698232898.204049) can0 160#00EDFF0A00000018 0
(1698232898.204050) can0 130#7E79647C00000495 0
(1698232898.204051) can0 140#9880006320000440 0
(1698232898.204053) can0 164#00080A02 0
(1698232898.205072) can0 220#8B03830000BD0C53 0
(1698232898.205074) can0 372#2800250046010000 0
(1698232898.205938) can0 4F1#C0366690 0
(1698232898.207096) can0 389#0000000000000000 0
(1698232898.207098) can0 38D#0000080000000035 0
(1698232898.207100) can0 420#E01418C8FC4F6A00 0
(1698232898.207959) can0 421#000000FFE37F0065 0
(1698232898.207961) can0 50A#0A10000000000000 0
(1698232898.207962) can0 340#130000048000A811 0
(1698232898.211896) can0 371#001E008016510010 0
(1698232898.212923) can0 251#16035DB30049777D 0
(1698232898.212925) can0 2B0#CCFE0007BD 0
(1698232898.212926) can0 372#280025003E010000 0
(1698232898.212928) can0 470#1444401540041400 0
(1698232898.214090) can0 153#208010FF00FF600E 0
(1698232898.214092) can0 160#00E7FF0A00000012 0
(1698232898.214093) can0 130#7879537C0000057F 0
(1698232898.214094) can0 140#D580006320000565 0
(1698232898.214095) can0 164#00080C04 0
(1698232898.214934) can0 220#8D43820000BE0C65 0
(1698232898.214936) can0 394#1264000012241981 0
(1698232898.214937) can0 47F#200000000000 0
(1698232898.217983) can0 386#0FC5F6840D45F104 0
(1698232898.218974) can0 387#19A5C5D200580300 0
(1698232898.218976) can0 340#130000049000B811 0
(1698232898.222071) can0 371#001E008096510010 0
(1698232898.222908) can0 251#1C035EBF004E777D 0
(1698232898.222910) can0 2B0#CEFE0107BE 0
(1698232898.222911) can0 372#2800250036010000 0
(1698232898.222912) can0 381#80683A00002F5605 0
(1698232898.223923) can0 153#208010FF00FF701E 0
(1698232898.223924) can0 160#00ECFF0A00000019 0
(1698232898.223926) can0 130#6E79317C000006B8 0
(1698232898.223926) can0 140#1481006320000626 0
(1698232898.223927) can0 164#00080E06 0
(1698232898.224930) can0 220#8B43830000BB0C71 0
(1698232898.224932) can0 490#00000820000000 0
(1698232898.224933) can0 495#00000D10F5B02EA7 0
(1698232898.225945) can0 4F1#C03666A0 0
(1698232898.226946) can0 389#0000000000000000 0
(1698232898.226948) can0 38D#0000080000000026 0
(1698232898.226949) can0 420#F01418C8FC4F6A00 0
(1698232898.227963) can0 421#000000FFE37F0056 0
(1698232898.227964) can0 340#13000004A000C811 0
(1698232898.231816) can0 2B0#CFFE0107BF 0
(1698232898.232838) can0 251#1A035F9D004D577D 0
(1698232898.232840) can0 371#001E008096520010 0
(1698232898.232841) can0 372#2800250040010000 0
(1698232898.232842) can0 412#0000000000000000 0
(1698232898.233839) can0 153#208010FF00FF802E 0
(1698232898.233840) can0 160#00E9FF0A0000001C 0
(1698232898.233841) can0 130#6C792A7C00000738 0
(1698232898.233843) can0 140#CB800063200007E7 0
(1698232898.234860) can0 164#00081018 0
(1698232898.234862) can0 220#8643840000B60C86 0
(1698232898.234863) can0 394#2284000022241581 0
(1698232898.234864) can0 436#00000000 0
(1698232898.234865) can0 47F#200000000000 0
(1698232898.235880) can0 470#1100005555080000 0
(1698232898.235881) can0 500#01 0
(1698232898.235882) can0 4C9#0000000001000000 0
(1698232898.235883) can0 53E#000000002000 0
(1698232898.235884) can0 520#0000000000000000 0
(1698232898.236879) can0 5C1#5F2B0A1063010009 0
(1698232898.236881) can0 5FF#600000C800C80000 0
(1698232898.237880) can0 340#13000004B000D811 0
(1698232898.238900) can0 386#1405FAC40D85F3C4 0
(1698232898.238902) can0 387#23AFCFDB00800400 0
(1698232898.238903) can0 485#00000000 0
(1698232898.241859) can0 371#001E008016540010 0
(1698232898.242860) can0 251#130360610047277D 0
(1698232898.242862) can0 2B0#CFFE010740 0
(1698232898.242863) can0 372#2800250048010000 0
(1698232898.242864) can0 381#80383A0000302705 0
(1698232898.243883) can0 153#208010FF00FF903E 0
(1698232898.243884) can0 160#00E8FF0A0000001D 0
(1698232898.243885) can0 130#7479457C000008CA 0
(1698232898.243886) can0 140#708000632000081E 0
(1698232898.243888) can0 164#0008121A 0
(1698232898.244879) can0 220#8503830000B50C95 0
(1698232898.244893) can0 410#E012211880020020 0
(1698232898.244894) can0 50B#0000970000000000 0
(1698232898.245900) can0 4F1#E03666B0 0
(1698232898.245901) can0 50C#00000000080000F0 0
(1698232898.246900) can0 389#0000000000000000 0
(1698232898.246902) can0 38D#0000080000000017 0
(1698232898.246903) can0 420#001418C8FC4F6A00 0
(1698232898.247901) can0 421#000000FFE37F0047 0
(1698232898.250087) can0 340#13000004C000E811 0
(1698232898.251823) can0 2B0#D0FE0107B1 0
(1698232898.252821) can0 251#120361900046577D 0
(1698232898.252822) can0 371#001E008016550010 0
(1698232898.252823) can0 372#280025004C010000 0
(1698232898.252824) can0 153#208010FF00FFA04E 0
(1698232898.253819) can0 160#00E9FF0A0000001C 0
(1698232898.253820) can0 130#80796C7C000009CB 0
(1698232898.253822) can0 140#93800063200009F4 0
(1698232898.253823) can0 164#0008141C 0
(1698232898.254895) can0 220#89A3810000B90CAB 0
(1698232898.254896) can0 394#0DA400000D241181 0
(1698232898.254897) can0 470#05444051558C1400 0
(1698232898.254898) can0 47F#200000000000 0
(1698232898.254899) can0 4A7#0100 0
(1698232898.255891) can0 507#00000001 0
(1698232898.255893) can0 50E#0000002000000000 0
(1698232898.255895) can0 541#0304418080080005 0
(1698232898.255896) can0 553#0001000201008000 0
(1698232898.256912) can0 593#441118181617 0
(1698232898.257891) can0 340#13000004D000F811 0
(1698232898.257893) can0 386#1845F8C40DC5F3C4 0
(1698232898.258913) can0 387#2DB9D9E500A90500 0
(1698232898.261871) can0 381#80703A0000316005 0
(1698232898.262893) can0 251#1D0362F5004FA77D 0
(1698232898.262895) can0 2B0#D0FE010782 0
(1698232898.262896) can0 371#001E008096550010 0
(1698232898.262897) can0 372#2800250046010000 0
(1698232898.263897) can0 153#208010FF00FFB05E 0
(1698232898.263898) can0 160#00E9FF0A0000001C 0
(1698232898.263899) can0 130#8C79797C00000A66 0
(1698232898.263900) can0 140#D880006320000A38 0
(1698232898.263901) can0 164#0008161E 0
(1698232898.264918) can0 220#8E23820000BF0CB7 0
(1698232898.264920) can0 54B#0010000000870100 0
(1698232898.264921) can0 559#0000000000000000 0
(1698232898.265954) can0 4F1#C03666C0 0
(1698232898.266979) can0 389#0000000000000000 0
(1698232898.266981) can0 38D#0000080000000008 0
(1698232898.266982) can0 420#101418C8FC4F6A00 0
(1698232898.267971) can0 421#000000FFE37F0038 0
(1698232898.268943) can0 340#13000004E0000811 0
(1698232898.271862) can0 371#001E008016560010 0
(1698232898.272891) can0 251#2A03635D0059F77D 0
(1698232898.272893) can0 2B0#D2FE020783 0
(1698232898.272894) can0 372#2800250038010000 0
(1698232898.272895) can0 470#1544405555501400 0
(1698232898.273917) can0 153#208010FF00FFC06E 0
(1698232898.273919) can0 160#00E9FF0A0000001C 0
(1698232898.273920) can0 130#90796B7C00000B43 0
(1698232898.273921) can0 140#0181006320000B2A 0
(1698232898.274876) can0 164#00081810 0
(1698232898.274878) can0 220#8F43830000C50CCF 0
(1698232898.274879) can0 394#1AC400001A241381 0
(1698232898.274879) can0 47F#200000000000 0
(1698232898.274880) can0 490#00000820000000 0
(1698232898.275874) can0 544#0000000000000000 0
(1698232898.277891) can0 386#1085F8C41045F7C4 0
(1698232898.278890) can0 387#37C3E3EF00D20600 0
(1698232898.279909) can0 340#13000004F0001811 0
(1698232898.281921) can0 381#80E83A000032D905 0
(1698232898.282976) can0 07F#0000000000000000 0
(1698232898.282978) can0 251#2F036457005DE77D 0
(1698232898.282979) can0 2B0#D2FE0107C4 0
(1698232898.282980) can0 153#208010FF00FFD07E 0
(1698232898.283998) can0 160#00E9FF0A0000001C 0
(1698232898.284000) can0 130#9479537C00000C21 0
(1698232898.284001) can0 140#0181006320000C79 0
(1698232898.284002) can0 164#00081A12 0
(1698232898.284003) can0 220#8EE3830000C70CDE 0
(1698232898.284980) can0 371#001E008096560010 0
(1698232898.284981) can0 372#2800250056010000 0
(1698232898.284983) can0 436#00000000 0
(1698232898.284984) can0 595#00000D01E00E0000 0
(1698232898.286017) can0 4F1#E03666D0 0
(1698232898.286981) can0 389#0000000000000000 0
(1698232898.286983) can0 38D#00000800000000F9 0
(1698232898.286984) can0 420#201418C8FC4F6A00 0
(1698232898.288020) can0 340#1300000400002811 0
(1698232898.288022) can0 421#000000FFE37F0029 0
(1698232898.288023) can0 485#00000000 0
(1698232898.291872) can0 371#001E008016570010 0
(1698232898.292872) can0 251#260365F80056977D 0
(1698232898.292873) can0 2B0#D2FE0107D5 0
(1698232898.292875) can0 372#2800250056010000 0
(1698232898.292875) can0 470#1544405555541400 0
(1698232898.293892) can0 153#208010FF00FFE08E 0
(1698232898.293894) can0 160#00E9FF0A0000001C 0
(1698232898.293895) can0 130#96795E7C00000D2E 0
(1698232898.293896) can0 140#E580006320000D5B 0
(1698232898.293897) can0 164#00081C14 0
(1698232898.294920) can0 220#8BE3830000C90CEF 0
(1698232898.294922) can0 394#1FE400001F241781 0
(1698232898.294923) can0 47F#200000000000 0
(1698232898.294924) can0 596#000000008E00FE64 0
(1698232898.297956) can0 386#16C5FAC411C5F1C4 0
(1698232898.298867) can0 387#41CDEDF900FB0700 0
(1698232898.299871) can0 340#1300000410003811 0
(1698232898.302159) can0 381#80603A0000335205 0
(1698232898.303117) can0 251#19036692004C477D 0
(1698232898.303118) can0 2B0#D3FE0107F6 0
(1698232898.303119) can0 371#001E008096570010 0
(1698232898.303120) can0 153#208010FF00FF00AE 0
(1698232898.304002) can0 160#00EBFF0A0000001E 0
(1698232898.304004) can0 130#94799D7C00000EB1 0
(1698232898.304005) can0 140#C080006320000E27 0
(1698232898.304006) can0 164#00081E16 0
(1698232898.304007) can0 220#8C83830000CA0CF1 0
(1698232898.305153) can0 372#2800250066010000 0
(1698232898.305155) can0 592#40EF280000063508 0
(1698232898.306055) can0 4F1#E03666E0 0
(1698232898.307055) can0 389#0000000000000000 0
(1698232898.307056) can0 38D#00000800000000EA 0
(1698232898.307057) can0 420#301418C8FC4F6A00 0
(1698232898.308045) can0 421#000000FFE37F001A 0
(1698232898.308046) can0 340#1300000420004811 0
(1698232898.312108) can0 371#001E008096580010 0
(1698232898.313005) can0 251#160367AD0049677D 0
(1698232898.313007) can0 2B0#D5FE0207B7 0
(1698232898.313008) can0 372#280025005A010000 0
(1698232898.313009) can0 470#1444401540181400 0
(1698232898.313910) can0 153#208010FF00FF10BE 0
(1698232898.313911) can0 160#00EAFF0A0000001F 0
(1698232898.313913) can0 130#9E79B07C00000FAD 0
(1698232898.313914) can0 140#C580006320000F0E 0
(1698232898.314934) can0 164#00080008 0
(1698232898.314936) can0 220#94E3820000C90C07 0
(1698232898.314937) can0 394#1704000017241581 0
(1698232898.314939) can0 47F#200000000000 0
(1698232898.317425) can0 340#1300000430005811 0
(1698232898.318473) can0 386#170501051145F5C4 0
(1698232898.318474) can0 387#4BD7F70400250800 0
(1698232898.322006) can0 371#001E008096580010 0
(1698232898.322918) can0 251#190368E4004C977D 0
(1698232898.322920) can0 2B0#D5FE010778 0
(1698232898.322921) can0 372#2800250050010000 0
(1698232898.322922) can0 381#80583A0000344B05 0
(1698232898.323910) can0 153#208010FF00FF20CE 0
(1698232898.323912) can0 160#00E9FF0A0000001C 0
(1698232898.323912) can0 130#A479857C00000058 0
(1698232898.323913) can0 140#FC800063200000EC 0
(1698232898.323914) can0 164#0008020A 0
(1698232898.324876) can0 220#9603830000CE0C1F 0
(1698232898.324877) can0 490#00000820000000 0
(1698232898.324878) can0 495#00000D10F5B02EA7 0
(1698232898.325927) can0 4F1#C03666F0 0
(1698232898.326936) can0 389#0000000000000000 0
(1698232898.326938) can0 38D#00000800000000DB 0
(1698232898.326939) can0 420#401418C8FC4F6A00 0
(1698232898.327953) can0 421#000000FFE37F000B 0
(1698232898.327955) can0 340#1300000440006811 0
(1698232898.331902) can0 2B0#D5FE010769 0
(1698232898.333057) can0 251#1A0369B6004C677D 0
(1698232898.333059) can0 371#001E008096580010 0
(1698232898.333061) can0 372#280025005A010000 0
(1698232898.333062) can0 153#208010FF00FF30DE 0
(1698232898.333955) can0 160#00E9FF0A0000001C 0
(1698232898.333957) can0 164#0008040C 0
(1698232898.333958) can0 130#9A79267C000001CE 0
(1698232898.333959) can0 140#04810063200001CC 0
(1698232898.334977) can0 220#91E3830000D10C2D 0
(1698232898.334978) can0 394#1F2400001F241381 0
(1698232898.334979) can0 436#00000000 0
(1698232898.334980) can0 47F#200000000000 0
(1698232898.334981) can0 470#11000055555C0000 0
(1698232898.334982) can0 500#01 0
(1698232898.335937) can0 520#0000000000000000 0
(1698232898.335939) can0 5C1#5F2B0A1063010009 0
(1698232898.335940) can0 5FF#600000C800C80000 0
(1698232898.337888) can0 386#174505051145F8C4 0
(1698232898.338891) can0 387#55E1020E004F0900 0
(1698232898.338893) can0 340#1300000450007811 0
(1698232898.338894) can0 485#00000000 0
(1698232898.339854) can0 53E#000000002000 0
(1698232898.341922) can0 371#001E000098580010 0
(1698232898.342917) can0 251#09036A18003FE77C 0
(1698232898.342918) can0 2B0#D5FE00074A 0
(1698232898.342919) can0 372#2800250060010000 0
(1698232898.342920) can0 381#80003A000035F405 0
(1698232898.344016) can0 153#208010FF00FF40EE 0
(1698232898.344017) can0 160#00E8FF0A0000001D 0
(1698232898.344019) can0 130#9A79087C0000023E 0
(1698232898.344020) can0 140#E880006320000206 0
(1698232898.344021) can0 164#0008060E 0
(1698232898.344964) can0 220#8503840000CC0C3D 0
(1698232898.344966) can0 50B#0000970000000000 0
(1698232898.346103) can0 4F1#C0366600 0
(1698232898.346105) can0 50C#0000000008000000 0
(1698232898.346106) can0 52A#2C00000006001B00 0
(1698232898.347098) can0 389#0000000000000000 0
(1698232898.347100) can0 38D#00000800000000CC 0
(1698232898.347101) can0 420#501418C8FC4F6A00 0
(1698232898.348016) can0 421#000000FFE37F00FC 0
(1698232898.349566) can0 340#1300000460008811 0
(1698232898.352110) can0 371#001E000018590010 0
(1698232898.352900) can0 251#07036B66003D377D 0
(1698232898.352902) can0 2B0#D7FE02075B 0
(1698232898.352903) can0 372#280025006A010000 0
(1698232898.352904) can0 470#0544405155601400 0
(1698232898.354066) can0 153#208010FF00FF50FE 0
(1698232898.354068) can0 160#00E9FF0A0000001C 0
(1698232898.354070) can0 130#9E797D7C00000325 0
(1698232898.354071) can0 140#D58000632000032B 0
(1698232898.354072) can0 164#00080800 0
(1698232898.354952) can0 220#8183830000CC0C46 0
(1698232898.354954) can0 394#1C4400001C241781 0
(1698232898.354955) can0 47F#200000000000 0
(1698232898.354956) can0 507#00000001 0
(1698232898.355951) can0 541#0304418080080005 0
(1698232898.357287) can0 340#1300000470009811 0
(1698232898.358288) can0 386#1A85FE040E45F204 0
(1698232898.358290) can0 387#60EB0C1800790A00 0
(1698232898.361957) can0 371#001E000098590010 0
(1698232898.362956) can0 251#0D036C920042577D 0
(1698232898.362958) can0 2B0#D5FE01073C 0
(1698232898.362959) can0 372#2800250062010000 0
(1698232898.362960) can0 381#80083A000036FD05 0
(1698232898.363977) can0 153#208010FF00FF600E 0
(1698232898.363978) can0 160#00E9FF0A0000001C 0
(1698232898.363979) can0 130#A279E27C000004AA 0
(1698232898.363980) can0 140#C5800063200004C1 0
(1698232898.363981) can0 164#00080A02 0
(1698232898.364952) can0 220#9043830000CE0C59 0
(1698232898.364954) can0 54B#0010000000870100 0
(1698232898.365971) can0 4F1#E0366610 0
(1698232898.366996) can0 389#0000000000000000 0
(1698232898.366998) can0 38D#00000800000000BD 0
(1698232898.366999) can0 420#601418C8FC4F6A00 0
(1698232898.367999) can0 421#000000FFE37F00ED 0
(1698232898.368001) can0 340#130000048000A811 0
(1698232898.371866) can0 371#001E0000185A0010 0
(1698232898.372880) can0 251#15036DD10048877D 0
(1698232898.372882) can0 2B0#D5FE00073D 0
(1698232898.372883) can0 372#2800250060010000 0
(1698232898.372884) can0 470#1544405555641400 0
(1698232898.373883) can0 153#208010FF00FF701E 0
(1698232898.373884) can0 160#00EAFF0A0000001F 0
(1698232898.373886) can0 130#B079CD7C00000509 0
(1698232898.373887) can0 140#B98000632000056F 0
(1698232898.373888) can0 164#00080C04 0
(1698232898.374923) can0 220#9D03830000D00C66 0
(1698232898.374925) can0 394#1864000018241D81 0
(1698232898.374926) can0 47F#200000000000 0
(1698232898.374927) can0 490#00000820000000 0
(1698232898.377832) can0 386#1CC5FE041145FA04 0
(1698232898.378819) can0 387#6AF5172200A30B00 0
(1698232898.378821) can0 340#130000049000B811 0
(1698232898.381950) can0 381#80683A0000375E05 0
(1698232898.382951) can0 251#1A036EDC004D877D 0
(1698232898.382953) can0 2B0#D5FE00070E 0
(1698232898.382954) can0 371#001E0000985A0010 0
(1698232898.382955) can0 372#2800250070010000 0
(1698232898.383939) can0 153#208010FF00FF802E 0
(1698232898.383941) can0 160#00E8FF0A0000001D 0
(1698232898.383942) can0 130#B479AE7C000006A7 0
(1698232898.383943) can0 140#CA800063200006A7 0
(1698232898.383943) can0 164#00080E06 0
(1698232898.384957) can0 220#9AC3820000D70C7B 0
(1698232898.384959) can0 436#00000000 0
(1698232898.384960) can0 595#00001701DF0E0000 0
(1698232898.385965) can0 4F1#E0366620 0
(1698232898.386958) can0 389#0000000000000000 0
(1698232898.386960) can0 38D#00000800000000AE 0
(1698232898.386961) can0 420#701418C8FC4F6A00 0
(1698232898.387960) can0 421#000000FFE37F00DE 0
(1698232898.387961) can0 340#13000004A000C811 0
(1698232898.387962) can0 485#00000000 0
(1698232898.391853) can0 2B0#D7FE01072F 0
(1698232898.392906) can0 251#1B036FDE004D877D 0
(1698232898.392908) can0 371#001E0000985A0010 0
(1698232898.392909) can0 372#280025006C010000 0
(1698232898.392910) can0 470#1544405555681400 0
(1698232898.393913) can0 153#208010FF00FF903E 0
(1698232898.393915) can0 160#00E8FF0A0000001D 0
(1698232898.393916) can0 130#AE79BE7C00000785 0
(1698232898.393917) can0 140#118100632000070F 0
(1698232898.394913) can0 164#00081018 0
(1698232898.394915) can0 220#9603830000D90C88 0
(1698232898.394916) can0 394#1884000018241B81 0
(1698232898.394917) can0 47F#200000000000 0
(1698232898.394918) can0 596#000000008E00FE64 0
(1698232898.397871) can0 386#1805FD4413C5FF04 0
(1698232898.398856) can0 387#7400212B00CC0C00 0
(1698232898.399892) can0 340#13000004B000D811 0
(1698232898.401920) can0 592#40EF2A0000073248 0
(1698232898.402931) can0 251#180370A9004A577D 0
(1698232898.402933) can0 2B0#D7FE0107D0 0
(1698232898.402934) can0 371#001E0000985A0010 0
(1698232898.402935) can0 381#80583A0000384F05 0
(1698232898.403936) can0 153#208010FF00FFA04E 0
(1698232898.403938) can0 160#00E9FF0A0000001C 0
(1698232898.403939) can0 130#AE79CF7C000008E4 0
(1698232898.403940) can0 140#1281006320000853 0
(1698232898.403941) can0 164#0008121A 0
(1698232898.404920) can0 220#9823840000D60C98 0
(1698232898.404921) can0 372#2800250062010000 0
(1698232898.405953) can0 4F1#C0366630 0
(1698232898.406926) can0 389#0000000000000000 0
(1698232898.406928) can0 38D#0000080000000080 0
(1698232898.406930) can0 420#801418C8FC4F6A00 0
(1698232898.407937) can0 421#000000FFE37F00B0 0
(1698232898.407939) can0 50A#0A10000000000000 0
(1698232898.407940) can0 340#13000004C000E811 0
(1698232898.411891) can0 371#001E0000985A0010 0
(1698232898.412916) can0 251#150371B60049677D 0
(1698232898.412918) can0 2B0#D5FE0007F1 0
(1698232898.412919) can0 372#2800250068010000 0
(1698232898.412920) can0 470#14444015406C1400 0
(1698232898.413915) can0 153#208010FF00FFB05E 0
(1698232898.413917) can0 160#00E9FF0A0000001C 0
(1698232898.413918) can0 130#B079E77C000009F7 0
(1698232898.413919) can0 140#EE8000632000091A 0
(1698232898.414930) can0 164#0008141C 0
(1698232898.414932) can0 220#9A23840000D60CAA 0
(1698232898.414934) can0 394#21A4000021241581 0
(1698232898.414935) can0 47F#200000000000 0
(1698232898.417220) can0 340#13000004D000F811 0
(1698232898.418267) can0 386#1B45FF4414C501C5 0
(1698232898.418269) can0 387#7E092B3500F40D00 0
(1698232898.421910) can0 371#001E0000985A0010 0
(1698232898.422862) can0 251#130372B30047677D 0
(1698232898.422863) can0 2B0#D7FE0107F2 0
(1698232898.422864) can0 372#280025007E010000 0
(1698232898.422865) can0 381#80383A0000393005 0
(1698232898.423859) can0 153#208010FF00FFC06E 0
(1698232898.423861) can0 160#00ECFF0A00000019 0
(1698232898.423862) can0 164#0008161E 0
(1698232898.423863) can0 130#B479F67C00000A3D 0
(1698232898.423864) can0 140#0281006320000AD0 0
(1698232898.424880) can0 220#9DA3830000D70CBF 0
(1698232898.424882) can0 490#00000820000000 0
(1698232898.424883) can0 495#00000D10F5B02EA7 0
(1698232898.425879) can0 4F1#E0366640 0
(1698232898.426880) can0 389#0000000000000000 0
(1698232898.426881) can0 38D#0000080000000071 0
(1698232898.426882) can0 420#901418C8FC4F6A00 0
(1698232898.427900) can0 421#000000FFE37F00A1 0
(1698232898.427901) can0 340#13000004E0000811 0
(1698232898.431795) can0 371#001E0000985A0010 0
(1698232898.432846) can0 251#110373A00045577D 0
(1698232898.432847) can0 2B0#D7FE0107E3 0
(1698232898.432849) can0 372#2800250072010000 0
(1698232898.432850) can0 412#0000000000000000 0
(1698232898.433839) can0 153#208010FF00FFD07E 0
(1698232898.433840) can0 160#00E9FF0A0000001C 0
(1698232898.433841) can0 164#00081810 0
(1698232898.433843) can0 220#9EE3830000D90CC0 0
(1698232898.434839) can0 130#C079F87C00000B57 0
(1698232898.434841) can0 140#C080006320000B4E 0
(1698232898.434842) can0 394#1FC400001F241981 0
(1698232898.434843) can0 436#00000000 0
(1698232898.434844) can0 47F#200000000000 0
(1698232898.435840) can0 470#1100005555700000 0
(1698232898.435841) can0 500#01 0
(1698232898.435842) can0 4C9#0000000001000000 0
(1698232898.435843) can0 520#0000000000000000 0
(1698232898.436838) can0 5BE#080000FF00000000 0
(1698232898.436840) can0 5C1#5F2D0A1063010009 0
(1698232898.436841) can0 5FF#600000C800C80000 0
(1698232898.437859) can0 386#0E85FE441405FB04 0
(1698232898.438880) can0 387#8813353F001D0E00 0
(1698232898.438881) can0 340#13000004F0001811 0
(1698232898.438882) can0 485#00000000 0
(1698232898.441981) can0 381#80203A00003A1905 0
(1698232898.442962) can0 251#0F03748E0044477D 0
(1698232898.442964) can0 2B0#D7FE000784 0
(1698232898.442965) can0 371#001E0000985A0010 0
(1698232898.442966) can0 153#208010FF00FFE08E 0
(1698232898.443985) can0 160#00E8FF0A0000001D 0
(1698232898.443987) can0 164#00081A12 0
(1698232898.443988) can0 220#9FE3820000DF0CD6 0
(1698232898.443989) can0 130#C879D47C00000CD5 0
(1698232898.443990) can0 140#8B80006320000CF6 0
(1698232898.445003) can0 372#2800250066010000 0
(1698232898.445004) can0 53E#000000002000 0
(1698232898.445005) can0 410#E012211880020020 0
(1698232898.445006) can0 50B#0000970000000000 0
(1698232898.446005) can0 4F1#00376650 0
(1698232898.446006) can0 50C#0000000008000010 0
(1698232898.446007) can0 52A#2C00000006001C00 0
(1698232898.447026) can0 389#0000000000000000 0
(1698232898.447027) can0 38D#0000080000000062 0
(1698232898.447028) can0 420#A01418C8FC4F6A00 0
(1698232898.448025) can0 421#000000FFE37F0092 0
(1698232898.449820) can0 340#1300000400002811 0
(1698232898.451857) can0 371#001E0000985A0010 0
(1698232898.452855) can0 251#0C0375590041177D 0
(1698232898.452856) can0 2B0#D5FE0007B5 0
(1698232898.452858) can0 372#2800250068010000 0
(1698232898.452859) can0 470#0544405155B41400 0
(1698232898.453916) can0 153#208010FF00FF00AE 0
(1698232898.453918) can0 160#00E8FF0A0000001D 0
(1698232898.453919) can0 130#C679AB7C00000D05 0
(1698232898.453920) can0 140#F480006320000DBF 0
(1698232898.453921) can0 164#00081C14 0
(1698232898.454915) can0 220#9B03820000E30CE6 0
(1698232898.454917) can0 394#10E4000010241581 0
(1698232898.454919) can0 47F#200000000000 0
(1698232898.454920) can0 507#00000001 0
(1698232898.455927) can0 50E#0000002000000000 0
(1698232898.455929) can0 541#0304418080080005 0
(1698232898.455930) can0 553#0001000201008000 0
(1698232898.456902) can0 593#441118181617 0
(1698232898.457956) can0 340#1300000410003811 0
(1698232898.457958) can0 386#1EC5FF441705FB44 0
(1698232898.458956) can0 387#921D3F4900370000 0
(1698232898.461895) can0 381#80D83900003BD105 0
(1698232898.462915) can0 251#03037619003AE77C 0
(1698232898.462917) can0 2B0#D7FE0007A6 0
(1698232898.462918) can0 371#001E0000985A0010 0
(1698232898.462919) can0 372#2800250074010000 0
(1698232898.464050) can0 153#208010FF00FF10BE 0
(1698232898.464052) can0 130#C879BC7C00000EC6 0
(1698232898.464053) can0 140#0C81006320000EA5 0
(1698232898.464054) can0 160#00E9FF0A0000001C 0
(1698232898.464944) can0 164#00081E16 0
(1698232898.464946) can0 220#96C3830000E20CF3 0
(1698232898.464947) can0 54B#0010000000870100 0
(1698232898.464948) can0 559#0000000000000000 0
(1698232898.466129) can0 4F1#00376660 0
(1698232898.467122) can0 389#0000000000000000 0
(1698232898.467124) can0 38D#0000080000000053 0
(1698232898.467126) can0 420#B01418C8FC4F6A00 0
(1698232898.468138) can0 421#000000FFE37F0083 0
(1698232898.468989) can0 340#1300000420004811 0
(1698232898.472041) can0 371#001E0000985B0010 0
(1698232898.472799) can0 251#0303774B003A177D 0
(1698232898.472800) can0 2B0#D7FE0007B7 0
(1698232898.472801) can0 372#2800250078010000 0
(1698232898.472802) can0 470#1544405555B81400 0
(1698232898.473872) can0 153#208010FF00FF20CE 0
(1698232898.473874) can0 160#00E9FF0A0000001C 0
(1698232898.473875) can0 130#CA79E07C00000FD2 0
(1698232898.473876) can0 140#AC80006320000F30 0
(1698232898.473877) can0 164#00080008 0
(1698232898.474896) can0 220#9823840000E30C07 0
(1698232898.474898) can0 394#2104000021241F81 0
(1698232898.474900) can0 47F#200000000000 0
(1698232898.474901) can0 490#00000820000000 0
(1698232898.475893) can0 544#0000000000000000 0
(1698232898.477875) can0 340#1300000430005811 0
(1698232898.478868) can0 386#240503851605FDC4 0
(1698232898.478869) can0 387#9D27495300610100 0
(1698232898.481911) can0 381#80083A00003C0305 0
(1698232898.482914) can0 251#0A0378690040277D 0
(1698232898.482916) can0 2B0#D5FE000768 0
(1698232898.482917) can0 371#001E0000185D0010 0
(1698232898.482918) can0 372#280025007A010000 0
(1698232898.483931) can0 153#208010FF00FF30DE 0
(1698232898.483933) can0 160#00E9FF0A0000001C 0
(1698232898.483934) can0 130#CA79E57C000000B6 0
(1698232898.483935) can0 140#A7800063200000BE 0
(1698232898.483936) can0 164#0008020A 0
(1698232898.484900) can0 220#9D83820000E40C1B 0
(1698232898.484902) can0 436#00000000 0
(1698232898.484904) can0 595#00002701DE0E0000 0
(1698232898.485962) can0 4F1#20376670 0
(1698232898.485964) can0 52A#2C00000006001C00 0
(1698232898.486950) can0 389#0000000000000000 0
(1698232898.486952) can0 38D#0000080000000044 0
(1698232898.486953) can0 420#C01418C8FC4F6A00 0
(1698232898.487974) can0 421#000000FFE37F0074 0
(1698232898.487976) can0 340#1300000440006811 0
(1698232898.488945) can0 485#00000000 0
(1698232898.491809) can0 2B0#D7FE000759 0
(1698232898.492818) can0 251#040379FE003BC77C 0
(1698232898.492820) can0 371#001E0000185E0010 0
(1698232898.492821) can0 372#2800250070010000 0
(1698232898.492822) can0 470#1544405555FC1400 0
(1698232898.493818) can0 153#208010FF00FF40EE 0
(1698232898.493820) can0 160#00EAFF0A0000001F 0
(1698232898.493821) can0 130#C679C27C000001DA 0
(1698232898.493822) can0 140#D080006320000125 0
(1698232898.494840) can0 164#0008040C 0
(1698232898.494841) can0 220#9D83820000E40C2B 0
(1698232898.494842) can0 394#1424000014241981 0
(1698232898.494843) can0 47F#200000000000 0
(1698232898.494844) can0 596#000000008E00FE64 0
(1698232898.497820) can0 386#214504851705FDC4 0
(1698232898.498816) can0 387#A731535D008A0200 0
(1698232898.500440) can0 340#1300000450007811 0
(1698232898.501917) can0 381#80983900003D9305 0
(1698232898.502936) can0 251#F9027AAA0032877C 0
(1698232898.502938) can0 2B0#D7FE00076A 0
(1698232898.502939) can0 371#001E0000985F0010 0
(1698232898.502940) can0 372#2800250076010000 0
(1698232898.503934) can0 153#208010FF00FF50FE 0
(1698232898.503935) can0 130#C079B97C00000257 0
(1698232898.503936) can0 140#DB80006320000237 0
(1698232898.503937) can0 160#00E9FF0A0000001C 0
(1698232898.504897) can0 164#0008060E 0
(1698232898.504899) can0 220#9923830000E20C34 0
(1698232898.504900) can0 592#40EF2C0000072E88 0
(1698232898.506066) can0 4F1#20376680 0
(1698232898.507054) can0 389#0000000000000000 0
(1698232898.507056) can0 38D#0000080000000035 0
(1698232898.507057) can0 340#1300000460008811 0
(1698232898.508071) can0 420#D01418C8FC4F6A00 0
(1698232898.508073) can0 421#000000FFE37F0065 0
(1698232898.508074) can0 4A2#0100 0
(1698232898.512054) can0 2B0#D5FE00075B 0
(1698232898.512986) can0 251#EF027B5A002B477C 0
(1698232898.512988) can0 371#001E000018610010 0
(1698232898.512989) can0 372#2800250074010000 0
(1698232898.512990) can0 470#1444401540001400 0
(1698232898.513834) can0 153#208010FF00FF600E 0
(1698232898.513835) can0 130#B679E77C000003F6 0
(1698232898.513836) can0 140#F18000632000032D 0
(1698232898.513837) can0 160#00E9FF0A0000001C 0
(1698232898.514834) can0 164#00080800 0
(1698232898.514835) can0 220#9843830000DF0C40 0
(1698232898.514837) can0 394#1A4400001A241B81 0
(1698232898.514838) can0 47F#200000000000 0
(1698232898.517460) can0 340#1300000470009811 0
(1698232898.518491) can0 386#208509851645FDC4 0
(1698232898.518493) can0 387#B13B5D6700B30300 0
(1698232898.522098) can0 371#001E000018620010 0
(1698232898.522983) can0 251#EA027C420027377C 0
(1698232898.522984) can0 2B0#D7FE00070C 0
(1698232898.522986) can0 372#280025006C010000 0
(1698232898.522987) can0 381#80383900003E3405 0
(1698232898.524010) can0 153#208010FF00FF701E 0
(1698232898.524012) can0 160#00E7FF0A00000012 0
(1698232898.524013) can0 130#AA79F97C0000045F 0
(1698232898.524014) can0 140#2381006320000444 0
(1698232898.524015) can0 164#00080A02 0
(1698232898.524897) can0 220#9DA3830000DA0C50 0
(1698232898.524899) can0 490#00000820000000 0
(1698232898.524901) can0 495#00000D10F5B02EA7 0
(1698232898.525895) can0 4F1#00376690 0
(1698232898.525897) can0 52A#2C00000006001C00 0
(1698232898.526965) can0 389#0000000000000000 0
(1698232898.526967) can0 38D#0000080000000026 0
(1698232898.526968) can0 420#E01418C8FC4F6A00 0
(1698232898.527956) can0 421#000000FFE37F0056 0
(1698232898.528961) can0 340#130000048000A811 0
(1698232898.532147) can0 371#001E000098620010 0
(1698232898.533026) can0 251#E8027D3F0025377C 0
(1698232898.533029) can0 2B0#D7FE00071D 0
(1698232898.533030) can0 372#280025007E010000 0
(1698232898.533031) can0 436#00000000 0
(1698232898.534055) can0 153#208010FF00FF802E 0
(1698232898.534056) can0 160#00E9FF0A0000001C 0
(1698232898.534057) can0 130#A679017D00000580 0
(1698232898.534058) can0 140#258100632000058A 0
(1698232898.534059) can0 164#00080C04 0
(1698232898.535045) can0 220#9F83840000D40C6F 0
(1698232898.535047) can0 394#2464000024241381 0
(1698232898.535048) can0 470#1100005555040000 0
(1698232898.535049) can0 47F#200000000000 0
(1698232898.535050) can0 500#01 0
(1698232898.535939) can0 520#0000000000000000 0
(1698232898.535940) can0 5C1#5F2D0A1063010009 0
(1698232898.535941) can0 5FF#600000C800C80000 0
(1698232898.537849) can0 340#130000049000B811 0
(1698232898.538887) can0 386#20C5058516850145 0
(1698232898.538889) can0 387#BB45687100DD0400 0
(1698232898.538890) can0 485#00000000 0
(1698232898.541938) can0 381#80403900003F3D05 0
(1698232898.543083) can0 251#ED027E790029677C 0
(1698232898.543085) can0 2B0#D7FE00072E 0
(1698232898.543086) can0 371#001E000098620010 0
(1698232898.543087) can0 153#208010FF00FF903E 0
(1698232898.543960) can0 160#00E8FF0A0000001D 0
(1698232898.543962) can0 130#AE791E7D000006E7 0
(1698232898.543963) can0 140#0681006320000625 0
(1698232898.543964) can0 164#00080E06 0
(1698232898.543965) can0 220#A083840000D20C7C 0
(1698232898.544979) can0 372#280025007E010000 0
(1698232898.544981) can0 50B#0000970000000000 0
(1698232898.546126) can0 4F1#003766A0 0
(1698232898.546128) can0 50C#0000000008000020 0
(1698232898.546129) can0 52A#2C00000006001C00 0
(1698232898.546986) can0 389#0000000000000000 0
(1698232898.546988) can0 38D#0000080000000017 0
(1698232898.546989) can0 420#F01418C8FC4F6A00 0
(1698232898.548038) can0 421#000000FFE37F0047 0
(1698232898.549079) can0 53E#000000002000 0
(1698232898.550105) can0 340#13000004A000C811 0
(1698232898.551831) can0 2B0#D6FE00072F 0
(1698232898.552896) can0 251#F2027FB3002D977C 0
(1698232898.552898) can0 371#001E000098620010 0
(1698232898.552900) can0 372#2800250090010000 0
(1698232898.552901) can0 470#0544405155481400 0
(1698232898.553877) can0 153#208010FF00FFA04E 0
(1698232898.553879) can0 160#00E9FF0A0000001C 0
(1698232898.553880) can0 130#B6791F7D000007FB 0
(1698232898.553881) can0 140#1F8100632000070E 0
(1698232898.554875) can0 164#00081018 0
(1698232898.554877) can0 220#A303840000D60C85 0
(1698232898.554878) can0 394#2084000020241981 0
(1698232898.554879) can0 47F#200000000000 0
(1698232898.554881) can0 507#00000001 0
(1698232898.555922) can0 541#0304418080080005 0
(1698232898.557867) can0 386#1A0502C51605FDC4 0
(1698232898.558867) can0 340#13000004B000D811 0
(1698232898.558869) can0 387#C54F727B00060500 0
(1698232898.561862) can0 371#001E000098620010 0
(1698232898.562896) can0 251#F5028099002F777C 0
(1698232898.562898) can0 2B0#D7FE0007C0 0
(1698232898.562899) can0 372#280025009A010000 0
(1698232898.562900) can0 381#8078390000407605 0
(1698232898.563898) can0 153#208010FF00FFB05E 0
(1698232898.563900) can0 160#00E9FF0A0000001C 0
(1698232898.563901) can0 130#B479227D0000087D 0
(1698232898.563902) can0 140#35810063200008B2 0
(1698232898.563903) can0 164#0008121A 0
(1698232898.564969) can0 220#A463840000DA0C98 0
(1698232898.564971) can0 54B#0010000000870100 0
(1698232898.565954) can0 4F1#203766B0 0
(1698232898.566937) can0 389#0000000000000000 0
(1698232898.566939) can0 38D#0000080000000008 0
(1698232898.566940) can0 420#001418C8FC4F6A00 0
(1698232898.567938) can0 340#13000004C000E811 0
(1698232898.567940) can0 421#000000FFE37F0038 0
(1698232898.571831) can0 371#001E000098620010 0
(1698232898.572874) can0 251#F3028177002E577C 0
(1698232898.572876) can0 2B0#D7FE0007D1 0
(1698232898.572877) can0 372#2800250098010000 0
(1698232898.572878) can0 470#15444055558C1400 0
(1698232898.574009) can0 153#208010FF00FFC06E 0
(1698232898.574011) can0 160#00E9FF0A0000001C 0
(1698232898.574012) can0 130#AC79067D0000097F 0
(1698232898.574013) can0 140#178100632000097A 0
(1698232898.574014) can0 164#0008141C 0
(1698232898.574996) can0 220#A4C3840000D90CA9 0
(1698232898.574998) can0 394#26A4000026241B81 0
(1698232898.574999) can0 47F#200000000000 0
(1698232898.575000) can0 490#00000820000000 0
(1698232898.577893) can0 340#13000004D000F811 0
(1698232898.578891) can0 386#1D4505C517C50085 0
(1698232898.578892) can0 387#CF597C85002F0600 0
(1698232898.582057) can0 381#8060390000415F05 0
(1698232898.583055) can0 251#F1028274002C577C 0
(1698232898.583057) can0 2B0#D7FE0007E2 0
(1698232898.583058) can0 371#001E000098620010 0
(1698232898.583059) can0 372#2800250098010000 0
(1698232898.583939) can0 153#208010FF00FFD07E 0
(1698232898.583940) can0 130#AA79CA7C00000A68 0
(1698232898.583941) can0 140#D280006320000A50 0
(1698232898.583942) can0 160#00E8FF0A0000001D 0
(1698232898.583943) can0 164#0008161E 0
(1698232898.584946) can0 220#A043840000D50CB1 0
(1698232898.584949) can0 436#00000000 0
(1698232898.584950) can0 595#00003601DE0E0000 0
(1698232898.586097) can0 4F1#003766C0 0
(1698232898.587104) can0 389#0000000000000000 0
(1698232898.587106) can0 38D#00000800000000F9 0
(1698232898.587107) can0 420#101418C8FC4F6A00 0
(1698232898.588115) can0 421#000000FFE37F0029 0
(1698232898.588116) can0 340#13000004E0000811 0
(1698232898.589119) can0 485#00000000 0
(1698232898.591919) can0 2B0#D7FE0007F3 0
(1698232898.592945) can0 251#F2028377002D577C 0
(1698232898.592947) can0 371#001E000098620010 0
(1698232898.592948) can0 372#280025009C010000 0
(1698232898.592950) can0 153#208010FF00FFE08E 0
(1698232898.593934) can0 160#00E9FF0A0000001C 0
(1698232898.593935) can0 130#A879AD7C00000B9A 0
(1698232898.593936) can0 140#AB80006320000BCA 0
(1698232898.593937) can0 164#00081810 0
(1698232898.594957) can0 220#9A23830000D40CC9 0
(1698232898.594958) can0 394#19C4000019241581 0
(1698232898.594959) can0 470#1544405555501400 0
(1698232898.594960) can0 47F#200000000000 0
(1698232898.594961) can0 596#000000008E00FE64 0
(1698232898.597989) can0 386#228506C520C50245 0
(1698232898.598867) can0 387#DA63868F00590700 0
(1698232898.599893) can0 340#13000004F0001811 0
(1698232898.602054) can0 381#8060390000426005 0
(1698232898.603030) can0 251#F1028466002C477C 0
(1698232898.603031) can0 2B0#D5FE0007A4 0
(1698232898.603033) can0 592#40EF2F0000072BC8 0
(1698232898.603034) can0 153#208010FF00FF00AE 0
(1698232898.603958) can0 160#00E8FF0A0000001D 0
(1698232898.603960) can0 130#A879CD7C00000C97 0
(1698232898.603961) can0 140#F980006320000C44 0
(1698232898.603962) can0 164#00081A12 0
(1698232898.604931) can0 220#9683820000D30CD3 0
(1698232898.604933) can0 371#001E000098620010 0
(1698232898.604934) can0 372#28002500A6010000 0
(1698232898.606088) can0 4F1#203766D0 0
(1698232898.606974) can0 389#0000000000000000 0
(1698232898.606976) can0 38D#00000800000000EA 0
(1698232898.606977) can0 420#201418C8FC4F6A00 0
(1698232898.607983) can0 340#1300000400002811 0
(1698232898.607984) can0 421#000000FFE37F001A 0
(1698232898.607986) can0 50A#0A10000000000000 0
(1698232898.612088) can0 371#001E000098620010 0
(1698232898.612855) can0 251#F302858B002E677C 0
(1698232898.612857) can0 2B0#D7FE000795 0
(1698232898.612858) can0 372#2800250090010000 0
(1698232898.612859) can0 470#1444401540141400 0
(1698232898.613916) can0 153#208010FF00FF10BE 0
(1698232898.613917) can0 160#00E9FF0A0000001C 0
(1698232898.613918) can0 130#AE79D47C00000DAA 0
(1698232898.613919) can0 140#5981006320000DD1 0
(1698232898.613920) can0 164#00081C14 0
(1698232898.614906) can0 220#9AC3830000D30CE6 0
(1698232898.614908) can0 394#1EE400001E241981 0
(1698232898.614909) can0 47F#200000000000 0
(1698232898.617616) can0 340#1300000410003811 0
(1698232898.618622) can0 386#1BC503C51A45FF04 0
(1698232898.618624) can0 387#E46D909900820800 0
(1698232898.621890) can0 381#8090390000439105 0
(1698232898.622863) can0 251#FA0286D80033A77C 0
(1698232898.622865) can0 2B0#D7FE0007A6 0
(1698232898.622866) can0 371#001E000098620010 0
(1698232898.622867) can0 372#280025007C010000 0
(1698232898.623861) can0 153#208010FF00FF20CE 0
(1698232898.623863) can0 160#00EBFF0A0000001E 0
(1698232898.623864) can0 130#AE79BB7C00000EAF 0
(1698232898.623865) can0 140#5D81006320000E9F 0
(1698232898.624859) can0 164#00081E16 0
(1698232898.624861) can0 220#9B43850000D60CFC 0
(1698232898.624863) can0 490#00000820000000 0
(1698232898.624864) can0 495#00000D10F5B02EA7 0
(1698232898.625878) can0 4F1#203766E0 0
(1698232898.626881) can0 389#0000000000000000 0
(1698232898.626882) can0 38D#00000800000000DB 0
(1698232898.627900) can0 420#301418C8FC4F6A00 0
(1698232898.627902) can0 421#000000FFE37F000B 0
(1698232898.628902) can0 340#1300000420004811 0
(1698232898.631862) can0 371#001E000098620010 0
(1698232898.632896) can0 251#0503872E003CE77C 0
(1698232898.632898) can0 2B0#D7FE0007B7 0
(1698232898.632900) can0 372#2800250088010000 0
(1698232898.632901) can0 153#208010FF00FF30DE 0
(1698232898.633900) can0 160#00E9FF0A0000001C 0
(1698232898.633902) can0 164#00080008 0
(1698232898.633904) can0 130#AC79BF7C00000FBD 0
(1698232898.633905) can0 140#2E81006320000F6D 0
(1698232898.634924) can0 220#9863850000D60C0B 0
(1698232898.634926) can0 394#2B0400002B241B81 0
(1698232898.634927) can0 412#0000000000000000 0
(1698232898.634928) can0 47F#200000000000 0
(1698232898.634929) can0 436#00000000 0
(1698232898.635903) can0 500#01 0
(1698232898.635905) can0 470#1100005555180000 0
(1698232898.635906) can0 4C9#0000000001000000 0
(1698232898.635907) can0 520#0000000000000000 0
(1698232898.636928) can0 5C1#5F2D0A1063010009 0
(1698232898.636930) can0 5FF#600000C800C80000 0
(1698232898.637922) can0 340#1300000430005811 0
(1698232898.637924) can0 485#00000000 0
(1698232898.637925) can0 386#200508051EC50045 0
(1698232898.638907) can0 387#EE779AA300AB0900 0
(1698232898.641849) can0 371#001E000098620010 0
(1698232898.642976) can0 251#050388FF003CB77C 0
(1698232898.642976) can0 2B0#D7FE000748 0
(1698232898.642977) can0 372#280025009C010000 0
(1698232898.642977) can0 381#80E039000044E205 0
(1698232898.643894) can0 153#208010FF00FF40EE 0
(1698232898.643895) can0 160#00E9FF0A0000001C 0
(1698232898.643895) can0 130#9E798C7C000000FB 0
(1698232898.643895) can0 140#D8800063200000EA 0
(1698232898.643896) can0 164#0008020A 0
(1698232898.644989) can0 220#98A3840000D50C19 0
(1698232898.644989) can0 410#E012211880020020 0
(1698232898.644990) can0 50B#0000970000000000 0
(1698232898.646002) can0 4F1#003766F0 0
(1698232898.646003) can0 50C#0000000008000030 0
(1698232898.646937) can0 389#0000000000000000 0
(1698232898.646938) can0 38D#00000800000000CC 0
(1698232898.646938) can0 420#401418C8FC4F6A00 0
(1698232898.648054) can0 421#000000FFE37F00FC 0
(1698232898.649534) can0 340#1300000440006811 0
(1698232898.651860) can0 2B0#D6FE000749 0
(1698232898.652869) can0 251#020389FB003AB77C 0
(1698232898.652870) can0 371#001E000098620010 0
(1698232898.652870) can0 53E#000000002000 0
(1698232898.652870) can0 372#2800250094010000 0
(1698232898.653869) can0 153#208010FF00FF50FE 0
(1698232898.653870) can0 160#00EAFF0A0000001F 0
(1698232898.653870) can0 130#8C799B7C00000100 0
(1698232898.653871) can0 140#A08000632000012D 0
(1698232898.654843) can0 164#0008040C 0
(1698232898.654844) can0 220#9243830000CE0C2B 0
(1698232898.654845) can0 394#1A2400001A241D81 0
(1698232898.654845) can0 470#05444051559C1400 0
(1698232898.654845) can0 47F#200000000000 0
(1698232898.655882) can0 507#00000001 0
(1698232898.655882) can0 50E#0000002000000000 0
(1698232898.655883) can0 541#0304418080080005 0
(1698232898.655883) can0 553#0001000201008000 0
(1698232898.656929) can0 593#441118181617 0
(1698232898.657933) can0 386#27450C051F4502C5 0
(1698232898.658901) can0 340#1300000450007811 0
(1698232898.658902) can0 387#F881A5AD00D50A00 0
(1698232898.661925) can0 381#80B839000045BB05 0
(1698232898.662949) can0 251#FE028AC30036877C 0
(1698232898.662949) can0 2B0#D5FE00074A 0
(1698232898.662950) can0 371#001E000098620010 0
(1698232898.662951) can0 372#2800250088010000 0
(1698232898.663953) can0 153#208010FF00FF600E 0
(1698232898.663954) can0 160#00E8FF0A0000001D 0
(1698232898.663955) can0 130#8879E87C00000240 0
(1698232898.663955) can0 140#0281006320000238 0
(1698232898.665002) can0 164#0008060E 0
(1698232898.665003) can0 220#9463820000C50C33 0
(1698232898.665004) can0 54B#0010000000870100 0
(1698232898.665004) can0 559#0000000000000000 0
(1698232898.665986) can0 4F1#40376600 0
(1698232898.667009) can0 389#0000000000000000 0
(1698232898.667011) can0 38D#00000800000000BD 0
(1698232898.667011) can0 340#1300000460008811 0
(1698232898.668007) can0 420#501418C8FC4F6A00 0
(1698232898.668008) can0 421#000000FFE37F00ED 0
(1698232898.671940) can0 371#001E000098620010 0
(1698232898.672953) can0 251#FB028BCF0034977C 0
(1698232898.672955) can0 2B0#D7FE00077B 0
(1698232898.672956) can0 372#280025007A010000 0
(1698232898.672957) can0 470#1544405555601400 0
(1698232898.673972) can0 153#208010FF00FF701E 0
(1698232898.673974) can0 160#00E9FF0A0000001C 0
(1698232898.673976) can0 130#8E79ED7C00000351 0
(1698232898.673976) can0 140#7E81006320000396 0
(1698232898.674957) can0 164#00080800 0
(1698232898.674959) can0 220#9DE3830000C30C4B 0
(1698232898.674961) can0 394#1F4400001F241181 0
(1698232898.674962) can0 47F#200000000000 0
(1698232898.674963) can0 490#00000820000000 0
(1698232898.675950) can0 544#0000000000000000 0
(1698232898.677871) can0 386#1C8502051085FE84 0
(1698232898.678892) can0 387#048BAFB700000B00 0
(1698232898.678894) can0 340#1300000470009811 0
(1698232898.681936) can0 371#001E000098620010 0
(1698232898.682997) can0 251#F8028C9B0032677C 0
(1698232898.682999) can0 2B0#D7FE00070C 0
(1698232898.683000) can0 372#2800250084010000 0
(1698232898.683001) can0 381#8090390000469405 0
(1698232898.683994) can0 153#208010FF00FF802E 0
(1698232898.683996) can0 160#00E9FF0A0000001C 0
(1698232898.683997) can0 130#9279AE7C00000421 0
(1698232898.683998) can0 140#86810063200004BE 0
(1698232898.684000) can0 164#00080A02 0
(1698232898.684998) can0 220#9DE3850000C60C5E 0
(1698232898.685000) can0 436#00000000 0
(1698232898.685001) can0 595#00004A01DD0E0000 0
(1698232898.686115) can0 4F1#60376610 0
(1698232898.686999) can0 389#0000000000000000 0
(1698232898.687000) can0 38D#00000800000000AE 0
(1698232898.687002) can0 420#601418C8FC4F6A00 0
(1698232898.687999) can0 421#000000FFE37F00DE 0
(1698232898.688000) can0 340#130000048000A811 0
(1698232898.688981) can0 485#00000000 0
(1698232898.692096) can0 2B0#D7FE00071D 0
(1698232898.692992) can0 251#F4028D95002F677C 0
(1698232898.692994) can0 371#001E000098620010 0
(1698232898.692995) can0 372#2800250088010000 0
(1698232898.692996) can0 470#1544405555641400 0
(1698232898.694014) can0 153#208010FF00FF903E 0
(1698232898.694016) can0 160#00E8FF0A0000001D 0
(1698232898.694017) can0 130#90796C7C000005EE 0
(1698232898.694018) can0 140#0A810063200005B9 0
(1698232898.695022) can0 164#00080C04 0
(1698232898.695024) can0 220#9603860000C80C6A 0
(1698232898.695025) can0 394#3064000030241981 0
(1698232898.695026) can0 47F#200000000000 0
(1698232898.695027) can0 596#000000008E00FE64 0
(1698232898.698077) can0 386#25C506050D45F8C4 0
(1698232898.698872) can0 387#0E95B9C100290C00 0
(1698232898.698874) can0 340#130000049000B811 0
(1698232898.702051) can0 381#8080390000478505 0
(1698232898.703056) can0 251#F6028EA90030777C 0
(1698232898.703058) can0 2B0#D5FE00070E 0
(1698232898.703059) can0 371#001E000098620010 0
(1698232898.703060) can0 372#280025008C010000 0
(1698232898.703938) can0 153#208010FF00FFA04E 0
(1698232898.703940) can0 160#00E9FF0A0000001C 0
(1698232898.703941) can0 130#9279B47C00000656 0
(1698232898.703942) can0 140#1D800063200006EF 0
(1698232898.704943) can0 164#00080E06 0
(1698232898.704945) can0 220#8E03840000C70C71 0
(1698232898.704947) can0 592#40EF310000072808 0
(1698232898.706090) can0 4F1#60376620 0
(1698232898.706092) can0 52A#2D00000006001C00 0
(1698232898.707080) can0 389#0000000000000000 0
(1698232898.707082) can0 38D#0000080000000080 0
(1698232898.707083) can0 420#701418C8FC4F6A00 0
(1698232898.708114) can0 421#000000FFE37F00B0 0
(1698232898.708116) can0 340#13000004A000C811 0
(1698232898.712120) can0 371#001E000098610010 0
(1698232898.713023) can0 251#F6028F9B0031677C 0
(1698232898.713025) can0 2B0#D5FE00071F 0
(1698232898.713026) can0 372#2800250094010000 0
(1698232898.713027) can0 470#1444401540281400 0
(1698232898.714053) can0 153#208010FF00FFB05E 0
(1698232898.714054) can0 160#00E8FF0A0000001D 0
(1698232898.714055) can0 130#9A79137D000007ED 0
(1698232898.714056) can0 140#01800063200007F0 0
(1698232898.714957) can0 164#00081018 0
(1698232898.714958) can0 220#9743800000C80C87 0
(1698232898.714959) can0 394#0284000002241981 0
(1698232898.714960) can0 47F#200000000000 0
(1698232898.717844) can0 386#290508451F05F8C4 0
(1698232898.718855) can0 387#189FC3CA00510D00 0
(1698232898.718857) can0 340#13000004B000D811 0
(1698232898.722089) can0 371#001E000098610010 0
(1698232898.722978) can0 251#F4029088002F577C 0
(1698232898.722980) can0 2B0#D7FE0007C0 0
(1698232898.722981) can0 372#280025008E010000 0
(1698232898.722982) can0 381#8078390000487E05 0
(1698232898.723989) can0 153#208010FF00FFC06E 0
(1698232898.723991) can0 160#00ECFF0A00000019 0
(1698232898.723992) can0 164#0008121A 0
(1698232898.723993) can0 130#9C793A7D00000859 0
(1698232898.723994) can0 140#F0800063200008BF 0
(1698232898.725013) can0 220#A2E37F0000CC0C95 0
(1698232898.725014) can0 490#00000820000000 0
(1698232898.725015) can0 495#00000D10F5B02EA7 0
(1698232898.725914) can0 4F1#40376630 0
(1698232898.726934) can0 389#0000000000000000 0
(1698232898.726936) can0 38D#0000080000000071 0
(1698232898.727927) can0 420#801418C8FC4F6A00 0
(1698232898.727929) can0 421#000000FFE37F00A1 0
(1698232898.727931) can0 340#13000004C000E811 0
(1698232898.732069) can0 371#001E000098610010 0
(1698232898.732969) can0 251#F3029197002E677C 0
(1698232898.732971) can0 2B0#D7FE0007D1 0
(1698232898.732972) can0 372#280025007E010000 0
(1698232898.732973) can0 436#00000000 0
(1698232898.733989) can0 153#208010FF00FFD07E 0
(1698232898.733991) can0 160#00E9FF0A0000001C 0
(1698232898.733992) can0 164#0008141C 0
(1698232898.733994) can0 130#9679227D000009B5 0
(1698232898.733995) can0 140#7581006320000971 0
(1698232898.735000) can0 220#A7A3830000CD0CAF 0
(1698232898.735002) can0 394#1DA400001D241F81 0
(1698232898.735003) can0 470#11000055556C0000 0
(1698232898.735004) can0 47F#200000000000 0
(1698232898.735005) can0 500#01 0
(1698232898.735918) can0 520#0000000000000000 0
(1698232898.735920) can0 5C1#5F2D0A1063010009 0
(1698232898.735921) can0 5FF#600000C800C80000 0
(1698232898.737874) can0 386#1945064524450185 0
(1698232898.738898) can0 340#13000004D000F811 0
(1698232898.738899) can0 387#22A9CDD4007A0E00 0
(1698232898.738900) can0 485#00000000 0
(1698232898.741864) can0 381#8070390000497705 0
(1698232898.742860) can0 251#F402929A002F677C 0
(1698232898.742861) can0 2B0#D7FE0007E2 0
(1698232898.742862) can0 371#001E000098610010 0
(1698232898.742863) can0 372#2800250084010000 0
(1698232898.743880) can0 153#208010FF00FFE08E 0
(1698232898.743881) can0 130#9479D57C00000A2D 0
(1698232898.743882) can0 140#2381006320000AE2 0
(1698232898.743883) can0 160#00E8FF0A0000001D 0
(1698232898.743884) can0 164#0008161E 0
(1698232898.744879) can0 220#A4C3850000CA0CBB 0
(1698232898.744880) can0 50B#0000970000000000 0
(1698232898.745901) can0 4F1#60376640 0
(1698232898.745903) can0 50C#0000000008000040 0
(1698232898.745904) can0 52A#2D00000006001C00 0
(1698232898.745905) can0 5B0#4E7E0300 0
(1698232898.746901) can0 389#0000000000000000 0
(1698232898.746902) can0 38D#0000080000000062 0
(1698232898.747921) can0 420#901418C8FC4F6A00 0
(1698232898.747923) can0 421#000000FFE37F0092 0
(1698232898.749691) can0 340#13000004E0000811 0
(1698232898.751883) can0 371#001E000098610010 0
(1698232898.752901) can0 251#F2029388002E577C 0
(1698232898.752902) can0 2B0#D7FE0007F3 0
(1698232898.752903) can0 372#280025008E010000 0
(1698232898.752904) can0 470#0544405155B01400 0
(1698232898.753955) can0 153#208010FF00FF00AE 0
(1698232898.753957) can0 130#9879827C00000BF1 0
(1698232898.753958) can0 140#7D80006320000BDF 0
(1698232898.753959) can0 160#00E8FF0A0000001D 0
(1698232898.754956) can0 164#00081810 0
(1698232898.754958) can0 220#9B83840000C90CCE 0
(1698232898.754959) can0 394#24C4000024241D81 0
(1698232898.754960) can0 47F#200000000000 0
(1698232898.754962) can0 507#00000001 0
(1698232898.755977) can0 541#0304418080080005 0
(1698232898.755979) can0 53E#000000002000 0
(1698232898.757216) can0 340#13000004F0001811 0
(1698232898.758269) can0 386#2185084523850845 0
(1698232898.758270) can0 387#2CB3D7DE00940000 0
(1698232898.762062) can0 371#001E000098610010 0
(1698232898.763039) can0 251#F1029476002C477C 0
(1698232898.763041) can0 2B0#D6FE000794 0
(1698232898.763042) can0 372#280025009A010000 0
(1698232898.763043) can0 381#80603900004A6805 0
(1698232898.763896) can0 153#208010FF00FF10BE 0
(1698232898.763898) can0 130#92796F7C00000C1F 0
(1698232898.763899) can0 140#6980006320000C5C 0
(1698232898.763900) can0 160#00E9FF0A0000001C 0
(1698232898.763901) can0 164#00081A12 0
(1698232898.764922) can0 220#91C3810000CB0CD5 0
(1698232898.764924) can0 54B#0010000000870100 0
(1698232898.765916) can0 4F1#40376650 0
(1698232898.766954) can0 389#0000000000000000 0
(1698232898.766956) can0 38D#0000080000000053 0
(1698232898.767975) can0 420#A01418C8FC4F6A00 0
(1698232898.767977) can0 421#000000FFE37F0083 0
(1698232898.768943) can0 340#1300000400002811 0
(1698232898.771814) can0 371#001E000098610010 0
(1698232898.772994) can0 251#F0029576002C477C 0
(1698232898.772996) can0 2B0#D7FE000795 0
(1698232898.772997) can0 372#2800250098010000 0
(1698232898.772998) can0 470#1544405555B41400 0
(1698232898.773964) can0 153#208010FF00FF20CE 0
(1698232898.773965) can0 160#00E9FF0A0000001C 0
(1698232898.773967) can0 130#9079B87C00000DE1 0
(1698232898.773968) can0 140#F780006320000D58 0
(1698232898.774869) can0 164#00081C14 0
(1698232898.774871) can0 220#8E83810000C80CEF 0
(1698232898.774872) can0 394#0CE400000C241F81 0
(1698232898.774874) can0 47F#200000000000 0
(1698232898.774875) can0 490#00000820000000 0
(1698232898.775887) can0 4A7#0100 0
(1698232898.778007) can0 386#27C5034524850785 0
(1698232898.778992) can0 387#37BDE2E800BF0100 0
(1698232898.778994) can0 5E3#0000000000000000 0
(1698232898.779877) can0 340#1300000410003811 0
(1698232898.782149) can0 381#80783900004B8105 0
(1698232898.783116) can0 251#F50296C00030877C 0
(1698232898.783118) can0 2B0#D7FE0007A6 0
(1698232898.783119) can0 371#001E000098610010 0
(1698232898.783120) can0 153#208010FF00FF30DE 0
(1698232898.784043) can0 160#00E9FF0A0000001C 0
(1698232898.784044) can0 130#9C79DF7C00000E28 0
(1698232898.784045) can0 140#7B81006320000E23 0
(1698232898.784046) can0 164#00081E16 0
(1698232898.784047) can0 220#97C3830000C70CF9 0
(1698232898.784988) can0 372#280025008A010000 0
(1698232898.784989) can0 436#00000000 0
(1698232898.784990) can0 595#00004601DC0E0000 0
(1698232898.786155) can0 4F1#40376660 0
(1698232898.786157) can0 52A#2D00000006001C00 0
(1698232898.787163) can0 389#0000000000000000 0
(1698232898.787165) can0 38D#0000080000000044 0
(1698232898.787166) can0 420#B01418C8FC4F6A00 0
(1698232898.788150) can0 421#000000FFE37F0074 0
(1698232898.788153) can0 340#1300000420004811 0
(1698232898.788154) can0 485#00000000 0
(1698232898.791873) can0 2B0#D7FE0007B7 0
(1698232898.792900) can0 251#FF0297020037B77C 0
(1698232898.792902) can0 371#001E000098610010 0
(1698232898.792903) can0 372#2800250078010000 0
(1698232898.792905) can0 153#208010FF00FF40EE 0
(1698232898.793896) can0 160#00EAFF0A0000001F 0
(1698232898.793898) can0 130#A079B47C00000FCF 0
(1698232898.793899) can0 140#AA81006320000FA5 0
(1698232898.793900) can0 164#00080008 0
(1698232898.794928) can0 220#9CE3850000CD0C04 0
(1698232898.794930) can0 394#2F0400002F241381 0
(1698232898.794931) can0 470#1544405555B81400 0
(1698232898.794932) can0 47F#200000000000 0
(1698232898.794933) can0 596#000000008E00FE64 0
(1698232898.797988) can0 386#1D050A8526450BC5 0
(1698232898.798993) can0 387#41C7ECF200E80200 0
(1698232898.799995) can0 340#1300000430005811 0
(1698232898.802125) can0 592#40EF330000072548 0
(1698232898.803043) can0 251#0303980B003AB77C 0
(1698232898.803045) can0 2B0#D5FE000768 0
(1698232898.803046) can0 371#001E000098610010 0
(1698232898.803047) can0 381#80D03900004CDA05 0
(1698232898.803978) can0 153#208010FF00FF50FE 0
(1698232898.803980) can0 130#94799A7C0000001C 0
(1698232898.803981) can0 140#3B8100632000005B 0
(1698232898.803982) can0 160#00E8FF0A0000001D 0
(1698232898.803983) can0 164#0008020A 0
(1698232898.804947) can0 220#9783860000CF0C12 0
(1698232898.804949) can0 372#280025007A010000 0
(1698232898.806110) can0 4F1#60376670 0
(1698232898.807121) can0 389#0000000000000000 0
(1698232898.807123) can0 38D#0000080000000035 0
(1698232898.807124) can0 420#C01418C8FC4F6A00 0
(1698232898.808114) can0 421#000000FFE37F0065 0
(1698232898.808116) can0 50A#0A10000000000000 0
(1698232898.809157) can0 340#1300000440006811 0
(1698232898.811894) can0 371#001E000098610010 0
(1698232898.812897) can0 251#030399FC003AA77C 0
(1698232898.812900) can0 2B0#D7FE000759 0
(1698232898.812901) can0 372#2800250080010000 0
(1698232898.812902) can0 470#1444400540BC1400 0
(1698232898.813878) can0 153#208010FF00FF600E 0
(1698232898.813880) can0 130#8879827C0000019A 0
(1698232898.813881) can0 140#F08000632000014A 0
(1698232898.813882) can0 160#00E9FF0A0000001C 0
(1698232898.814875) can0 164#0008040C 0
(1698232898.814877) can0 220#94E3840000C90C29 0
(1698232898.814878) can0 394#2724000027241181 0
(1698232898.814879) can0 47F#200000000000 0
(1698232898.817435) can0 340#1300000450007811 0
(1698232898.818476) can0 386#28450A851D450085 0
(1698232898.818479) can0 387#4BD1F6FC00110300 0
(1698232898.821991) can0 371#001E000098610010 0
(1698232898.822863) can0 251#01039AFA0039A77C 0
(1698232898.822864) can0 2B0#D6FE00077A 0
(1698232898.822865) can0 372#2800250080010000 0
(1698232898.822866) can0 381#80C83900004DD305 0
(1698232898.823881) can0 153#208010FF00FF701E 0
(1698232898.823882) can0 130#8A798C7C00000211 0
(1698232898.823883) can0 140#18810063200002E9 0
(1698232898.823884) can0 160#00EBFF0A0000001E 0
(1698232898.823885) can0 164#0008060E 0
(1698232898.824902) can0 220#91A3830000C30C3F 0
(1698232898.824904) can0 490#00000820000000 0
(1698232898.824906) can0 495#00000D10F5B02EA7 0
(1698232898.825900) can0 4F1#60376680 0
(1698232898.826928) can0 389#0000000000000000 0
(1698232898.826929) can0 38D#0000080000000026 0
(1698232898.827928) can0 420#D01418C8FC4F6A00 0
(1698232898.827930) can0 421#000000FFE37F0056 0
(1698232898.828926) can0 340#1300000460008811 0
(1698232898.831911) can0 371#001E000098610010 0
(1698232898.832931) can0 251#05039B42003CE77C 0
(1698232898.832933) can0 2B0#D7FE00077B 0
(1698232898.832936) can0 372#280025007A010000 0
(1698232898.832937) can0 412#0000000000000000 0
(1698232898.833928) can0 153#208010FF00FF802E 0
(1698232898.833930) can0 130#9879D87C000003CB 0
(1698232898.833931) can0 140#118100632000037B 0
(1698232898.833932) can0 160#00E9FF0A0000001C 0
(1698232898.834950) can0 164#00080800 0
(1698232898.834951) can0 220#9243840000C40C40 0
(1698232898.834952) can0 394#2244000022241981 0
(1698232898.834953) can0 436#00000000 0
(1698232898.834954) can0 47F#200000000000 0
(1698232898.835949) can0 470#1100005555000000 0
(1698232898.835950) can0 500#01 0
(1698232898.835951) can0 4C9#0000000001000000 0
(1698232898.835952) can0 520#0000000000000000 0
(1698232898.835953) can0 5C1#5F2D0A1063010009 0
(1698232898.836971) can0 5FF#600000C800C80000 0
(1698232898.837984) can0 386#2C85078522050485 0
(1698232898.838964) can0 387#55DB0107003C0400 0
(1698232898.838965) can0 340#1300000470009811 0
(1698232898.838966) can0 485#00000000 0
(1698232898.841883) can0 381#80F83900004E0405 0
(1698232898.842901) can0 251#0A039C6D0040077D 0
(1698232898.842902) can0 2B0#D7FE00070C 0
(1698232898.842904) can0 371#001E000098610010 0
(1698232898.842905) can0 372#2800250078010000 0
(1698232898.843923) can0 153#208010FF00FF903E 0
(1698232898.843924) can0 130#A479DD7C0000042A 0
(1698232898.843926) can0 140#EC80006320000421 0
(1698232898.843927) can0 160#00E9FF0A0000001C 0
(1698232898.843928) can0 164#00080A02 0
(1698232898.844925) can0 220#9C23840000CB0C53 0
(1698232898.844926) can0 410#E012211880020020 0
(1698232898.844927) can0 50B#0000970000000000 0
(1698232898.845922) can0 4F1#40376690 0
(1698232898.845924) can0 50C#0000000008000050 0
(1698232898.846942) can0 389#0000000000000000 0
(1698232898.846944) can0 38D#0000080000000017 0
(1698232898.847943) can0 420#E01418C8FC4F6A00 0
(1698232898.847944) can0 421#000000FFE37F0047 0
(1698232898.848965) can0 340#130000048000A811 0
(1698232898.851865) can0 371#001E000018610010 0
(1698232898.852881) can0 251#0B039D4F0041E77C 0
(1698232898.852883) can0 2B0#D6FE00070D 0
(1698232898.852884) can0 372#2800250076010000 0
(1698232898.852886) can0 470#0544405155441400 0
(1698232898.853882) can0 153#208010FF00FFA04E 0
(1698232898.853884) can0 130#A879927C0000056F 0
(1698232898.853885) can0 140#028100632000056B 0
(1698232898.853886) can0 160#00E9FF0A0000001C 0
(1698232898.853887) can0 164#00080C04 0
(1698232898.854904) can0 220#9CA3830000D10C66 0
(1698232898.854905) can0 394#1D6400001D241381 0
(1698232898.854906) can0 47F#200000000000 0
(1698232898.854907) can0 507#00000001 0
(1698232898.855907) can0 50E#0000002000000000 0
(1698232898.855908) can0 541#0304418080080005 0
(1698232898.855909) can0 553#0001000201008000 0
(1698232898.856973) can0 593#441118181617 0
(1698232898.857933) can0 340#130000049000B811 0
(1698232898.857935) can0 386#2AC510851EC50985 0
(1698232898.858996) can0 387#60E60B1200680500 0
(1698232898.860247) can0 53E#000000002000 0
(1698232898.861956) can0 371#001E000098600010 0
(1698232898.862958) can0 251#02039EDF0039877C 0
(1698232898.862960) can0 2B0#D5FE00070E 0
(1698232898.862961) can0 372#280025007A010000 0
(1698232898.862962) can0 381#80D03900004FDD05 0
(1698232898.863990) can0 153#208010FF00FFB05E 0
(1698232898.863992) can0 130#9E79747C00000651 0
(1698232898.863993) can0 140#3C8100632000069B 0
(1698232898.863994) can0 160#00EAFF0A0000001F 0
(1698232898.863995) can0 164#00080E06 0
(1698232898.864956) can0 220#93E3830000D30C71 0
(1698232898.864958) can0 54B#0010000000870100 0
(1698232898.864959) can0 559#0000000000000000 0
(1698232898.865996) can0 4F1#803766A0 0
(1698232898.866995) can0 389#0000000000000000 0
(1698232898.866997) can0 38D#0000080000000008 0
(1698232898.867994) can0 420#F01418C8FC4F6A00 0
(1698232898.867996) can0 421#000000FFE37F0038 0
(1698232898.867997) can0 340#13000004A000C811 0
(1698232898.871834) can0 371#001E000098600010 0
(1698232898.872870) can0 251#FD029FF70036A77C 0
(1698232898.872872) can0 2B0#D7FE00073F 0
(1698232898.872874) can0 372#280025007A010000 0
(1698232898.872875) can0 470#1544405555481400 0
(1698232898.873896) can0 153#208010FF00FFC06E 0
(1698232898.873899) can0 160#00E9FF0A0000001C 0
(1698232898.873900) can0 130#8E79977C00000736 0
(1698232898.873901) can0 140#46810063200007E6 0
(1698232898.874919) can0 164#00081018 0
(1698232898.874920) can0 220#8FE3840000CE0C89 0
(1698232898.874921) can0 394#2784000027241B81 0
(1698232898.874922) can0 47F#200000000000 0
(1698232898.874923) can0 490#00000820000000 0
(1698232898.875912) can0 544#0000000000000000 0
(1698232898.877904) can0 386#2B050FC520C50285 0
(1698232898.878893) can0 387#6AF0161B00910600 0
(1698232898.878895) can0 340#13000004B000D811 0
(1698232898.881932) can0 381#80A839000050B605 0
(1698232898.882934) can0 251#FC02A0E60035977C 0
(1698232898.882936) can0 2B0#D7FE0007C0 0
(1698232898.882937) can0 371#001E000098600010 0
(1698232898.882938) can0 372#280025007A010000 0
(1698232898.883918) can0 153#208010FF00FFD07E 0
(1698232898.883920) can0 130#8679C67C00000844 0
(1698232898.883921) can0 140#EE80006320000807 0
(1698232898.883922) can0 160#00E9FF0A0000001C 0
(1698232898.884920) can0 164#0008121A 0
(1698232898.884922) can0 220#9303850000C60C94 0
(1698232898.884923) can0 436#00000000 0
(1698232898.884924) can0 595#00004601DD0E0000 0
(1698232898.885951) can0 4F1#A03766B0 0
(1698232898.886973) can0 389#0000000000000000 0
(1698232898.886975) can0 38D#00000800000000F9 0
(1698232898.887940) can0 420#001418C8FC4F6A00 0
(1698232898.887942) can0 340#13000004C000E811 0
(1698232898.887943) can0 421#000000FFE37F0029 0
(1698232898.887944) can0 485#00000000 0
(1698232898.891930) can0 371#001E000098600010 0
(1698232898.892957) can0 251#0203A1420039E77C 0
(1698232898.892959) can0 2B0#D5FE0007F1 0
(1698232898.892960) can0 372#280025007E010000 0
(1698232898.892961) can0 470#15444055558C1400 0
(1698232898.894053) can0 153#208010FF00FFE08E 0
(1698232898.894055) can0 130#8679CC7C000009FA 0
(1698232898.894056) can0 140#8D8000632000094C 0
(1698232898.894057) can0 160#00E7FF0A00000012 0
(1698232898.894058) can0 164#0008141C 0
(1698232898.894974) can0 220#99A3830000C20CA4 0
(1698232898.894976) can0 394#1DA400001D241F81 0
(1698232898.894977) can0 47F#200000000000 0
(1698232898.894978) can0 596#000000008E00FE64 0
(1698232898.897985) can0 386#25450CC52B850A85 0
(1698232898.898893) can0 387#74FA202500BA0700 0
(1698232898.899889) can0 340#13000004D000F811 0
(1698232898.901920) can0 381#80C839000051D705 0
(1698232898.903068) can0 251#0103A2120039B77C 0
(1698232898.903070) can0 2B0#D5FE0007C2 0
(1698232898.903071) can0 371#001E000098600010 0
(1698232898.903072) can0 372#2800250078010000 0
(1698232898.904087) can0 153#208010FF00FF00AE 0
(1698232898.904089) can0 130#9279B47C00000ACA 0
(1698232898.904090) can0 140#C880006320000A81 0
(1698232898.904092) can0 160#00E9FF0A0000001C 0
(1698232898.905072) can0 164#0008161E 0
(1698232898.905074) can0 220#9A03820000C20CB4 0
(1698232898.905075) can0 592#40EF350000072488 0
(1698232898.905937) can0 4F1#803766C0 0
(1698232898.906985) can0 389#0000000000000000 0
(1698232898.906987) can0 38D#00000800000000EA 0
(1698232898.907958) can0 420#101418C8FC4F6A00 0
(1698232898.907959) can0 421#000000FFE37F001A 0
(1698232898.907960) can0 340#13000004E0000811 0
(1698232898.912112) can0 371#001E000098600010 0
(1698232898.913008) can0 251#F502A39D0030577C 0
(1698232898.913009) can0 2B0#D7FE0007F3 0
(1698232898.913010) can0 372#280025007A010000 0
(1698232898.913011) can0 470#1444401540101400 0
(1698232898.914032) can0 153#208010FF00FF10BE 0
(1698232898.914034) can0 160#00E8FF0A0000001D 0
(1698232898.914035) can0 130#9279877C00000B46 0
(1698232898.914036) can0 140#3881006320000B73 0
(1698232898.915033) can0 164#00081810 0
(1698232898.915035) can0 220#9703830000C80CC8 0
(1698232898.915036) can0 394#18C4000018241781 0
(1698232898.915037) can0 47F#200000000000 0
(1698232898.917188) can0 340#13000004F0001811 0
(1698232898.917997) can0 386#258511C525450FC5 0
(1698232898.919014) can0 387#7E052A3000E50800 0
(1698232898.922047) can0 381#8050390000526005 0
(1698232898.922923) can0 251#EE02A471002A377C 0
(1698232898.922925) can0 2B0#D7FE000784 0
(1698232898.922926) can0 371#001E000098600010 0
(1698232898.922927) can0 372#280025007A010000 0
(1698232898.924052) can0 153#208010FF00FF20CE 0
(1698232898.924053) can0 130#8479407C00000CC8 0
(1698232898.924054) can0 140#6D81006320000C73 0
(1698232898.924055) can0 160#00EBFF0A0000001E 0
(1698232898.925076) can0 164#00081A12 0
(1698232898.925077) can0 220#91C3840000C80CD5 0
(1698232898.925078) can0 490#00000820000000 0
(1698232898.925079) can0 495#00000D10F5B02EA7 0
(1698232898.926069) can0 4F1#A03766D0 0
(1698232898.926955) can0 389#0000000000000000 0
(1698232898.926957) can0 38D#00000800000000DB 0
(1698232898.927992) can0 420#201418C8FC4F6A00 0
(1698232898.927994) can0 421#000000FFE37F000B 0
(1698232898.927995) can0 340#1300000400002811 0
(1698232898.932067) can0 371#001E000098600010 0
(1698232898.932993) can0 251#ED02A5800029477C 0
(1698232898.932995) can0 2B0#D7FE000795 0
(1698232898.932996) can0 372#280025008A010000 0
(1698232898.932997) can0 436#00000000 0
(1698232898.933988) can0 153#208010FF00FF30DE 0
(1698232898.933990) can0 160#00E9FF0A0000001C 0
(1698232898.933991) can0 130#8079777C00000D98 0
(1698232898.933992) can0 140#3981006320000D60 0
(1698232898.933993) can0 164#00081C14 0
(1698232898.935012) can0 220#88A3850000C10CE4 0
(1698232898.935014) can0 394#2DE400002D241981 0
(1698232898.935015) can0 470#1100005555140000 0
(1698232898.935016) can0 47F#200000000000 0
(1698232898.935017) can0 500#01 0
(1698232898.936006) can0 520#0000000000000000 0
(1698232898.936008) can0 5C1#5F2D0A1063010009 0
(1698232898.936009) can0 5FF#600000C800C80000 0
(1698232898.937987) can0 386#2BC510C521451085 0
(1698232898.938902) can0 387#890F343A000F0900 0
(1698232898.938906) can0 340#1300000410003811 0
(1698232898.939842) can0 485#00000000 0
(1698232898.942131) can0 381#8068390000537905 0
(1698232898.943097) can0 251#F302A6BC002E777C 0
(1698232898.943099) can0 2B0#D7FE0007A6 0
(1698232898.943100) can0 371#001E000098600010 0
(1698232898.943101) can0 153#208010FF00FF40EE 0
(1698232898.944093) can0 160#00E8FF0A0000001D 0
(1698232898.944095) can0 130#8679DC7C00000E47 0
(1698232898.944096) can0 140#C580006320000E13 0
(1698232898.944097) can0 164#00081E16 0
(1698232898.944098) can0 220#8FC3840000BF0CF8 0
(1698232898.945114) can0 372#2800250088010000 0
(1698232898.945116) can0 50B#0000970000000000 0
(1698232898.945980) can0 4F1#A03766E0 0
(1698232898.945982) can0 50C#0000000008000060 0
(1698232898.945983) can0 52A#2D00000006001C00 0
(1698232898.947041) can0 389#0000000000000000 0
(1698232898.947043) can0 38D#00000800000000CC 0
(1698232898.947044) can0 420#301418C8FC4F6A00 0
(1698232898.948058) can0 421#000000FFE37F00FC 0
(1698232898.948984) can0 340#1300000420004811 0
(1698232898.952126) can0 371#001E000098600010 0
(1698232898.953053) can0 251#FA02A70A0034B77C 0
(1698232898.953055) can0 2B0#D5FE000797 0
(1698232898.953056) can0 372#280025007A010000 0
(1698232898.953057) can0 470#0544405155581400 0
(1698232898.954072) can0 153#208010FF00FF50FE 0
(1698232898.954074) can0 160#00E9FF0A0000001C 0
(1698232898.954075) can0 130#9A790F7D00000F29 0
(1698232898.954076) can0 140#DE80006320000F82 0
(1698232898.954077) can0 164#00080008 0
(1698232898.955070) can0 220#9C03830000C20C09 0
(1698232898.955071) can0 394#1804000018241381 0
(1698232898.955072) can0 47F#200000000000 0
(1698232898.955073) can0 507#00000001 0
(1698232898.955977) can0 541#0304418080080005 0
(1698232898.957439) can0 340#1300000430005811 0
(1698232898.958474) can0 386#24050E0530C50E85 0
(1698232898.958475) can0 387#93193F4400390A00 0
(1698232898.962135) can0 371#001E000098600010 0
(1698232898.963028) can0 251#FF02A8140038B77C 0
(1698232898.963029) can0 2B0#D7FE000748 0
(1698232898.963030) can0 372#280025007A010000 0
(1698232898.963031) can0 381#80B839000054CA05 0
(1698232898.964057) can0 153#208010FF00FF600E 0
(1698232898.964059) can0 160#00E9FF0A0000001C 0
(1698232898.964060) can0 130#A0791E7D000000A8 0
(1698232898.964061) can0 140#5781006320000051 0
(1698232898.964062) can0 164#0008020A 0
(1698232898.964920) can0 220#A263830000CC0C19 0
(1698232898.964922) can0 54B#0010000000870100 0
(1698232898.965977) can0 4F1#803766F0 0
(1698232898.966971) can0 389#0000000000000000 0
(1698232898.966974) can0 38D#00000800000000BD 0
(1698232898.967995) can0 420#401418C8FC4F6A00 0
(1698232898.967997) can0 421#000000FFE37F00ED 0
(1698232898.967998) can0 53E#000000002000 0
(1698232898.967999) can0 340#1300000440006811 0
(1698232898.972174) can0 371#001E000098600010 0
(1698232898.973072) can0 251#FD02A9E10036877C 0
(1698232898.973074) can0 2B0#D7FE000759 0
(1698232898.973075) can0 372#2800250080010000 0
(1698232898.973076) can0 153#208010FF00FF701E 0
(1698232898.974070) can0 160#00E9FF0A0000001C 0
(1698232898.974072) can0 164#0008040C 0
(1698232898.974073) can0 130#8E79B37C0000010C 0
(1698232898.974074) can0 140#6F81006320000148 0
(1698232898.975078) can0 220#A343850000CF0C2F 0
(1698232898.975080) can0 394#2A2400002A241B81 0
(1698232898.975081) can0 470#15444055559C1400 0
(1698232898.975082) can0 47F#200000000000 0
(1698232898.975083) can0 490#00000820000000 0
(1698232898.978010) can0 340#1300000450007811 0
(1698232898.978895) can0 386#3145190524850D85 0
(1698232898.978897) can0 387#9D23494E00620B00 0
(1698232898.982075) can0 371#001E000098600010 0
(1698232898.983079) can0 251#FE02AA030036A77C 0
(1698232898.983081) can0 2B0#D7FE00076A 0
(1698232898.983082) can0 372#2900250082010000 0
(1698232898.983083) can0 381#80B039000055C305 0
(1698232898.983938) can0 153#208010FF00FF802E 0
(1698232898.983940) can0 160#00E7FF0A00000012 0
(1698232898.983941) can0 130#80795D7C00000241 0
(1698232898.983942) can0 140#25810063200002D9 0
(1698232898.983943) can0 164#0008060E 0
(1698232898.985112) can0 220#97A3850000C60C38 0
(1698232898.985114) can0 436#00000000 0
(1698232898.985115) can0 595#00003901DD0E0000 0
(1698232898.985979) can0 4F1#80376600 0
(1698232898.986982) can0 389#0000000000000000 0
(1698232898.986984) can0 38D#00000800000000AE 0
(1698232898.987982) can0 420#501418C8FC4F6A00 0
(1698232898.987983) can0 421#000000FFE37F00DE 0
(1698232898.987985) can0 340#1300000460008811 0
(1698232898.987986) can0 485#00000000 0
(1698232898.991932) can0 371#001E000098600010 0
(1698232898.992948) can0 251#0003AB190038B77C 0
(1698232898.992949) can0 2B0#D7FE00077B 0
(1698232898.992950) can0 372#2900250080010000 0
(1698232898.992951) can0 470#1544405555601400 0
(1698232898.993965) can0 153#208010FF00FF903E 0
(1698232898.993967) can0 160#00E9FF0A0000001C 0
(1698232898.993969) can0 130#7E79937C0000035E 0
(1698232898.993970) can0 140#C580006320000392 0
(1698232898.993971) can0 164#00080800 0
(1698232898.994965) can0 220#8C83840000BF0C47 0
(1698232898.994966) can0 394#2444000024241581 0
(1698232898.994967) can0 47F#200000000000 0
(1698232898.994968) can0 596#000000008E00FE64 0
(1698232898.997821) can0 386#3685120526850C85 0
(1698232898.998838) can0 387#A82D5358008C0C00 0
(1698232899.000069) can0 340#1300000470009811 0
(1698232899.001881) can0 592#40EF3700000722C8 0
(1698232899.002901) can0 251#0303AC3F003AD77C 0
(1698232899.002903) can0 2B0#D6FE00071C 0
(1698232899.002904) can0 371#001E000098600010 0
(1698232899.002905) can0 381#80D039000056E405 0
(1698232899.003901) can0 153#208010FF00FFA04E 0
(1698232899.003903) can0 160#00E9FF0A0000001C 0
(1698232899.003904) can0 130#8479DD7C00000445 0
(1698232899.003905) can0 140#BD8000632000041B 0
(1698232899.003906) can0 164#00080A02 0
(1698232899.004900) can0 220#9303830000BE0C5A 0
(1698232899.004902) can0 372#2900250078010000 0
(1698232899.005921) can0 4F1#A0376610 0
(1698232899.006921) can0 389#0000000000000000 0
(1698232899.006923) can0 38D#0000080000000080 0
(1698232899.007922) can0 340#130000048000A811 0
(1698232899.007924) can0 420#601418C8FC4F6A00 0
(1698232899.007926) can0 421#000000FFE37F00B0 0
(1698232899.007927) can0 4A2#0100 0
(1698232899.007928) can0 50A#0A10000000000000 0
(1698232899.011816) can0 371#001E000098600010 0
(1698232899.012840) can0 251#0503AD44003CD77C 0
(1698232899.012841) can0 2B0#D7FE00071D 0
(1698232899.012842) can0 372#2900250072010000 0
(1698232899.012843) can0 470#1444401540241400 0
(1698232899.013840) can0 153#208010FF00FFB05E 0
(1698232899.013841) can0 160#00E8FF0A0000001D 0
(1698232899.013842) can0 130#9479D47C000005FC 0
(1698232899.013843) can0 140#288100632000056C 0
(1698232899.014839) can0 164#00080C04 0
(1698232899.014841) can0 220#9CE3820000C10C67 0
(1698232899.014842) can0 394#1764000017241F81 0
(1698232899.014842) can0 47F#200000000000 0
(1698232899.017445) can0 340#130000049000B811 0
(1698232899.018443) can0 386#28C515052D850C85 0
(1698232899.018445) can0 387#B2375E6200B60D00 0
(1698232899.022074) can0 381#80C839000057DD05 0
(1698232899.022923) can0 251#0103AE0E0039A77C 0
(1698232899.022925) can0 2B0#D7FE00072E 0
(1698232899.022926) can0 371#001E0000985F0010 0
(1698232899.022927) can0 372#2900250074010000 0
(1698232899.023944) can0 153#208010FF00FFC06E 0
(1698232899.023946) can0 160#00E9FF0A0000001C 0
(1698232899.023947) can0 130#9479A87C000006A9 0
(1698232899.023948) can0 140#7281006320000644 0
(1698232899.023949) can0 164#00080E06 0
(1698232899.024946) can0 220#9B83840000C90C7E 0
(1698232899.024948) can0 490#00000820000000 0
(1698232899.024950) can0 495#00000D10F5B02EA7 0
(1698232899.025963) can0 4F1#A0376620 0
(1698232899.026963) can0 389#0000000000000000 0
(1698232899.026964) can0 38D#0000080000000071 0
(1698232899.027985) can0 420#701418C8FC4F6A00 0
(1698232899.027986) can0 421#000000FFE37F00A1 0
(1698232899.028948) can0 340#13000004A000C811 0
(1698232899.031818) can0 371#001E0000185F0010 0
(1698232899.032841) can0 251#F302AF65002E177C 0
(1698232899.032843) can0 2B0#D7FE00073F 0
(1698232899.032844) can0 372#2900250084010000 0
(1698232899.032845) can0 412#0000000000000000 0
(1698232899.033823) can0 153#208010FF00FFD07E 0
(1698232899.033825) can0 130#84795B7C00000720 0
(1698232899.033826) can0 140#2B810063200007B1 0
(1698232899.033828) can0 160#00E9FF0A0000001C 0
(1698232899.034822) can0 164#00081018 0
(1698232899.034824) can0 220#95C3850000C90C8B 0
(1698232899.034826) can0 394#2E8400002E241D81 0
(1698232899.034827) can0 436#00000000 0
(1698232899.034829) can0 47F#200000000000 0
(1698232899.035845) can0 470#1100005555280000 0
(1698232899.035848) can0 500#01 0
(1698232899.035849) can0 4C9#0000000001000000 0
(1698232899.035850) can0 520#0000000000000000 0
(1698232899.036843) can0 5C1#5F2D0A1063010009 0
(1698232899.036845) can0 5FF#600000C800C80000 0
(1698232899.037842) can0 386#33051D45250506C5 0
(1698232899.038863) can0 387#BC41686C00DF0E00 0
(1698232899.038864) can0 340#13000004B000D811 0
(1698232899.038866) can0 485#00000000 0
(1698232899.041887) can0 381#8038390000584E05 0
(1698232899.042900) can0 251#EB02B0780028377C 0
(1698232899.042902) can0 2B0#D6FE0007D0 0
(1698232899.042904) can0 371#001E0000185F0010 0
(1698232899.042905) can0 153#208010FF00FFE08E 0
(1698232899.043925) can0 160#00E8FF0A0000001D 0
(1698232899.043927) can0 130#7079527C00000846 0
(1698232899.043929) can0 140#9980006320000881 0
(1698232899.043930) can0 164#0008121A 0
(1698232899.043932) can0 220#8CA3840000C10C99 0
(1698232899.044925) can0 372#2900250092010000 0
(1698232899.044927) can0 410#E012211880020020 0
(1698232899.044928) can0 50B#0000970000000000 0
(1698232899.045925) can0 4F1#80376630 0
(1698232899.045927) can0 50C#0000000008000070 0
(1698232899.046947) can0 389#0000000000000000 0
(1698232899.046949) can0 38D#0000080000000062 0
(1698232899.047986) can0 420#801418C8FC4F6A00 0
(1698232899.047988) can0 421#000000FFE37F0092 0
(1698232899.048985) can0 340#13000004C000E811 0
(1698232899.051934) can0 371#001E0000185E0010 0
(1698232899.052903) can0 251#ED02B19D002A577C 0
(1698232899.052905) can0 2B0#D5FE0007F1 0
(1698232899.052906) can0 372#2900250084010000 0
(1698232899.052907) can0 470#0544405155AC1400 0
(1698232899.053955) can0 153#208010FF00FF00AE 0
(1698232899.053957) can0 130#6679B07C00000998 0
(1698232899.053958) can0 140#8E800063200009AB 0
(1698232899.053959) can0 160#00E9FF0A0000001C 0
(1698232899.053960) can0 164#0008141C 0
(1698232899.054952) can0 220#8A43820000B70CAB 0
(1698232899.054954) can0 394#12A4000012241581 0
(1698232899.054956) can0 47F#200000000000 0
(1698232899.054957) can0 507#00000001 0
(1698232899.055972) can0 50E#0000002000000000 0
(1698232899.055974) can0 541#0304418080080005 0
(1698232899.055975) can0 553#0001000201008000 0
(1698232899.056992) can0 593#441118181617 0
(1698232899.057994) can0 386#3A45104525C51185 0
(1698232899.058959) can0 340#13000004D000F811 0
(1698232899.058960) can0 387#C74B727600FA0000 0
(1698232899.061875) can0 371#001E0000985D0010 0
(1698232899.062870) can0 251#F402B2EA002F977C 0
(1698232899.062872) can0 2B0#D7FE0007E2 0
(1698232899.062873) can0 372#2900250076010000 0
(1698232899.062874) can0 381#8070390000598705 0
(1698232899.063912) can0 153#208010FF00FF10BE 0
(1698232899.063914) can0 130#7679ED7C00000ADF 0
(1698232899.063916) can0 140#1B81006320000AE6 0
(1698232899.063917) can0 160#00E9FF0A0000001C 0
(1698232899.063918) can0 164#0008161E 0
(1698232899.065041) can0 220#9623820000B20CB0 0
(1698232899.065043) can0 54B#0010000000870100 0
(1698232899.065044) can0 559#0000000000000000 0
(1698232899.066053) can0 4F1#E0376640 0
(1698232899.067055) can0 389#0000000000000000 0
(1698232899.067057) can0 38D#0000080000000053 0
(1698232899.068075) can0 420#901418C8FC4F6A00 0
(1698232899.068076) can0 421#000000FFE37F0083 0
(1698232899.068078) can0 340#13000004E0000811 0
(1698232899.069571) can0 53E#000000002000 0
(1698232899.071873) can0 2B0#D7FE0007F3 0
(1698232899.072879) can0 251#0003B3410038D77C 0
(1698232899.072881) can0 371#001E0000985C0010 0
(1698232899.072882) can0 372#2900250070010000 0
(1698232899.072883) can0 470#1544405555B01400 0
(1698232899.073933) can0 153#208010FF00FF20CE 0
(1698232899.073935) can0 130#8A79FB7C00000B5F 0
(1698232899.073936) can0 140#6281006320000B7C 0
(1698232899.073937) can0 160#00E8FF0A0000001D 0
(1698232899.074934) can0 164#00081810 0
(1698232899.074936) can0 220#9D63840000BA0CC3 0
(1698232899.074937) can0 394#23C4000023241F81 0
(1698232899.074938) can0 47F#200000000000 0
(1698232899.074939) can0 490#00000820000000 0
(1698232899.075931) can0 544#0000000000000000 0
(1698232899.077896) can0 386#2C85154529050FC5 0
(1698232899.078895) can0 340#13000004F0001811 0
(1698232899.078896) can0 387#D1567C8000240100 0
(1698232899.081970) can0 381#80D03900005AE805 0
(1698232899.082972) can0 251#0203B4150039A77C 0
(1698232899.082974) can0 2B0#D5FE0007A4 0
(1698232899.082976) can0 371#001E0000185B0010 0
(1698232899.082977) can0 372#290025006E010000 0
(1698232899.083997) can0 153#208010FF00FF30DE 0
(1698232899.083999) can0 130#8279F67C00000C76 0
(1698232899.084000) can0 140#1281006320000C27 0
(1698232899.084001) can0 160#00E9FF0A0000001C 0
(1698232899.084002) can0 164#00081A12 0
(1698232899.084991) can0 220#9F83850000C40CDE 0
(1698232899.084993) can0 436#00000000 0
(1698232899.084994) can0 595#00004201DC0E0000 0
(1698232899.086017) can0 4F1#C0376650 0
(1698232899.087030) can0 389#0000000000000000 0
(1698232899.087032) can0 38D#0000080000000044 0
(1698232899.088035) can0 420#A01418C8FC4F6A00 0
(1698232899.088037) can0 421#000000FFE37F0074 0
(1698232899.088038) can0 340#1300000400002811 0
(1698232899.089014) can0 485#00000000 0
(1698232899.091915) can0 371#001E008016590010 0
(1698232899.092916) can0 251#FB02B5D90034777C 0
(1698232899.092918) can0 2B0#D5FE0007B5 0
(1698232899.092920) can0 372#2900250078010000 0
(1698232899.092921) can0 470#1544405555B41400 0
(1698232899.093943) can0 153#208010FF00FF40EE 0
(1698232899.093944) can0 130#6A79DD7C00000DA1 0
(1698232899.093945) can0 140#8580006320000DEA 0
(1698232899.093946) can0 160#00E9FF0A0000001C 0
(1698232899.094957) can0 164#00081C14 0
(1698232899.094959) can0 220#9E23840000C00CE8 0
(1698232899.094960) can0 394#21E4000021241181 0
(1698232899.094961) can0 47F#200000000000 0
(1698232899.094962) can0 596#000000008E00FE64 0
(1698232899.097874) can0 386#30C520452F850D85 0
(1698232899.098892) can0 387#DB60878A004E0200 0
(1698232899.099893) can0 340#1300000410003811 0
(1698232899.101933) can0 381#80903900005BA905 0
(1698232899.102928) can0 251#F702B6D30031777C 0
(1698232899.102930) can0 2B0#D7FE0007A6 0
(1698232899.102931) can0 371#001E008016580010 0
(1698232899.102932) can0 372#290025007C010000 0
(1698232899.103918) can0 153#208010FF00FF50FE 0
(1698232899.103919) can0 130#5E79857C00000E3F 0
(1698232899.103920) can0 140#5480006320000E56 0
(1698232899.103921) can0 160#00E9FF0A0000001C 0
(1698232899.103922) can0 164#00081E16 0
(1698232899.104941) can0 220#9CE3810000B40CF9 0
(1698232899.104942) can0 592#40EF370000072108 0
(1698232899.105972) can0 4F1#C0376660 0
(1698232899.107008) can0 389#0000000000000000 0
(1698232899.107010) can0 38D#0000080000000035 0
(1698232899.107988) can0 420#B01418C8FC4F6A00 0
(1698232899.107990) can0 340#1300000420004811 0
(1698232899.107992) can0 421#000000FFE37F0065 0
(1698232899.111870) can0 371#001E008016570010 0
(1698232899.112872) can0 251#F702B7D40031777C 0
(1698232899.112874) can0 2B0#D7FE0007B7 0
(1698232899.112875) can0 372#2900250080010000 0
(1698232899.112876) can0 470#1444401540781400 0
(1698232899.113904) can0 153#208010FF00FF600E 0
(1698232899.113906) can0 130#6679847C00000F4C 0
(1698232899.113907) can0 140#D280006320000F39 0
(1698232899.113908) can0 160#00E9FF0A0000001C 0
(1698232899.114916) can0 164#00080008 0
(1698232899.114918) can0 220#9123810000AE0C06 0
(1698232899.114919) can0 394#0904000009241381 0
(1698232899.114920) can0 47F#200000000000 0
(1698232899.117985) can0 340#1300000430005811 0
(1698232899.118873) can0 386#360515852E0514C5 0
(1698232899.118875) can0 387#E66A919400780300 0
(1698232899.122053) can0 381#80903900005CAA05 0
(1698232899.122956) can0 251#F902B8F90033977C 0
(1698232899.122958) can0 2B0#D7FE000748 0
(1698232899.122959) can0 371#001E008016560010 0
(1698232899.122960) can0 372#290025005A010000 0
(1698232899.123918) can0 153#208010FF00FF701E 0
(1698232899.123919) can0 130#7879E27C00000070 0
(1698232899.123920) can0 140#70810063200000B0 0
(1698232899.123921) can0 160#00E9FF0A0000001C 0
(1698232899.124947) can0 164#0008020A 0
(1698232899.124950) can0 220#9123830000B20C1C 0
(1698232899.124952) can0 490#00000820000000 0
(1698232899.124953) can0 495#00000D10F5B02EA7 0
(1698232899.125977) can0 4F1#E0376670 0
(1698232899.126993) can0 389#0000000000000000 0
(1698232899.126995) can0 38D#0000080000000026 0
(1698232899.127996) can0 420#C01418C8FC4F6A00 0
(1698232899.127998) can0 421#000000FFE37F0056 0
(1698232899.128966) can0 340#1300000440006811 0
(1698232899.131895) can0 2B0#D6FE000749 0
(1698232899.132920) can0 251#FD02B9110036A77C 0
(1698232899.132922) can0 371#001E008016560010 0
(1698232899.132925) can0 372#2900250050010000 0
(1698232899.132926) can0 153#208010FF00FF802E 0
(1698232899.133944) can0 160#00E9FF0A0000001C 0
(1698232899.133945) can0 130#8479F27C00000191 0
(1698232899.133946) can0 140#5C81006320000179 0
(1698232899.133947) can0 164#0008040C 0
(1698232899.134930) can0 220#9DA3850000BB0C25 0
(1698232899.134932) can0 394#2D2400002D241581 0
(1698232899.134933) can0 436#00000000 0
(1698232899.134934) can0 47F#200000000000 0
(1698232899.134935) can0 470#1100005555BC0000 0
(1698232899.135934) can0 500#01 0
(1698232899.135936) can0 520#0000000000000000 0
(1698232899.135937) can0 5C1#5F2B0A1063010009 0
(1698232899.135938) can0 5FF#600000C800C80000 0
(1698232899.137497) can0 340#1300000450007811 0
(1698232899.138499) can0 485#00000000 0
(1698232899.138501) can0 386#364518852FC513C5 0
(1698232899.138502) can0 387#F0749B9E00A10400 0
(1698232899.142052) can0 371#001E008096550010 0
(1698232899.143056) can0 251#FB02BADE0034777C 0
(1698232899.143057) can0 2B0#D7FE00076A 0
(1698232899.143058) can0 372#290025005C010000 0
(1698232899.143059) can0 381#80A83900005DC305 0
(1698232899.144054) can0 153#208010FF00FF903E 0
(1698232899.144056) can0 130#8479B47C00000248 0
(1698232899.144057) can0 140#A180006320000257 0
(1698232899.144058) can0 160#00E7FF0A00000012 0
(1698232899.144059) can0 164#0008060E 0
(1698232899.144923) can0 220#9E63850000C10C3A 0
(1698232899.144925) can0 50B#0000970000000000 0
(1698232899.146091) can0 4F1#E0376680 0
(1698232899.146093) can0 50C#0000000008000080 0
(1698232899.146094) can0 52A#2D00000006001C00 0
(1698232899.146937) can0 389#0000000000000000 0
(1698232899.146939) can0 38D#0000080000000017 0
(1698232899.147973) can0 420#D01418C8FC4F6A00 0
(1698232899.147975) can0 421#000000FFE37F0047 0
(1698232899.149563) can0 340#1300000460008811 0
(1698232899.151873) can0 371#001E008096550010 0
(1698232899.152929) can0 251#F502BBB50030577C 0
(1698232899.152931) can0 2B0#D7FE00077B 0
(1698232899.152932) can0 372#290025006C010000 0
(1698232899.152934) can0 470#0544405155401400 0
(1698232899.153896) can0 153#208010FF00FFA04E 0
(1698232899.153898) can0 130#7A79987C000003FE 0
(1698232899.153899) can0 140#2780006320000338 0
(1698232899.153900) can0 160#00E9FF0A0000001C 0
(1698232899.154897) can0 164#00080800 0
(1698232899.154899) can0 220#9763820000C10C40 0
(1698232899.154900) can0 394#1344000013241981 0
(1698232899.154901) can0 47F#200000000000 0
(1698232899.154901) can0 507#00000001 0
(1698232899.155930) can0 541#0304418080080005 0
(1698232899.157873) can0 340#1300000470009811 0
(1698232899.158873) can0 386#3B8522852C851085 0
(1698232899.158875) can0 387#FA7EA6A800CB0500 0
(1698232899.161907) can0 371#001E008096550010 0
(1698232899.162935) can0 251#EE02BC79002A277C 0
(1698232899.162936) can0 2B0#D7FE00070C 0
(1698232899.162937) can0 372#2900250066010000 0
(1698232899.162938) can0 381#80583900005E7405 0
(1698232899.163898) can0 153#208010FF00FFB05E 0
(1698232899.163899) can0 130#7079C17C000004A9 0
(1698232899.163900) can0 140#5B800063200004D8 0
(1698232899.163901) can0 160#00E9FF0A0000001C 0
(1698232899.163902) can0 164#00080A02 0
(1698232899.164923) can0 220#9363800000BC0C57 0
(1698232899.164925) can0 54B#0010000000870100 0
(1698232899.165954) can0 4F1#C0376690 0
(1698232899.166957) can0 389#0000000000000000 0
(1698232899.166959) can0 38D#0000080000000008 0
(1698232899.167973) can0 340#130000048000A811 0
(1698232899.167975) can0 420#E01418C8FC4F6A00 0
(1698232899.167976) can0 421#000000FFE37F0038 0
(1698232899.171787) can0 53E#000000002000 0
(1698232899.172805) can0 251#EB02BD750028277C 0
(1698232899.172806) can0 2B0#D7FE00071D 0
(1698232899.172807) can0 371#001E008096550010 0
(1698232899.172808) can0 372#2900250048010000 0
(1698232899.173809) can0 153#208010FF00FFC06E 0
(1698232899.173811) can0 160#00E8FF0A0000001D 0
(1698232899.173812) can0 130#6E790E7D00000551 0
(1698232899.173813) can0 140#F180006320000563 0
(1698232899.173813) can0 164#00080C04 0
(1698232899.174818) can0 220#9943810000B70C69 0
(1698232899.174819) can0 394#0A6400000A241B81 0
(1698232899.174820) can0 470#1544405555441400 0
(1698232899.174821) can0 47F#200000000000 0
(1698232899.175818) can0 490#00000820000000 0
(1698232899.177896) can0 386#36C518852F0511C5 0
(1698232899.178827) can0 387#0688B0B200F60600 0
(1698232899.178827) can0 340#130000049000B811 0
(1698232899.182039) can0 381#80383900005F5505 0
(1698232899.183045) can0 251#EA02BE640027177C 0
(1698232899.183046) can0 2B0#D5FE00070E 0
(1698232899.183046) can0 371#001E008016550010 0
(1698232899.183047) can0 153#208010FF00FFD07E 0
(1698232899.184077) can0 160#00E8FF0A0000001D 0
(1698232899.184077) can0 130#74790B7D00000678 0
(1698232899.184078) can0 140#4F81006320000674 0
(1698232899.184078) can0 164#00080E06 0
(1698232899.184079) can0 220#A1A3830000B60C70 0
(1698232899.185037) can0 372#2900250038010000 0
(1698232899.185038) can0 436#00000000 0
(1698232899.185038) can0 595#00003A01DC0E0000 0
(1698232899.186105) can0 4F1#C03766A0 0
(1698232899.187076) can0 389#0000000000000000 0
(1698232899.187077) can0 38D#00000800000000F9 0
(1698232899.188110) can0 420#F01418C8FC4F6A00 0
(1698232899.188111) can0 421#000000FFE37F0029 0
(1698232899.188112) can0 340#13000004A000C811 0
(1698232899.189036) can0 485#00000000 0
(1698232899.191932) can0 371#001E008016550010 0
(1698232899.193007) can0 251#E702BF600025177C 0
(1698232899.193008) can0 2B0#D7FE00073F 0
(1698232899.193008) can0 372#2900250050010000 0
(1698232899.193009) can0 470#1544405555481400 0
(1698232899.193990) can0 153#208010FF00FFE08E 0
(1698232899.193991) can0 130#7679CF7C0000074B 0
(1698232899.193991) can0 140#0D8100632000070D 0
(1698232899.193992) can0 160#00E8FF0A0000001D 0
(1698232899.195012) can0 164#00081018 0
(1698232899.195013) can0 220#A123850000B90C87 0
(1698232899.195014) can0 394#2984000029241781 0
(1698232899.195014) can0 47F#200000000000 0
(1698232899.195015) can0 596#000000008E00FE64 0
(1698232899.197933) can0 386#34051FC52D8515C5 0
(1698232899.198917) can0 387#1093BABD00210700 0
(1698232899.198918) can0 340#13000004B000D811 0
(1698232899.201990) can0 592#40EF380000062048 0
(1698232899.202978) can0 251#E802C0410025F77B 0
(1698232899.202979) can0 2B0#D7FE0007C0 0
(1698232899.202979) can0 371#001E008016550010 0
(1698232899.202980) can0 381#8030390000604E05 0
(1698232899.203940) can0 153#208010FF00FF00AE 0
(1698232899.203941) can0 130#7279B97C00000848 0
(1698232899.203941) can0 140#8A800063200008DF 0
(1698232899.203942) can0 160#00E9FF0A0000001C 0
(1698232899.203943) can0 164#0008121A 0
(1698232899.205000) can0 220#9A23840000BA0C9E 0
(1698232899.205002) can0 372#290025005A010000 0
(1698232899.205984) can0 4F1#E03766B0 0
(1698232899.207007) can0 389#0000000000000000 0
(1698232899.207008) can0 38D#00000800000000EA 0
(1698232899.208028) can0 420#001418C8FC4F6A00 0
(1698232899.208029) can0 421#000000FFE37F001A 0
(1698232899.208030) can0 340#13000004C000E811 0
(1698232899.208031) can0 50A#0A10000000000000 0
(1698232899.211871) can0 371#001E008016550010 0
(1698232899.212874) can0 251#E602C13F0024F77B 0
(1698232899.212876) can0 2B0#D7FE0007D1 0
(1698232899.212878) can0 372#290025005C010000 0
(1698232899.212879) can0 470#14444015404C1400 0
(1698232899.213895) can0 153#208010FF00FF10BE 0
(1698232899.213897) can0 160#00E9FF0A0000001C 0
(1698232899.213899) can0 130#6C79BF7C0000098C 0
(1698232899.213900) can0 140#4880006320000907 0
(1698232899.213901) can0 164#0008141C 0
(1698232899.214924) can0 220#9803820000B80CA8 0
(1698232899.214925) can0 394#10A4000010241981 0
(1698232899.214926) can0 47F#200000000000 0
(1698232899.217891) can0 386#334519C5294511C5 0
(1698232899.218894) can0 340#13000004D000F811 0
(1698232899.218895) can0 387#1A9DC4C7004A0800 0
(1698232899.221967) can0 371#001E008096540010 0
(1698232899.222914) can0 251#DF02C2F4001FB77B 0
(1698232899.222915) can0 2B0#D5FE0007C2 0
(1698232899.222916) can0 372#2900250048010000 0
(1698232899.222917) can0 381#80F8380000611605 0
(1698232899.223925) can0 153#208010FF00FF20CE 0
(1698232899.223926) can0 130#6679B67C00000ADE 0
(1698232899.223927) can0 140#7880006320000AF6 0
(1698232899.223928) can0 160#00E7FF0A00000012 0
(1698232899.223929) can0 164#0008161E 0
(1698232899.224929) can0 220#9803810000B50CB4 0
(1698232899.224931) can0 490#00000820000000 0
(1698232899.224932) can0 495#00000D10F5B02EA7 0
(1698232899.225942) can0 4F1#C03766C0 0
(1698232899.226943) can0 389#0000000000000000 0
(1698232899.226944) can0 38D#00000800000000DB 0
(1698232899.227942) can0 420#101418C8FC4F6A00 0
(1698232899.227944) can0 340#13000004E0000811 0
(1698232899.227945) can0 421#000000FFE37F000B 0
(1698232899.231794) can0 2B0#D7FE0007F3 0
(1698232899.232783) can0 251#DF02C304001EC77B 0
(1698232899.232785) can0 371#001E008096540010 0
(1698232899.232786) can0 372#290025004A010000 0
(1698232899.232787) can0 412#0000000000000000 0
(1698232899.233781) can0 153#208010FF00FF30DE 0
(1698232899.233783) can0 160#00E9FF0A0000001C 0
(1698232899.233784) can0 130#6C79C77C00000B71 0
(1698232899.233786) can0 140#1F81006320000B92 0
(1698232899.234781) can0 164#00081810 0
(1698232899.234782) can0 220#97C3810000B20CC0 0
(1698232899.234783) can0 394#0EC400000E241D81 0
(1698232899.234784) can0 436#00000000 0
(1698232899.234786) can0 47F#200000000000 0
(1698232899.235822) can0 470#1100005555100000 0
(1698232899.235824) can0 500#01 0
(1698232899.235826) can0 4C9#0000000001000000 0
(1698232899.235827) can0 520#0000000000000000 0
(1698232899.236798) can0 5C1#5F2B0A1063010009 0
(1698232899.236800) can0 5FF#600000C800C80000 0
(1698232899.237801) can0 340#13000004F0001811 0
(1698232899.238822) can0 386#348517C530851485 0
(1698232899.238824) can0 387#25A7CFD100750900 0
(1698232899.238825) can0 485#00000000 0
(1698232899.241910) can0 371#001E008096540010 0
(1698232899.242905) can0 251#DA02C4BD001B877B 0
(1698232899.242908) can0 2B0#D7FE000784 0
(1698232899.242909) can0 372#2900250056010000 0
(1698232899.242910) can0 381#80D838000062F705 0
(1698232899.243926) can0 153#208010FF00FF40EE 0
(1698232899.243928) can0 130#7479047D00000CD6 0
(1698232899.243929) can0 140#6181006320000CC8 0
(1698232899.243930) can0 160#00E8FF0A0000001D 0
(1698232899.243932) can0 164#00081A12 0
(1698232899.244936) can0 220#9963840000B50CD8 0
(1698232899.244937) can0 410#E012211880020020 0
(1698232899.244939) can0 50B#0000970000000000 0
(1698232899.245947) can0 4F1#E03766D0 0
(1698232899.245948) can0 50C#0000000008000090 0
(1698232899.246945) can0 389#0000000000000000 0
(1698232899.246947) can0 38D#00000800000000CC 0
(1698232899.247966) can0 420#201418C8FC4F6A00 0
(1698232899.247968) can0 421#000000FFE37F00FC 0
(1698232899.250071) can0 340#1300000400002811 0
(1698232899.251890) can0 371#001E008096530010 0
(1698232899.252885) can0 251#D802C5CA0019977B 0
(1698232899.252889) can0 2B0#D6FE000785 0
(1698232899.252891) can0 372#2900250052010000 0
(1698232899.252892) can0 470#0544405155541400 0
(1698232899.253903) can0 153#208010FF00FF50FE 0
(1698232899.253905) can0 160#00E9FF0A0000001C 0
(1698232899.253906) can0 130#70792C7D00000D14 0
(1698232899.253907) can0 140#E680006320000DBC 0
(1698232899.253908) can0 164#00081C14 0
(1698232899.254953) can0 220#A063850000B90CE4 0
(1698232899.254955) can0 394#2BE400002B241D81 0
(1698232899.254957) can0 47F#200000000000 0
(1698232899.254958) can0 507#00000001 0
(1698232899.255973) can0 50E#0000002000000000 0
(1698232899.255975) can0 541#0304418080080005 0
(1698232899.255976) can0 553#0001000201008000 0
(1698232899.257011) can0 593#441118181617 0
(1698232899.257973) can0 340#1300000410003811 0
(1698232899.257975) can0 386#36C51CC52E0518C5 0
(1698232899.258993) can0 387#2FB1D9DB009E0A00 0
(1698232899.261853) can0 371#001E008016520010 0
(1698232899.262874) can0 251#D502C6950016677B 0
(1698232899.262875) can0 2B0#D5FE000786 0
(1698232899.262876) can0 372#290025005A010000 0
(1698232899.262877) can0 381#80B038000063D005 0
(1698232899.263897) can0 153#208010FF00FF600E 0
(1698232899.263899) can0 160#00E9FF0A0000001C 0
(1698232899.263900) can0 130#6879197D00000EA8 0
(1698232899.263901) can0 140#7080006320000E50 0
(1698232899.263902) can0 164#00081E16 0
(1698232899.264886) can0 220#A583830000B70CF7 0
(1698232899.264887) can0 54B#0010000000870100 0
(1698232899.264888) can0 559#0000000000000000 0
(1698232899.264889) can0 57F#0000000400000002 0
(1698232899.265933) can0 4F1#203866E0 0
(1698232899.266957) can0 389#0000000000000000 0
(1698232899.266959) can0 38D#00000800000000BD 0
(1698232899.267918) can0 420#301418C8FC4F6A00 0
(1698232899.267920) can0 421#000000FFE37F00ED 0
(1698232899.267921) can0 340#1300000420004811 0
(1698232899.271978) can0 371#001E008016500010 0
(1698232899.272941) can0 251#D302C7730015477B 0
(1698232899.272943) can0 2B0#D3FE0107E7 0
(1698232899.272944) can0 372#290025004E010000 0
(1698232899.272945) can0 470#1544405555581400 0
(1698232899.273997) can0 153#208010FF00FF701E 0
(1698232899.273999) can0 160#00E9FF0A0000001C 0
(1698232899.274000) can0 130#6C79A97C00000F4D 0
(1698232899.274001) can0 140#5C80006320000F99 0
(1698232899.274002) can0 164#00080008 0
(1698232899.275019) can0 220#A3A3810000B30C0F 0
(1698232899.275021) can0 394#0D0400000D241B81 0
(1698232899.275022) can0 47F#200000000000 0
(1698232899.275024) can0 490#00000820000000 0
(1698232899.276019) can0 544#0000000000000000 0
(1698232899.277288) can0 53E#000000002000 0
(1698232899.278311) can0 386#33051A052EC51AC5 0
(1698232899.278312) can0 387#3ABBE3E500C80B00 0
(1698232899.279307) can0 340#1300000430005811 0
(1698232899.282022) can0 381#809038000064B105 0
(1698232899.283041) can0 07F#0000000000000000 0
(1698232899.283043) can0 251#CF02C84D0012277B 0
(1698232899.283044) can0 2B0#D1FE010738 0
(1698232899.283045) can0 153#208010FF00FF802E 0
(1698232899.284014) can0 160#00E8FF0A0000001D 0
(1698232899.284016) can0 164#0008020A 0
(1698232899.284017) can0 130#7279987C0000000B 0
(1698232899.284018) can0 140#BD8000632000006F 0
(1698232899.284020) can0 220#9643810000B50C12 0
(1698232899.285006) can0 371#001E0080964E0010 0
(1698232899.285007) can0 372#2900250046010000 0
(1698232899.285008) can0 436#00000000 0
(1698232899.285009) can0 595#00002601DE0E0000 0
(1698232899.286058) can0 4F1#003866F0 0
(1698232899.287061) can0 389#0000000000000000 0
(1698232899.287063) can0 38D#00000800000000AE 0
(1698232899.288078) can0 420#401418C8FC4F6A00 0
(1698232899.288080) can0 421#000000FFE37F00DE 0
(1698232899.288081) can0 340#1300000440006811 0
(1698232899.288082) can0 485#00000000 0
(1698232899.291876) can0 371#001E0080164D0010 0
(1698232899.292892) can0 251#C902C9E2000DC77A 0
(1698232899.292894) can0 2B0#D3FE000719 0
(1698232899.292895) can0 372#2900250046010000 0
(1698232899.292896) can0 470#15444055559C1400 0
(1698232899.293919) can0 153#208010FF00FF903E 0
(1698232899.293921) can0 160#00E8FF0A0000001D 0
(1698232899.293922) can0 130#76791A7D00000115 0
(1698232899.293923) can0 140#38810063200001A1 0
(1698232899.294910) can0 164#0008040C 0
(1698232899.294912) can0 220#93E3820000B80C25 0
(1698232899.294913) can0 394#1724000017241381 0
(1698232899.294914) can0 47F#200000000000 0
(1698232899.294916) can0 596#000000008E00FE64 0
(1698232899.296944) can0 4A7#0100 0
(1698232899.297975) can0 386#3945190536851BC5 0
(1698232899.298972) can0 387#44C5EEEF00F20C00 0
(1698232899.299996) can0 340#1300000450007811 0
(1698232899.301898) can0 381#8050380000657205 0
(1698232899.302936) can0 251#C502CADC000AC77A 0
(1698232899.302938) can0 2B0#D1FE01071A 0
(1698232899.302939) can0 371#001E0080964C0010 0
(1698232899.302940) can0 372#2900250044010000 0
(1698232899.303957) can0 153#208010FF00FFA04E 0
(1698232899.303959) can0 160#00E9FF0A0000001C 0
(1698232899.303960) can0 130#7E79457D000002ED 0
(1698232899.303961) can0 140#33810063200002B3 0
(1698232899.303963) can0 164#0008060E 0
(1698232899.304920) can0 220#A3C3840000BA0C39 0
(1698232899.304921) can0 592#40EF380000061F88 0
(1698232899.305937) can0 4F1#00386600 0
(1698232899.306972) can0 389#0000000000000000 0
(1698232899.306974) can0 38D#0000080000000080 0
(1698232899.307998) can0 420#501418C8FC4F6A00 0
(1698232899.308000) can0 421#000000FFE37F00B0 0
(1698232899.308001) can0 340#1300000460008811 0
(1698232899.312071) can0 2B0#CFFE0107FB 0
(1698232899.312857) can0 251#CF02CB900012677B 0
(1698232899.312859) can0 371#001E0080964B0010 0
(1698232899.312860) can0 372#290025003C010000 0
(1698232899.312861) can0 470#1444401540201400 0
(1698232899.313894) can0 153#208010FF00FFB05E 0
(1698232899.313895) can0 160#00E8FF0A0000001D 0
(1698232899.313896) can0 130#82790B7D0000036B 0
(1698232899.313897) can0 140#CB80006320000393 0
(1698232899.314912) can0 164#00080800 0
(1698232899.314914) can0 220#A8C3840000BE0C40 0
(1698232899.314915) can0 394#2644000026241181 0
(1698232899.314916) can0 47F#200000000000 0
(1698232899.317360) can0 340#1300000470009811 0
(1698232899.318371) can0 386#38851C05384516C5 0
(1698232899.318372) can0 387#4ED0F8F9001C0D00 0
(1698232899.321958) can0 381#80D038000066F305 0
(1698232899.322991) can0 251#D902CCA3001A677B 0
(1698232899.322993) can0 2B0#CDFE02079C 0
(1698232899.322994) can0 371#001E0080164B0010 0
(1698232899.322995) can0 372#2900250038010000 0
(1698232899.323995) can0 153#208010FF00FFC06E 0
(1698232899.323997) can0 130#7E79D27C000004F8 0
(1698232899.323998) can0 140#86800063200004F8 0
(1698232899.323999) can0 160#00E9FF0A0000001C 0
(1698232899.324000) can0 164#00080A02 0
(1698232899.324989) can0 220#A103830000C00C5A 0
(1698232899.324990) can0 490#00000820000000 0
(1698232899.324991) can0 495#00000D10F5B02EA7 0
(1698232899.324992) can0 4F1#20386610 0
(1698232899.326687) can0 389#0000000000000000 0
(1698232899.327703) can0 38D#0000080000000071 0
(1698232899.327705) can0 420#601418C8FC4F6A00 0
(1698232899.327707) can0 421#000000FFE37F00A1 0
(1698232899.328705) can0 340#130000048000A811 0
(1698232899.331871) can0 371#001E0080164A0010 0
(1698232899.332857) can0 251#DA02CD86001B477B 0
(1698232899.332859) can0 2B0#CBFE0207ED 0
(1698232899.332860) can0 372#2900250026010000 0
(1698232899.332861) can0 436#00000000 0
(1698232899.333896) can0 153#208010FF00FFD07E 0
(1698232899.333898) can0 160#00E9FF0A0000001C 0
(1698232899.333899) can0 130#72798A7C00000558 0
(1698232899.333900) can0 140#908000632000058F 0
(1698232899.333901) can0 164#00080C04 0
(1698232899.334917) can0 220#9B03820000BE0C63 0
(1698232899.334918) can0 394#1064000010241D81 0
(1698232899.334919) can0 470#1100005555240000 0
(1698232899.334920) can0 47F#200000000000 0
(1698232899.334922) can0 500#01 0
(1698232899.335872) can0 520#0000000000000000 0
(1698232899.335874) can0 5C1#5F2B0A1063010009 0
(1698232899.335875) can0 5FF#600000C800C80000 0
(1698232899.337855) can0 386#37C5200531451AC5 0
(1698232899.338877) can0 387#59DA0405004A0E00 0
(1698232899.338878) can0 340#130000049000B811 0
(1698232899.338879) can0 485#00000000 0
(1698232899.341937) can0 371#001E008016490010 0
(1698232899.342957) can0 251#D302CE290015F77A 0
(1698232899.342959) can0 2B0#CBFE0207DE 0
(1698232899.342961) can0 372#290025001A010000 0
(1698232899.342962) can0 381#80B038000067D405 0
(1698232899.343955) can0 153#208010FF00FFE08E 0
(1698232899.343957) can0 130#6879597C00000642 0
(1698232899.343958) can0 140#D380006320000691 0
(1698232899.343959) can0 160#00E8FF0A0000001D 0
(1698232899.343960) can0 164#00080E06 0
(1698232899.344933) can0 220#9223820000B80C72 0
(1698232899.344934) can0 50B#0000970000000000 0
(1698232899.345986) can0 4F1#20386620 0
(1698232899.345987) can0 50C#00000000080000A0 0
(1698232899.345988) can0 52A#2D00000006001C00 0
(1698232899.346994) can0 389#0000000000000000 0
(1698232899.346996) can0 38D#0000080000000062 0
(1698232899.347998) can0 420#701418C8FC4F6A00 0
(1698232899.347999) can0 421#000000FFE37F0092 0
(1698232899.349479) can0 340#13000004A000C811 0
(1698232899.351955) can0 371#001E008096480010 0
(1698232899.352943) can0 251#D102CF570013277B 0
(1698232899.352945) can0 2B0#C9FE0207EF 0
(1698232899.352946) can0 372#290025001E010000 0
(1698232899.352947) can0 470#0544405155681400 0
(1698232899.353998) can0 153#208010FF00FF00AE 0
(1698232899.353999) can0 130#62799A7C00000735 0
(1698232899.354000) can0 140#D58000632000075F 0
(1698232899.354001) can0 160#00E8FF0A0000001D 0
(1698232899.354002) can0 164#00081018 0
(1698232899.354995) can0 220#8B23830000B30C89 0
(1698232899.354996) can0 394#1984000019241981 0
(1698232899.354998) can0 47F#200000000000 0
(1698232899.354999) can0 507#00000001 0
(1698232899.356014) can0 541#0304418080080005 0
(1698232899.357375) can0 340#13000004B000D811 0
(1698232899.358334) can0 386#43051C4531451AC5 0
(1698232899.358335) can0 387#63E40E0F00640000 0
(1698232899.361975) can0 371#001E008096480010 0
(1698232899.362960) can0 251#D002D0570013277B 0
(1698232899.362962) can0 2B0#C8FE020700 0
(1698232899.362963) can0 372#2900250020010000 0
(1698232899.362964) can0 381#809038000068B505 0
(1698232899.363960) can0 153#208010FF00FF10BE 0
(1698232899.363962) can0 130#5679E37C0000089C 0
(1698232899.363963) can0 140#A980006320000857 0
(1698232899.363964) can0 160#00E9FF0A0000001C 0
(1698232899.363965) can0 164#0008121A 0
(1698232899.364921) can0 220#9443830000B00C9F 0
(1698232899.364923) can0 54B#0010000000870100 0
(1698232899.364924) can0 4F1#00386630 0
(1698232899.366659) can0 389#0000000000000000 0
(1698232899.367684) can0 38D#0000080000000053 0
(1698232899.367685) can0 420#801418C8FC4F6A00 0
(1698232899.367686) can0 421#000000FFE37F0083 0
(1698232899.367687) can0 340#13000004C000E811 0
(1698232899.372047) can0 371#001E008016480010 0
(1698232899.372966) can0 251#E702D1820025277C 0
(1698232899.372968) can0 2B0#C6FE0307E1 0
(1698232899.372969) can0 372#2900250018010000 0
(1698232899.372971) can0 470#1544405555AC1400 0
(1698232899.373967) can0 153#208010FF00FF20CE 0
(1698232899.373968) can0 130#5079A67C00000912 0
(1698232899.373969) can0 140#838000632000094D 0
(1698232899.373970) can0 160#00E9FF0A0000001C 0
(1698232899.374989) can0 164#0008141C 0
(1698232899.374991) can0 220#9D83820000AA0CA1 0
(1698232899.374992) can0 394#14A4000014241181 0
(1698232899.374993) can0 47F#200000000000 0
(1698232899.374994) can0 490#00000820000000 0
(1698232899.378111) can0 386#3745214533C519C5 0
(1698232899.378913) can0 387#6EEE1819008E0100 0
(1698232899.378915) can0 340#13000004D000F811 0
(1698232899.381830) can0 53E#000000002000 0
(1698232899.382851) can0 251#F302D257002EE77B 0
(1698232899.382853) can0 2B0#C4FE0307F2 0
(1698232899.382855) can0 371#001E008015470010 0
(1698232899.382856) can0 381#8070390000699705 0
(1698232899.383710) can0 372#2900250010010000 0
(1698232899.383712) can0 153#208010FF00FF30DE 0
(1698232899.383713) can0 130#4A79667C00000A58 0
(1698232899.383713) can0 140#8680006320000A5E 0
(1698232899.384709) can0 160#00E7FF0A00000012 0
(1698232899.384710) can0 164#0008161E 0
(1698232899.384711) can0 220#95E3810000A70CB5 0
(1698232899.384712) can0 436#00000000 0
(1698232899.384714) can0 595#00001D01DE0E0000 0
(1698232899.385879) can0 4F1#20386640 0
(1698232899.386768) can0 389#0000000000000000 0
(1698232899.387752) can0 38D#0000080000000044 0
(1698232899.387754) can0 420#901418C8FC4F6A00 0
(1698232899.387755) can0 340#13000004E0000811 0
(1698232899.387756) can0 421#000000FFE37F0074 0
(1698232899.388749) can0 485#00000000 0
(1698232899.392132) can0 371#001E008015460010 0
(1698232899.392898) can0 251#DF02D355001F077B 0
(1698232899.392899) can0 2B0#C3FE030793 0
(1698232899.392900) can0 372#2900250012010000 0
(1698232899.392901) can0 470#1544405555B01400 0
(1698232899.394070) can0 153#208010FF00FF40EE 0
(1698232899.394072) can0 130#3479317C00000B36 0
(1698232899.394073) can0 140#9580006320000B1D 0
(1698232899.394074) can0 160#00E8FF0A0000001D 0
(1698232899.395046) can0 164#00081810 0
(1698232899.395048) can0 220#8D03820000A40CCB 0
(1698232899.395049) can0 394#10C4000010241781 0
(1698232899.395050) can0 47F#200000000000 0
(1698232899.395051) can0 596#000000008E00FE64 0
(1698232899.398117) can0 386#31851E45360518C5 0
(1698232899.398913) can0 387#78F8232300B80200 0
(1698232899.399930) can0 340#13000004F0001811 0
(1698232899.402079) can0 381#80983800006ABF05 0
(1698232899.403064) can0 251#D002D42A0013F77A 0
(1698232899.403066) can0 2B0#C4FE020784 0
(1698232899.403067) can0 592#40EF380000051FC8 0
(1698232899.403068) can0 371#001E008015450010 0
(1698232899.404093) can0 153#208010FF00FF50FE 0
(1698232899.404094) can0 130#2479297C00000C45 0
(1698232899.404095) can0 140#7080006320000C6A 0
(1698232899.404096) can0 160#00E8FF0A0000001D 0
(1698232899.404097) can0 164#00081A12 0
(1698232899.404969) can0 220#8623820000990CD9 0
(1698232899.404970) can0 372#2900250020010000 0
(1698232899.404971) can0 4F1#00386650 0
(1698232899.406675) can0 389#0000000000000000 0
(1698232899.407681) can0 38D#0000080000000035 0
(1698232899.407683) can0 420#A01418C8FC4F6A00 0
(1698232899.407684) can0 421#000000FFE37F0065 0
(1698232899.407686) can0 50A#0A10000000000000 0
(1698232899.408652) can0 340#1300000400002811 0
(1698232899.411851) can0 371#001E008095430010 0
(1698232899.412874) can0 251#D402D5930016577B 0
(1698232899.412875) can0 2B0#C4FE0107A5 0
(1698232899.412876) can0 372#290025001A010000 0
(1698232899.412877) can0 470#1444401540741400 0
(1698232899.413873) can0 153#208010FF00FF600E 0
(1698232899.413875) can0 130#2079797C00000D40 0
(1698232899.413876) can0 140#5E80006320000D19 0
(1698232899.413877) can0 160#00E9FF0A0000001C 0
(1698232899.414890) can0 164#00081C14 0
(1698232899.414892) can0 220#85A3810000910CEF 0
(1698232899.414894) can0 394#0DE400000D241D81 0
(1698232899.414895) can0 47F#200000000000 0
(1698232899.417051) can0 340#1300000410003811 0
(1698232899.418119) can0 386#41C51F453AC519C5 0
(1698232899.418120) can0 387#82032D2D00E20300 0
(1698232899.422025) can0 371#001E008095420010 0
(1698232899.422839) can0 251#E002D619001FC77B 0
(1698232899.422841) can0 2B0#C4FE010796 0
(1698232899.422842) can0 372#2900250012010000 0
(1698232899.422843) can0 381#80F03800006B1805 0
(1698232899.423863) can0 153#208010FF00FF701E 0
(1698232899.423864) can0 130#1C79B17C00000EC1 0
(1698232899.423865) can0 140#7480006320000E39 0
(1698232899.423866) can0 160#00E9FF0A0000001C 0
(1698232899.423867) can0 164#00081E16 0
(1698232899.424860) can0 220#8F438100008F0CF7 0
(1698232899.424861) can0 490#00000820000000 0
(1698232899.424862) can0 495#00000D10F5B02EA7 0
(1698232899.425934) can0 4F1#00386660 0
(1698232899.426934) can0 389#0000000000000000 0
(1698232899.426936) can0 38D#0000080000000026 0
(1698232899.427936) can0 420#B01418C8FC4F6A00 0
(1698232899.427938) can0 421#000000FFE37F0056 0
(1698232899.428920) can0 340#1300000420004811 0
(1698232899.431945) can0 2B0#C4FE010787 0
(1698232899.432906) can0 251#F202D77B002D077C 0
(1698232899.432908) can0 371#001E008095410010 0
(1698232899.432911) can0 372#290025000C010000 0
(1698232899.432912) can0 153#208010FF00FF802E 0
(1698232899.433903) can0 160#00E9FF0A0000001C 0
(1698232899.433905) can0 130#1879A27C00000FE5 0
(1698232899.433906) can0 140#5F80006320000F7E 0
(1698232899.433907) can0 164#00080008 0
(1698232899.434945) can0 220#97A38100008D0C0D 0
(1698232899.434946) can0 394#0D0400000D241B81 0
(1698232899.434947) can0 412#0000000000000000 0
(1698232899.434948) can0 47F#200000000000 0
(1698232899.434949) can0 436#00000000 0
(1698232899.435923) can0 500#01 0
(1698232899.435924) can0 470#1100005555780000 0
(1698232899.435925) can0 4C9#0000000001000000 0
(1698232899.435926) can0 520#0000000000000000 0
(1698232899.436926) can0 5BE#080000FF00000000 0
(1698232899.436928) can0 5C1#5F290A1063010009 0
(1698232899.436929) can0 5FF#600000C800C80000 0
(1698232899.437942) can0 386#380520853A851A85 0
(1698232899.438943) can0 387#8D0E3737000D0400 0
(1698232899.438944) can0 340#1300000430005811 0
(1698232899.438945) can0 485#00000000 0
(1698232899.441863) can0 381#80703900006C9A05 0
(1698232899.442860) can0 251#F202D84B002DD77B 0
(1698232899.442861) can0 2B0#C3FE010708 0
(1698232899.442862) can0 371#001E008015410010 0
(1698232899.442863) can0 372#2900250010010000 0
(1698232899.443881) can0 153#208010FF00FF903E 0
(1698232899.443883) can0 130#0A79667C00000054 0
(1698232899.443884) can0 140#90800063200000E6 0
(1698232899.443885) can0 160#00E9FF0A0000001C 0
(1698232899.444880) can0 164#0008020A 0
(1698232899.444882) can0 220#95638100008B0C19 0
(1698232899.444883) can0 410#E012211880020020 0
(1698232899.444884) can0 50B#0000970000000000 0
(1698232899.445879) can0 4F1#60386670 0
(1698232899.445881) can0 50C#00000000080000B0 0
(1698232899.446901) can0 389#0000000000000000 0
(1698232899.446902) can0 38D#0000080000000017 0
(1698232899.447902) can0 420#C01418C8FC4F6A00 0
(1698232899.447903) can0 421#000000FFE37F0047 0
(1698232899.448985) can0 340#1300000440006811 0
(1698232899.451864) can0 371#001E008095400010 0
(1698232899.452863) can0 251#EB02D9200028B77B 0
(1698232899.452864) can0 2B0#C3FE010719 0
(1698232899.452865) can0 372#29002500FE000000 0
(1698232899.452866) can0 470#0544405155FC1400 0
(1698232899.453938) can0 153#208010FF00FFA04E 0
(1698232899.453940) can0 130#FA78777C00000122 0
(1698232899.453941) can0 140#F3800063200001AD 0
(1698232899.453942) can0 160#00E8FF0A0000001D 0
(1698232899.453943) can0 164#0008040C 0
(1698232899.454958) can0 220#8D23820000840C2B 0
(1698232899.454960) can0 394#1124000011241F81 0
(1698232899.454961) can0 47F#200000000000 0
(1698232899.454962) can0 507#00000001 0
(1698232899.455919) can0 50E#0000002000000000 0
(1698232899.455921) can0 541#0304418080080005 0
(1698232899.455922) can0 553#0001000201008000 0
(1698232899.456923) can0 593#441118181617 0
(1698232899.457997) can0 340#1300000450007811 0
(1698232899.457999) can0 386#36451C8537451E05 0
(1698232899.458976) can0 387#9718424100370500 0
(1698232899.461858) can0 371#001E008015400010 0
(1698232899.462873) can0 251#E802DA2C0026C77B 0
(1698232899.462874) can0 2B0#C2FE02070A 0
(1698232899.462875) can0 372#2900250002010000 0
(1698232899.462876) can0 381#80303900006D5B05 0
(1698232899.463897) can0 153#208010FF00FFB05E 0
(1698232899.463898) can0 130#F478AD7C000002F5 0
(1698232899.463899) can0 140#EE800063200002D5 0
(1698232899.463900) can0 160#00EAFF0A0000001F 0
(1698232899.463901) can0 164#0008060E 0
(1698232899.464901) can0 220#8FA38300007C0C34 0
(1698232899.464903) can0 54B#0010000000870100 0
(1698232899.464904) can0 559#0000000000000000 0
(1698232899.465834) can0 4F1#60386680 0
(1698232899.466924) can0 389#0000000000000000 0
(1698232899.466926) can0 38D#0000080000000008 0
(1698232899.467916) can0 420#D01418C8FC4F6A00 0
(1698232899.467918) can0 421#000000FFE37F0038 0
(1698232899.468988) can0 340#1300000460008811 0
(1698232899.471859) can0 371#001E0080953F0010 0
(1698232899.472935) can0 251#E602DB090024A77B 0
(1698232899.472937) can0 2B0#C4FE00075B 0
(1698232899.472938) can0 372#2900250012010000 0
(1698232899.472939) can0 470#1544405555401400 0
(1698232899.473935) can0 153#208010FF00FFC06E 0
(1698232899.473936) can0 130#F678DD7C000003E2 0
(1698232899.473937) can0 140#9B800063200003F4 0
(1698232899.473938) can0 160#00E9FF0A0000001C 0
(1698232899.473939) can0 164#00080800 0
(1698232899.474930) can0 220#96A3830000790C48 0
(1698232899.474932) can0 394#1D4400001D241581 0
(1698232899.474934) can0 47F#200000000000 0
(1698232899.474935) can0 490#00000820000000 0
(1698232899.475896) can0 544#0000000000000000 0
(1698232899.477853) can0 340#1300000470009811 0
(1698232899.478835) can0 386#42851F853CC51AC5 0
(1698232899.478837) can0 387#A2224C4C00620600 0
(1698232899.481978) can0 381#80083900006E3405 0
(1698232899.482982) can0 251#E302DC040021A77B 0
(1698232899.482984) can0 2B0#C4FE00072C 0
(1698232899.482985) can0 371#001E0080953E0010 0
(1698232899.482986) can0 153#208010FF00FFD07E 0
(1698232899.484003) can0 160#00E9FF0A0000001C 0
(1698232899.484005) can0 130#F878147D0000048C 0
(1698232899.484006) can0 140#4080006320000454 0
(1698232899.484007) can0 164#00080A02 0
(1698232899.484008) can0 220#9C438200007A0C5E 0
(1698232899.485044) can0 372#290025000A010000 0
(1698232899.485046) can0 436#00000000 0
(1698232899.485048) can0 595#0000FB00E10E0000 0
(1698232899.485048) can0 53E#000000002000 0
(1698232899.486059) can0 4F1#40386690 0
(1698232899.487022) can0 389#0000000000000000 0
(1698232899.487024) can0 38D#00000800000000F9 0
(1698232899.488024) can0 420#E01418C8FC4F6A00 0
(1698232899.488026) can0 340#130000048000A811 0
(1698232899.488027) can0 421#000000FFE37F0029 0
(1698232899.488028) can0 485#00000000 0
(1698232899.491860) can0 371#001E0080153D0010 0
(1698232899.492860) can0 251#E202DDF40021977B 0
(1698232899.492862) can0 2B0#C3FE00074D 0
(1698232899.492863) can0 372#29002500F8000000 0
(1698232899.492864) can0 470#1544405555441400 0
(1698232899.493882) can0 153#208010FF00FFE08E 0
(1698232899.493883) can0 130#F478E57C0000054E 0
(1698232899.493884) can0 140#618000632000057B 0
(1698232899.493885) can0 160#00E9FF0A0000001C 0
(1698232899.493886) can0 164#00080C04 0
(1698232899.494901) can0 220#A2E38000007B0C65 0
(1698232899.494903) can0 394#0764000007241181 0
(1698232899.494904) can0 47F#200000000000 0
(1698232899.494905) can0 596#000000008E00FE64 0
(1698232899.497862) can0 386#3DC5218538851FC5 0
(1698232899.498859) can0 387#AC2C5756008C0700 0
(1698232899.500090) can0 340#130000049000B811 0
(1698232899.501961) can0 381#80D83800006F0405 0
(1698232899.502956) can0 251#D902DE85001A377B 0
(1698232899.502958) can0 2B0#C2FE01077E 0
(1698232899.502959) can0 371#001E0000943B0010 0
(1698232899.502960) can0 372#29002500E8000000 0
(1698232899.503936) can0 153#208010FF00FF00AE 0
(1698232899.503938) can0 130#EA78857C0000068F 0
(1698232899.503939) can0 140#C5800063200006FB 0
(1698232899.503940) can0 160#00E9FF0A0000001C 0
(1698232899.503941) can0 164#00080E06 0
(1698232899.504994) can0 220#9D63810000790C7F 0
(1698232899.504996) can0 592#40EF370000051E08 0
(1698232899.504997) can0 4F1#403866A0 0
(1698232899.506704) can0 389#0000000000000000 0
(1698232899.507687) can0 340#13000004A000C811 0
(1698232899.507689) can0 38D#00000800000000EA 0
(1698232899.507690) can0 420#F01418C8FC4F6A00 0
(1698232899.507691) can0 421#000000FFE37F001A 0
(1698232899.508690) can0 4A2#0100 0
(1698232899.511811) can0 371#001E000094380010 0
(1698232899.512811) can0 251#CA02DFEA000EB77A 0
(1698232899.512812) can0 2B0#C2FE01076F 0
(1698232899.512814) can0 372#29002500DE000000 0
(1698232899.512815) can0 470#1444401540081400 0
(1698232899.513897) can0 153#208010FF00FF10BE 0
(1698232899.513899) can0 160#00EAFF0A0000001F 0
(1698232899.513900) can0 130#DC78847C000007FD 0
(1698232899.513901) can0 140#F3800063200007E3 0
(1698232899.513902) can0 164#00081018 0
(1698232899.514894) can0 220#9103830000740C8E 0
(1698232899.514897) can0 394#1884000018241B81 0
(1698232899.514898) can0 47F#200000000000 0
(1698232899.517549) can0 340#13000004B000D811 0
(1698232899.518601) can0 386#41051EC536851FC5 0
(1698232899.518602) can0 387#B736616000B60800 0
(1698232899.522158) can0 381#8070380000709D05 0
(1698232899.523067) can0 251#CC02E0800010477B 0
(1698232899.523069) can0 2B0#C1FE0107A0 0
(1698232899.523070) can0 371#001E000094360010 0
(1698232899.523071) can0 372#29002500F8000000 0
(1698232899.524095) can0 153#208010FF00FF20CE 0
(1698232899.524097) can0 130#D678B87C000008C3 0
(1698232899.524098) can0 140#A180006320000885 0
(1698232899.524099) can0 160#00ECFF0A00000019 0
(1698232899.524100) can0 164#0008121A 0
(1698232899.524981) can0 220#91A38300006D0C99 0
(1698232899.524982) can0 490#00000820000000 0
(1698232899.524983) can0 495#00000D10F5B02EA7 0
(1698232899.524984) can0 4F1#603866B0 0
(1698232899.526873) can0 389#0000000000000000 0
(1698232899.527819) can0 38D#00000800000000DB 0
(1698232899.527821) can0 420#001418C8FC4F6A00 0
(1698232899.527823) can0 421#000000FFE37F000B 0
(1698232899.528821) can0 340#13000004C000E811 0
(1698232899.532134) can0 2B0#C2FE000791 0
(1698232899.533025) can0 251#E002E144001FE77B 0
(1698232899.533028) can0 371#001E000094340010 0
(1698232899.533029) can0 372#29002500EA000000 0
(1698232899.533030) can0 153#208010FF00FF30DE 0
(1698232899.534049) can0 160#00EBFF0A0000001E 0
(1698232899.534051) can0 130#D878E07C000009D9 0
(1698232899.534052) can0 140#FD7F00632000094D 0
(1698232899.534053) can0 164#0008141C 0
(1698232899.534975) can0 220#97638200006A0CAB 0
(1698232899.534976) can0 394#13A4000013241381 0
(1698232899.534977) can0 436#00000000 0
(1698232899.534978) can0 47F#200000000000 0
(1698232899.534979) can0 470#11000055554C0000 0
(1698232899.535977) can0 500#01 0
(1698232899.535979) can0 520#0000000000000000 0
(1698232899.535980) can0 5C1#5F270A1063010009 0
(1698232899.535981) can0 5FF#600000C800C80000 0
(1698232899.537572) can0 340#13000004D000F811 0
(1698232899.538600) can0 485#00000000 0
(1698232899.538602) can0 386#43451DC53C851DC5 0
(1698232899.538603) can0 387#C1416B6A00E00900 0
(1698232899.542159) can0 381#8030390000715F05 0
(1698232899.543088) can0 251#E902E2450026D77B 0
(1698232899.543089) can0 2B0#C0FE010792 0
(1698232899.543090) can0 371#001E000094320010 0
(1698232899.543091) can0 372#29002500D0000000 0
(1698232899.544091) can0 153#208010FF00FF40EE 0
(1698232899.544093) can0 130#DC78FE7C00000A6F 0
(1698232899.544094) can0 140#E77F006320000ABB 0
(1698232899.544096) can0 160#00E9FF0A0000001C 0
(1698232899.544097) can0 164#0008161E 0
(1698232899.544979) can0 220#9DE37F00006B0CBF 0
(1698232899.544981) can0 50B#0000970000000000 0
(1698232899.544982) can0 4F1#403866C0 0
(1698232899.546019) can0 50C#00000000080000C0 0
(1698232899.546021) can0 52A#2D00000006001C00 0
(1698232899.547036) can0 389#0000000000000000 0
(1698232899.547038) can0 38D#00000800000000CC 0
(1698232899.548037) can0 420#101418C8FC4F6A00 0
(1698232899.548039) can0 421#000000FFE37F00FC 0
(1698232899.549081) can0 340#13000004E0000811 0
(1698232899.551869) can0 371#001E000094310010 0
(1698232899.552891) can0 251#E202E3DA0021777B 0
(1698232899.552892) can0 2B0#BFFE000713 0
(1698232899.552894) can0 372#29002500BE000000 0
(1698232899.552895) can0 470#0544405155501400 0
(1698232899.553990) can0 153#208010FF00FF50FE 0
(1698232899.553992) can0 160#00EAFF0A0000001F 0
(1698232899.553993) can0 130#DE78D27C00000BCB 0
(1698232899.553993) can0 140#6C80006320000B3B 0
(1698232899.555010) can0 164#00081810 0
(1698232899.555012) can0 220#9FC37F00006D0CC3 0
(1698232899.555013) can0 394#FEC30000FE231181 0
(1698232899.555014) can0 47F#200000000000 0
(1698232899.555016) can0 507#00000001 0
(1698232899.555875) can0 541#0304418080080005 0
(1698232899.558035) can0 386#3A8522C538851885 0
(1698232899.559025) can0 340#13000004F0001811 0
(1698232899.559027) can0 387#CB4B7674000A0A00 0
(1698232899.561899) can0 371#001E000094300010 0
(1698232899.563052) can0 251#DA02E49C001A477B 0
(1698232899.563054) can0 2B0#BEFE010764 0
(1698232899.563055) can0 372#29002500BE000000 0
(1698232899.563056) can0 381#80D8380000720705 0
(1698232899.563919) can0 153#208010FF00FF600E 0
(1698232899.563920) can0 160#00E9FF0A0000001C 0
(1698232899.563921) can0 130#DA78857C00000C8B 0
(1698232899.563922) can0 140#A380006320000C4B 0
(1698232899.563924) can0 164#00081A12 0
(1698232899.564938) can0 220#9B838100006E0CD0 0
(1698232899.564939) can0 54B#0010000000870100 0
(1698232899.564940) can0 4F1#603866D0 0
(1698232899.566794) can0 389#0000000000000000 0
(1698232899.567825) can0 38D#00000800000000BD 0
(1698232899.567827) can0 420#201418C8FC4F6A00 0
(1698232899.567828) can0 340#1300000400002811 0
(1698232899.567829) can0 421#000000FFE37F00ED 0
(1698232899.572157) can0 371#001E0000942F0010 0
(1698232899.573066) can0 251#CB02E5F1000EB77A 0
(1698232899.573068) can0 2B0#BDFE010745 0
(1698232899.573069) can0 372#29002500D0000000 0
(1698232899.573070) can0 470#1544405555541400 0
(1698232899.573977) can0 153#208010FF00FF701E 0
(1698232899.573978) can0 130#CA78697C00000D90 0
(1698232899.573980) can0 140#3A80006320000DC1 0
(1698232899.573981) can0 160#00E9FF0A0000001C 0
(1698232899.574974) can0 164#00081C14 0
(1698232899.574976) can0 220#91638200006C0CE7 0
(1698232899.574977) can0 394#13E4000013241F81 0
(1698232899.574978) can0 47F#200000000000 0
(1698232899.574979) can0 490#00000820000000 0
(1698232899.577964) can0 340#1300000410003811 0
(1698232899.578971) can0 386#3DC521C53AC51CC5 0
(1698232899.578972) can0 387#D655807F00350B00 0
(1698232899.582055) can0 381#807838000073A805 0
(1698232899.583054) can0 251#CD02E6980011577B 0
(1698232899.583056) can0 2B0#BCFE020756 0
(1698232899.583057) can0 371#001E0000142D0010 0
(1698232899.583058) can0 372#29002500CE000000 0
(1698232899.584047) can0 153#208010FF00FF802E 0
(1698232899.584048) can0 130#C078587C00000E9A 0
(1698232899.584049) can0 140#AD7F006320000E79 0
(1698232899.584050) can0 160#00E9FF0A0000001C 0
(1698232899.584922) can0 164#00081E16 0
(1698232899.584924) can0 220#8DC3800000640CF9 0
(1698232899.584925) can0 436#00000000 0
(1698232899.584926) can0 595#0000E800E00E0000 0
(1698232899.584927) can0 4F1#603866E0 0
(1698232899.586729) can0 389#0000000000000000 0
(1698232899.587723) can0 38D#00000800000000AE 0
(1698232899.587725) can0 420#301418C8FC4F6A00 0
(1698232899.587727) can0 421#000000FFE37F00DE 0
(1698232899.588747) can0 340#1300000420004811 0
(1698232899.588749) can0 485#00000000 0
(1698232899.591934) can0 371#001E0000942B0010 0
(1698232899.592922) can0 251#DC02E713001CB77B 0
(1698232899.592923) can0 2B0#BEFE000747 0
(1698232899.592925) can0 372#29002500B8000000 0
(1698232899.592925) can0 53E#000000002000 0
(1698232899.593957) can0 153#208010FF00FF903E 0
(1698232899.593958) can0 160#00E9FF0A0000001C 0
(1698232899.593959) can0 130#C6785B7C00000FEA 0
(1698232899.593960) can0 140#AF7F006320000FDE 0
(1698232899.593962) can0 164#00080008 0
(1698232899.594980) can0 220#8BE37E00005F0C0E 0
(1698232899.594981) can0 394#F7030000F7231B81 0
(1698232899.594982) can0 470#1544405555581400 0
(1698232899.594983) can0 47F#200000000000 0
(1698232899.595976) can0 596#000000008E00FE64 0
(1698232899.597911) can0 386#3E051F053F451B45 0
(1698232899.598909) can0 387#E05F8B89005F0C00 0
(1698232899.599935) can0 340#1300000430005811 0
(1698232899.601918) can0 592#40EF350000032048 0
(1698232899.602956) can0 251#E202E8FF0021977B 0
(1698232899.602958) can0 2B0#BCFE010788 0
(1698232899.602959) can0 371#001E0000942A0010 0
(1698232899.602960) can0 381#8000390000743205 0
(1698232899.603976) can0 153#208010FF00FFA04E 0
(1698232899.603979) can0 130#D078877C000000AB 0
(1698232899.603980) can0 140#358000632000001C 0
(1698232899.603981) can0 160#00E9FF0A0000001C 0
(1698232899.603982) can0 164#0008020A 0
(1698232899.604945) can0 220#8CE37E0000620C12 0
(1698232899.604946) can0 372#29002500A2000000 0
(1698232899.604947) can0 4F1#403866F0 0
(1698232899.606750) can0 389#0000000000000000 0
(1698232899.607731) can0 38D#0000080000000080 0
(1698232899.607732) can0 340#1300000440006811 0
(1698232899.607733) can0 420#401418C8FC4F6A00 0
(1698232899.607734) can0 421#000000FFE37F00B0 0
(1698232899.608727) can0 50A#0A10000000000000 0
(1698232899.611913) can0 371#001E000093290010 0
(1698232899.612895) can0 251#E002E9CC001F677B 0
(1698232899.612897) can0 2B0#BBFE0107E9 0
(1698232899.612898) can0 372#29002500A2000000 0
(1698232899.612899) can0 470#14444015405C1400 0
(1698232899.614043) can0 153#208010FF00FFB05E 0
(1698232899.614045) can0 130#CE78777C0000019D 0
(1698232899.614046) can0 140#9980006320000174 0
(1698232899.614047) can0 160#00E9FF0A0000001C 0
(1698232899.614048) can0 164#0008040C 0
(1698232899.615049) can0 220#91A3800000670C2E 0
(1698232899.615050) can0 394#0524000005241981 0
(1698232899.615051) can0 47F#200000000000 0
(1698232899.617826) can0 340#1300000450007811 0
(1698232899.618705) can0 386#3E4524053F451A05 0
(1698232899.618708) can0 387#EB6A9593008A0D00 0
(1698232899.622025) can0 371#001E000093280010 0
(1698232899.622840) can0 251#E202EA110021A77B 0
(1698232899.622842) can0 2B0#BDFE0007AA 0
(1698232899.622843) can0 372#29002500B4000000 0
(1698232899.622844) can0 381#8000390000753305 0
(1698232899.623835) can0 153#208010FF00FFC06E 0
(1698232899.623836) can0 130#BE78527C000002AC 0
(1698232899.623837) can0 140#8080006320000265 0
(1698232899.623838) can0 160#00E9FF0A0000001C 0
(1698232899.623839) can0 164#0008060E 0
(1698232899.624834) can0 220#8F43820000660C3F 0
(1698232899.624835) can0 490#00000820000000 0
(1698232899.624836) can0 495#00000D10F5B02EA7 0
(1698232899.624837) can0 4F1#80386600 0
(1698232899.626647) can0 389#0000000000000000 0
(1698232899.627646) can0 38D#0000080000000071 0
(1698232899.627648) can0 420#501418C8FC4F6A00 0
(1698232899.627648) can0 421#000000FFE37F00A1 0
(1698232899.628648) can0 340#1300000460008811 0
(1698232899.631850) can0 2B0#BCFE0007AB 0
(1698232899.632849) can0 251#E802EB3C0025C77B 0
(1698232899.632851) can0 371#001E000093280010 0
(1698232899.632852) can0 372#29002500A6000000 0
(1698232899.632853) can0 412#0000000000000000 0
(1698232899.633822) can0 153#208010FF00FFD07E 0
(1698232899.633823) can0 130#B4782F7C000003C1 0
(1698232899.633824) can0 140#1C800063200003DB 0
(1698232899.633826) can0 160#00E9FF0A0000001C 0
(1698232899.634820) can0 164#00080800 0
(1698232899.634822) can0 220#8AE38100005E0C41 0
(1698232899.634823) can0 394#0F4400000F241381 0
(1698232899.634824) can0 436#00000000 0
(1698232899.634825) can0 47F#200000000000 0
(1698232899.635821) can0 470#1100005555200000 0
(1698232899.635822) can0 500#01 0
(1698232899.635823) can0 4C9#0000000001000000 0
(1698232899.635824) can0 520#0000000000000000 0
(1698232899.636844) can0 5C1#5F250A1063010009 0
(1698232899.636845) can0 5FF#600000C800C80000 0
(1698232899.637862) can0 340#1300000470009811 0
(1698232899.637864) can0 485#00000000 0
(1698232899.637865) can0 386#3F85210537051E05 0
(1698232899.638860) can0 387#F5749F9D00B30E00 0
(1698232899.641948) can0 371#001E000093270010 0
(1698232899.642945) can0 251#ED02EC77002AF77B 0
(1698232899.642947) can0 2B0#BBFE0107BC 0
(1698232899.642948) can0 372#2900250092000000 0
(1698232899.642949) can0 381#8048390000767C05 0
(1698232899.643989) can0 153#208010FF00FFE08E 0
(1698232899.643990) can0 130#BC782C7C000004FE 0
(1698232899.643991) can0 140#FC7F006320000491 0
(1698232899.643992) can0 160#00E8FF0A0000001D 0
(1698232899.643993) can0 164#00080A02 0
(1698232899.645009) can0 220#8643800000590C57 0
(1698232899.645011) can0 410#E012211880020020 0
(1698232899.645012) can0 50B#0000970000000000 0
(1698232899.645013) can0 4F1#A0386610 0
(1698232899.646027) can0 50C#00000000080000D0 0
(1698232899.647028) can0 389#0000000000000000 0
(1698232899.647030) can0 38D#0000080000000062 0
(1698232899.648027) can0 420#601418C8FC4F6A00 0
(1698232899.648028) can0 421#000000FFE37F0092 0
(1698232899.649069) can0 340#130000048000A811 0
(1698232899.651843) can0 371#001E000093270010 0
(1698232899.652903) can0 251#F702EDCA0031377C 0
(1698232899.652905) can0 2B0#BCFE0007CD 0
(1698232899.652907) can0 372#290025008A000000 0
(1698232899.652908) can0 470#0544405155641400 0
(1698232899.653893) can0 153#208010FF00FF00AE 0
(1698232899.653895) can0 130#C4788F7C00000565 0
(1698232899.653896) can0 140#3D800063200005A7 0
(1698232899.653897) can0 160#00E9FF0A0000001C 0
(1698232899.653898) can0 164#00080C04 0
(1698232899.654917) can0 220#86E37F00005D0C68 0
(1698232899.654919) can0 394#FF630000FF231581 0
(1698232899.654920) can0 47F#200000000000 0
(1698232899.654921) can0 507#00000001 0
(1698232899.655917) can0 50E#0000002000000000 0
(1698232899.655919) can0 541#0304418080080005 0
(1698232899.655920) can0 553#0001000201008000 0
(1698232899.656940) can0 593#441118181617 0
(1698232899.657975) can0 386#40C521053D851985 0
(1698232899.658979) can0 387#017EAAA700D00000 0
(1698232899.658981) can0 340#130000049000B811 0
(1698232899.661941) can0 371#001E000093270010 0
(1698232899.662936) can0 251#FA02EEE00033477C 0
(1698232899.662938) can0 2B0#BBFE00078E 0
(1698232899.662939) can0 372#2900250094000000 0
(1698232899.662940) can0 381#809839000077CD05 0
(1698232899.663996) can0 153#208010FF00FF10BE 0
(1698232899.663998) can0 130#C278977C00000608 0
(1698232899.663999) can0 140#3B80006320000653 0
(1698232899.664000) can0 160#00E9FF0A0000001C 0
(1698232899.664001) can0 164#00080E06 0
(1698232899.665001) can0 220#92C3800000610C7B 0
(1698232899.665002) can0 54B#0010000000870100 0
(1698232899.665003) can0 559#0000000000000000 0
(1698232899.665004) can0 4F1#A0386620 0
(1698232899.666018) can0 52A#2E00000006001C00 0
(1698232899.666943) can0 389#0000000000000000 0
(1698232899.666945) can0 340#13000004A000C811 0
(1698232899.668041) can0 38D#0000080000000053 0
(1698232899.668042) can0 420#701418C8FC4F6A00 0
(1698232899.668044) can0 421#000000FFE37F0083 0
(1698232899.671859) can0 371#001E000093270010 0
(1698232899.672871) can0 251#FC02EFF50035577C 0
(1698232899.672872) can0 2B0#BBFE01078F 0
(1698232899.672874) can0 372#2900250096000000 0
(1698232899.672875) can0 470#1544405555681400 0
(1698232899.673872) can0 153#208010FF00FF20CE 0
(1698232899.673874) can0 130#BE78317C00000725 0
(1698232899.673876) can0 140#F97F006320000782 0
(1698232899.673878) can0 160#00E9FF0A0000001C 0
(1698232899.674877) can0 164#00081018 0
(1698232899.674879) can0 220#93C3800000600C8B 0
(1698232899.674880) can0 394#0684000006241181 0
(1698232899.674881) can0 47F#200000000000 0
(1698232899.674882) can0 490#00000820000000 0
(1698232899.675893) can0 544#0000000000000000 0
(1698232899.677875) can0 340#13000004B000D811 0
(1698232899.678895) can0 386#46051F453D8522C5 0
(1698232899.678897) can0 387#0B88B4B100F90100 0
(1698232899.682014) can0 381#80A839000078DE05 0
(1698232899.683018) can0 251#FC02F0F60035577C 0
(1698232899.683020) can0 2B0#BCFE000710 0
(1698232899.683021) can0 371#001E000093270010 0
(1698232899.683022) can0 153#208010FF00FF30DE 0
(1698232899.684017) can0 160#00E9FF0A0000001C 0
(1698232899.684019) can0 130#B278197C00000893 0
(1698232899.684020) can0 140#EE7F00632000080E 0
(1698232899.684021) can0 164#0008121A 0
(1698232899.684022) can0 220#86E37F00005E0C9B 0
(1698232899.685019) can0 372#2900250090000000 0
(1698232899.685020) can0 436#00000000 0
(1698232899.685022) can0 595#0000B800E30E0000 0
(1698232899.685022) can0 4F1#80386630 0
(1698232899.686745) can0 389#0000000000000000 0
(1698232899.687744) can0 38D#0000080000000044 0
(1698232899.687747) can0 420#801418C8FC4F6A00 0
(1698232899.687748) can0 421#000000FFE37F0074 0
(1698232899.688709) can0 340#13000004C000E811 0
(1698232899.688710) can0 485#00000000 0
(1698232899.691884) can0 371#001E000093260010 0
(1698232899.692895) can0 251#FE02F11A0036777C 0
(1698232899.692897) can0 2B0#BBFE000771 0
(1698232899.692898) can0 372#2900250084000000 0
(1698232899.692899) can0 470#1544405555AC1400 0
(1698232899.693929) can0 153#208010FF00FF40EE 0
(1698232899.693931) can0 130#B2782D7C00000914 0
(1698232899.693932) can0 140#2D80006320000982 0
(1698232899.693933) can0 160#00EBFF0A0000001E 0
(1698232899.694934) can0 164#0008141C 0
(1698232899.694936) can0 220#83E37F0000580CA0 0
(1698232899.694937) can0 394#FFA30000FF231181 0